timestamp,episode_id,rpm,temperature,vibration_rms,current,machine_condition,fault_type,severity
2025-01-01 00:00:00,0,1481.8,54.98,1.723,12.22,NORMAL,bearing_degradation,0.0
2025-01-01 00:01:00,0,1479.1,54.92,1.747,12.33,NORMAL,bearing_degradation,0.0046
2025-01-01 00:02:00,0,1477.9,55.14,1.775,12.18,NORMAL,bearing_degradation,0.0091
2025-01-01 00:03:00,0,1482.1,54.95,1.841,12.61,NORMAL,bearing_degradation,0.0137
2025-01-01 00:04:00,0,1477.4,55.57,1.745,12.26,NORMAL,bearing_degradation,0.0183
2025-01-01 00:05:00,0,1479.4,55.87,1.746,11.92,NORMAL,bearing_degradation,0.0228
2025-01-01 00:06:00,0,1483.7,55.93,1.862,11.99,NORMAL,bearing_degradation,0.0274
2025-01-01 00:07:00,0,1480.6,55.99,1.841,12.4,NORMAL,bearing_degradation,0.032
2025-01-01 00:08:00,0,1483.4,56.27,1.833,12.27,NORMAL,bearing_degradation,0.0365
2025-01-01 00:09:00,0,1472.7,55.88,1.807,12.11,NORMAL,bearing_degradation,0.0411
2025-01-01 00:10:00,0,1478.6,56.37,1.96,12.03,NORMAL,bearing_degradation,0.0457
2025-01-01 00:11:00,0,1471.6,56.62,1.818,12.31,NORMAL,bearing_degradation,0.0502
2025-01-01 00:12:00,0,1483.6,56.32,1.916,12.21,NORMAL,bearing_degradation,0.0548
2025-01-01 00:13:00,0,1484.3,55.75,1.842,12.0,NORMAL,bearing_degradation,0.0594
2025-01-01 00:14:00,0,1475.4,56.19,1.905,12.37,NORMAL,bearing_degradation,0.0639
2025-01-01 00:15:00,0,1477.9,56.08,1.885,12.51,NORMAL,bearing_degradation,0.0685
2025-01-01 00:16:00,0,1482.3,55.97,1.824,12.29,NORMAL,bearing_degradation,0.0731
2025-01-01 00:17:00,0,1474.0,56.09,1.927,12.28,NORMAL,bearing_degradation,0.0776
2025-01-01 00:18:00,0,1482.4,56.16,1.931,12.58,NORMAL,bearing_degradation,0.0822
2025-01-01 00:19:00,0,1477.9,55.56,1.896,12.01,NORMAL,bearing_degradation,0.0868
2025-01-01 00:20:00,0,1473.4,55.34,1.827,12.54,NORMAL,bearing_degradation,0.0913
2025-01-01 00:21:00,0,1478.1,55.99,2.027,12.37,NORMAL,bearing_degradation,0.0959
2025-01-01 00:22:00,0,1475.3,56.02,1.91,12.23,NORMAL,bearing_degradation,0.1005
2025-01-01 00:23:00,0,1484.2,56.36,1.791,12.59,NORMAL,bearing_degradation,0.105
2025-01-01 00:24:00,0,1477.0,56.28,1.823,12.51,NORMAL,bearing_degradation,0.1096
2025-01-01 00:25:00,0,1481.2,56.37,1.956,12.9,NORMAL,bearing_degradation,0.1142
2025-01-01 00:26:00,0,1474.9,57.27,1.979,12.57,NORMAL,bearing_degradation,0.1187
2025-01-01 00:27:00,0,1484.2,56.78,2.004,12.88,NORMAL,bearing_degradation,0.1233
2025-01-01 00:28:00,0,1476.8,56.28,1.904,12.43,NORMAL,bearing_degradation,0.1279
2025-01-01 00:29:00,0,1483.2,56.06,1.974,12.16,NORMAL,bearing_degradation,0.1324
2025-01-01 00:30:00,0,1481.6,57.85,2.075,13.03,NORMAL,bearing_degradation,0.137
2025-01-01 00:31:00,0,1482.1,58.07,1.928,12.0,NORMAL,bearing_degradation,0.1416
2025-01-01 00:32:00,0,1475.9,58.07,1.987,12.38,NORMAL,bearing_degradation,0.1461
2025-01-01 00:33:00,0,1485.3,57.63,2.048,12.49,NORMAL,bearing_degradation,0.1507
2025-01-01 00:34:00,0,1471.6,58.68,2.002,12.52,NORMAL,bearing_degradation,0.1553
2025-01-01 00:35:00,0,1480.7,58.11,2.142,12.4,NORMAL,bearing_degradation,0.1598
2025-01-01 00:36:00,0,1475.2,57.83,2.003,13.06,NORMAL,bearing_degradation,0.1644
2025-01-01 00:37:00,0,1484.2,58.21,1.998,12.75,NORMAL,bearing_degradation,0.1689
2025-01-01 00:38:00,0,1479.2,58.58,2.085,12.35,NORMAL,bearing_degradation,0.1735
2025-01-01 00:39:00,0,1477.7,58.77,1.992,12.18,NORMAL,bearing_degradation,0.1781
2025-01-01 00:40:00,0,1487.9,59.0,2.127,12.46,NORMAL,bearing_degradation,0.1826
2025-01-01 00:41:00,0,1486.5,59.63,2.144,12.38,NORMAL,bearing_degradation,0.1872
2025-01-01 00:42:00,0,1482.1,59.01,2.274,12.52,NORMAL,bearing_degradation,0.1918
2025-01-01 00:43:00,0,1473.2,59.02,2.297,12.89,NORMAL,bearing_degradation,0.1963
2025-01-01 00:44:00,0,1478.1,58.69,2.293,12.17,NORMAL,bearing_degradation,0.2009
2025-01-01 00:45:00,0,1483.2,58.79,2.137,12.43,NORMAL,bearing_degradation,0.2055
2025-01-01 00:46:00,0,1481.7,59.29,2.314,12.44,NORMAL,bearing_degradation,0.21
2025-01-01 00:47:00,0,1469.7,58.8,2.193,12.19,NORMAL,bearing_degradation,0.2146
2025-01-01 00:48:00,0,1475.6,58.35,2.18,12.61,NORMAL,bearing_degradation,0.2192
2025-01-01 00:49:00,0,1480.2,59.14,2.178,12.29,NORMAL,bearing_degradation,0.2237
2025-01-01 00:50:00,0,1482.7,58.98,2.361,12.31,NORMAL,bearing_degradation,0.2283
2025-01-01 00:51:00,0,1478.9,58.67,2.272,12.37,NORMAL,bearing_degradation,0.2329
2025-01-01 00:52:00,0,1480.5,59.9,2.284,12.94,NORMAL,bearing_degradation,0.2374
2025-01-01 00:53:00,0,1475.7,59.73,2.249,11.93,NORMAL,bearing_degradation,0.242
2025-01-01 00:54:00,0,1481.6,59.57,2.404,12.09,NORMAL,bearing_degradation,0.2466
2025-01-01 00:55:00,0,1469.3,59.51,2.288,11.98,NORMAL,bearing_degradation,0.2511
2025-01-01 00:56:00,0,1475.6,59.0,2.308,11.79,NORMAL,bearing_degradation,0.2557
2025-01-01 00:57:00,0,1490.6,60.24,2.208,11.93,NORMAL,bearing_degradation,0.2603
2025-01-01 00:58:00,0,1494.5,60.56,2.232,12.09,NORMAL,bearing_degradation,0.2648
2025-01-01 00:59:00,0,1488.6,61.07,2.264,12.1,NORMAL,bearing_degradation,0.2694
2025-01-01 01:00:00,0,1482.2,60.44,2.337,12.11,NORMAL,bearing_degradation,0.274
2025-01-01 01:01:00,0,1478.8,60.33,2.362,12.18,NORMAL,bearing_degradation,0.2785
2025-01-01 01:02:00,0,1482.4,60.71,2.502,12.14,NORMAL,bearing_degradation,0.2831
2025-01-01 01:03:00,0,1480.3,61.03,2.417,11.9,NORMAL,bearing_degradation,0.2877
2025-01-01 01:04:00,0,1479.5,61.35,2.639,12.45,NORMAL,bearing_degradation,0.2922
2025-01-01 01:05:00,0,1476.2,61.58,2.336,12.34,NORMAL,bearing_degradation,0.2968
2025-01-01 01:06:00,0,1482.4,61.89,2.288,12.25,NORMAL,bearing_degradation,0.3014
2025-01-01 01:07:00,0,1474.4,61.97,2.43,12.06,NORMAL,bearing_degradation,0.3059
2025-01-01 01:08:00,0,1478.5,62.11,2.482,11.91,NORMAL,bearing_degradation,0.3105
2025-01-01 01:09:00,0,1487.4,62.26,2.248,11.9,NORMAL,bearing_degradation,0.3151
2025-01-01 01:10:00,0,1481.5,62.48,2.485,11.5,NORMAL,bearing_degradation,0.3196
2025-01-01 01:11:00,0,1488.6,62.36,2.382,12.14,NORMAL,bearing_degradation,0.3242
2025-01-01 01:12:00,0,1479.7,63.09,2.446,11.82,NORMAL,bearing_degradation,0.3288
2025-01-01 01:13:00,0,1482.9,63.3,2.748,12.18,NORMAL,bearing_degradation,0.3333
2025-01-01 01:14:00,0,1488.7,63.13,2.631,12.08,NORMAL,bearing_degradation,0.3379
2025-01-01 01:15:00,0,1480.3,62.57,2.529,12.11,NORMAL,bearing_degradation,0.3425
2025-01-01 01:16:00,0,1483.9,63.08,2.598,12.14,NORMAL,bearing_degradation,0.347
2025-01-01 01:17:00,0,1489.1,63.13,2.711,11.44,WARNING,bearing_degradation,0.3516
2025-01-01 01:18:00,0,1474.1,63.54,2.596,12.2,WARNING,bearing_degradation,0.3562
2025-01-01 01:19:00,0,1476.5,62.99,2.559,11.82,WARNING,bearing_degradation,0.3607
2025-01-01 01:20:00,0,1476.6,63.46,2.716,12.09,WARNING,bearing_degradation,0.3653
2025-01-01 01:21:00,0,1468.5,63.78,2.732,11.82,WARNING,bearing_degradation,0.3699
2025-01-01 01:22:00,0,1488.1,64.17,2.495,11.64,WARNING,bearing_degradation,0.3744
2025-01-01 01:23:00,0,1472.1,64.65,2.893,11.88,WARNING,bearing_degradation,0.379
2025-01-01 01:24:00,0,1477.1,64.78,2.838,12.05,WARNING,bearing_degradation,0.3836
2025-01-01 01:25:00,0,1481.2,64.73,2.797,11.56,WARNING,bearing_degradation,0.3881
2025-01-01 01:26:00,0,1479.2,64.26,2.826,12.03,WARNING,bearing_degradation,0.3927
2025-01-01 01:27:00,0,1479.4,64.0,2.965,11.59,WARNING,bearing_degradation,0.3973
2025-01-01 01:28:00,0,1481.0,64.88,2.912,11.78,WARNING,bearing_degradation,0.4018
2025-01-01 01:29:00,0,1484.3,66.16,2.93,11.92,WARNING,bearing_degradation,0.4064
2025-01-01 01:30:00,0,1479.0,65.89,2.63,12.18,WARNING,bearing_degradation,0.411
2025-01-01 01:31:00,0,1480.5,65.29,3.018,11.39,WARNING,bearing_degradation,0.4155
2025-01-01 01:32:00,0,1472.0,65.7,2.8,11.9,WARNING,bearing_degradation,0.4201
2025-01-01 01:33:00,0,1481.4,65.84,2.747,11.23,WARNING,bearing_degradation,0.4247
2025-01-01 01:34:00,0,1477.6,66.03,2.977,11.99,WARNING,bearing_degradation,0.4292
2025-01-01 01:35:00,0,1483.8,65.81,2.969,11.95,WARNING,bearing_degradation,0.4338
2025-01-01 01:36:00,0,1479.1,65.81,2.984,12.04,WARNING,bearing_degradation,0.4384
2025-01-01 01:37:00,0,1482.6,66.45,2.948,11.82,WARNING,bearing_degradation,0.4429
2025-01-01 01:38:00,0,1470.0,65.45,2.847,11.49,WARNING,bearing_degradation,0.4475
2025-01-01 01:39:00,0,1476.6,65.9,3.103,11.81,WARNING,bearing_degradation,0.4521
2025-01-01 01:40:00,0,1485.4,66.89,3.19,11.88,WARNING,bearing_degradation,0.4566
2025-01-01 01:41:00,0,1480.5,66.35,2.954,11.76,WARNING,bearing_degradation,0.4612
2025-01-01 01:42:00,0,1475.6,67.53,3.029,12.13,WARNING,bearing_degradation,0.4658
2025-01-01 01:43:00,0,1473.1,67.95,3.137,11.69,WARNING,bearing_degradation,0.4703
2025-01-01 01:44:00,0,1479.3,67.8,2.891,12.2,WARNING,bearing_degradation,0.4749
2025-01-01 01:45:00,0,1477.3,68.23,3.0,11.83,WARNING,bearing_degradation,0.4795
2025-01-01 01:46:00,0,1479.1,69.08,3.187,12.11,WARNING,bearing_degradation,0.484
2025-01-01 01:47:00,0,1478.3,69.01,2.987,12.31,WARNING,bearing_degradation,0.4886
2025-01-01 01:48:00,0,1485.6,69.33,3.232,12.03,WARNING,bearing_degradation,0.4932
2025-01-01 01:49:00,0,1489.8,69.55,3.458,12.11,WARNING,bearing_degradation,0.4977
2025-01-01 01:50:00,0,1485.4,69.68,3.12,12.2,WARNING,bearing_degradation,0.5023
2025-01-01 01:51:00,0,1481.6,68.81,3.141,11.75,WARNING,bearing_degradation,0.5068
2025-01-01 01:52:00,0,1474.4,70.11,3.206,12.1,WARNING,bearing_degradation,0.5114
2025-01-01 01:53:00,0,1485.5,70.09,3.163,12.29,WARNING,bearing_degradation,0.516
2025-01-01 01:54:00,0,1478.6,70.15,3.325,12.38,WARNING,bearing_degradation,0.5205
2025-01-01 01:55:00,0,1485.3,71.71,3.179,12.26,WARNING,bearing_degradation,0.5251
2025-01-01 01:56:00,0,1481.1,72.06,3.523,12.31,WARNING,bearing_degradation,0.5297
2025-01-01 01:57:00,0,1479.7,72.33,3.34,12.12,WARNING,bearing_degradation,0.5342
2025-01-01 01:58:00,0,1475.7,72.57,3.467,12.62,WARNING,bearing_degradation,0.5388
2025-01-01 01:59:00,0,1478.6,73.1,3.46,12.3,WARNING,bearing_degradation,0.5434
2025-01-01 02:00:00,0,1470.8,72.38,3.379,11.91,WARNING,bearing_degradation,0.5479
2025-01-01 02:01:00,0,1486.8,71.8,3.558,12.26,WARNING,bearing_degradation,0.5525
2025-01-01 02:02:00,0,1465.2,72.32,3.393,13.07,WARNING,bearing_degradation,0.5571
2025-01-01 02:03:00,0,1477.2,72.44,3.544,12.11,WARNING,bearing_degradation,0.5616
2025-01-01 02:04:00,0,1480.5,72.9,3.493,12.72,WARNING,bearing_degradation,0.5662
2025-01-01 02:05:00,0,1483.3,73.98,3.434,12.78,WARNING,bearing_degradation,0.5708
2025-01-01 02:06:00,0,1475.1,74.03,3.428,12.92,WARNING,bearing_degradation,0.5753
2025-01-01 02:07:00,0,1487.0,74.28,3.508,12.98,WARNING,bearing_degradation,0.5799
2025-01-01 02:08:00,0,1481.3,73.99,3.796,12.55,WARNING,bearing_degradation,0.5845
2025-01-01 02:09:00,0,1477.8,74.58,3.669,12.28,WARNING,bearing_degradation,0.589
2025-01-01 02:10:00,0,1477.3,74.41,3.784,12.1,WARNING,bearing_degradation,0.5936
2025-01-01 02:11:00,0,1471.6,74.61,3.539,12.79,WARNING,bearing_degradation,0.5982
2025-01-01 02:12:00,0,1478.7,74.41,3.65,12.8,WARNING,bearing_degradation,0.6027
2025-01-01 02:13:00,0,1483.5,75.07,3.784,12.87,WARNING,bearing_degradation,0.6073
2025-01-01 02:14:00,0,1481.5,75.24,3.994,12.78,WARNING,bearing_degradation,0.6119
2025-01-01 02:15:00,0,1476.2,75.13,3.593,12.51,WARNING,bearing_degradation,0.6164
2025-01-01 02:16:00,0,1479.6,75.14,3.804,12.86,WARNING,bearing_degradation,0.621
2025-01-01 02:17:00,0,1484.5,75.25,3.882,12.83,WARNING,bearing_degradation,0.6256
2025-01-01 02:18:00,0,1482.7,75.68,3.827,12.53,WARNING,bearing_degradation,0.6301
2025-01-01 02:19:00,0,1481.3,75.39,3.696,12.96,WARNING,bearing_degradation,0.6347
2025-01-01 02:20:00,0,1486.7,76.09,4.021,12.86,WARNING,bearing_degradation,0.6393
2025-01-01 02:21:00,0,1468.0,76.01,3.702,12.87,WARNING,bearing_degradation,0.6438
2025-01-01 02:22:00,0,1483.6,76.1,4.173,12.67,WARNING,bearing_degradation,0.6484
2025-01-01 02:23:00,0,1481.2,76.76,4.141,12.67,WARNING,bearing_degradation,0.653
2025-01-01 02:24:00,0,1489.1,77.03,3.695,12.67,WARNING,bearing_degradation,0.6575
2025-01-01 02:25:00,0,1477.4,76.62,4.073,13.06,WARNING,bearing_degradation,0.6621
2025-01-01 02:26:00,0,1482.6,76.88,3.893,13.33,WARNING,bearing_degradation,0.6667
2025-01-01 02:27:00,0,1476.8,77.68,4.079,13.21,WARNING,bearing_degradation,0.6712
2025-01-01 02:28:00,0,1471.6,78.29,4.101,12.77,WARNING,bearing_degradation,0.6758
2025-01-01 02:29:00,0,1472.9,78.09,4.111,12.84,WARNING,bearing_degradation,0.6804
2025-01-01 02:30:00,0,1483.6,79.33,4.103,12.89,WARNING,bearing_degradation,0.6849
2025-01-01 02:31:00,0,1477.8,79.39,4.095,13.12,WARNING,bearing_degradation,0.6895
2025-01-01 02:32:00,0,1482.4,80.47,4.033,12.95,WARNING,bearing_degradation,0.6941
2025-01-01 02:33:00,0,1474.8,82.01,3.774,13.46,WARNING,bearing_degradation,0.6986
2025-01-01 02:34:00,0,1478.0,81.94,3.867,12.98,FAULT,bearing_degradation,0.7032
2025-01-01 02:35:00,0,1479.1,82.33,4.013,13.2,FAULT,bearing_degradation,0.7078
2025-01-01 02:36:00,0,1472.5,82.52,4.311,13.57,FAULT,bearing_degradation,0.7123
2025-01-01 02:37:00,0,1478.3,81.76,4.206,13.21,FAULT,bearing_degradation,0.7169
2025-01-01 02:38:00,0,1480.8,81.93,4.191,13.51,FAULT,bearing_degradation,0.7215
2025-01-01 02:39:00,0,1488.3,82.36,4.104,13.19,FAULT,bearing_degradation,0.726
2025-01-01 02:40:00,0,1475.7,82.44,4.325,13.34,FAULT,bearing_degradation,0.7306
2025-01-01 02:41:00,0,1471.5,82.53,4.319,12.81,FAULT,bearing_degradation,0.7352
2025-01-01 02:42:00,0,1479.6,83.06,4.078,12.62,FAULT,bearing_degradation,0.7397
2025-01-01 02:43:00,0,1477.4,83.44,3.966,13.21,FAULT,bearing_degradation,0.7443
2025-01-01 02:44:00,0,1476.4,83.83,4.184,13.21,FAULT,bearing_degradation,0.7489
2025-01-01 02:45:00,0,1491.9,83.94,4.482,13.09,FAULT,bearing_degradation,0.7534
2025-01-01 02:46:00,0,1484.1,83.89,4.539,13.29,FAULT,bearing_degradation,0.758
2025-01-01 02:47:00,0,1477.8,84.89,4.387,13.17,FAULT,bearing_degradation,0.7626
2025-01-01 02:48:00,0,1477.7,84.91,4.419,13.03,FAULT,bearing_degradation,0.7671
2025-01-01 02:49:00,0,1484.8,84.69,4.148,12.73,FAULT,bearing_degradation,0.7717
2025-01-01 02:50:00,0,1468.4,84.83,4.38,12.7,FAULT,bearing_degradation,0.7763
2025-01-01 02:51:00,0,1485.6,85.05,4.52,12.65,FAULT,bearing_degradation,0.7808
2025-01-01 02:52:00,0,1485.2,85.58,4.425,12.66,FAULT,bearing_degradation,0.7854
2025-01-01 02:53:00,0,1478.9,86.14,4.715,12.87,FAULT,bearing_degradation,0.79
2025-01-01 02:54:00,0,1474.8,85.69,4.631,12.8,FAULT,bearing_degradation,0.7945
2025-01-01 02:55:00,0,1472.2,85.44,4.771,12.75,FAULT,bearing_degradation,0.7991
2025-01-01 02:56:00,0,1479.5,85.02,4.87,12.25,FAULT,bearing_degradation,0.8037
2025-01-01 02:57:00,0,1475.4,85.83,4.951,12.87,FAULT,bearing_degradation,0.8082
2025-01-01 02:58:00,0,1474.3,86.2,4.543,12.89,FAULT,bearing_degradation,0.8128
2025-01-01 02:59:00,0,1482.7,86.59,4.724,12.83,FAULT,bearing_degradation,0.8174
2025-01-01 03:00:00,0,1483.9,85.76,4.917,12.34,FAULT,bearing_degradation,0.8219
2025-01-01 03:01:00,0,1485.0,85.28,5.008,12.47,FAULT,bearing_degradation,0.8265
2025-01-01 03:02:00,0,1480.5,86.09,4.989,13.16,FAULT,bearing_degradation,0.8311
2025-01-01 03:03:00,0,1478.1,86.41,4.702,12.69,FAULT,bearing_degradation,0.8356
2025-01-01 03:04:00,0,1474.9,87.43,5.234,13.12,FAULT,bearing_degradation,0.8402
2025-01-01 03:05:00,0,1475.4,87.99,5.054,12.81,FAULT,bearing_degradation,0.8447
2025-01-01 03:06:00,0,1486.2,88.6,5.041,12.82,FAULT,bearing_degradation,0.8493
2025-01-01 03:07:00,0,1481.7,88.55,4.645,12.64,FAULT,bearing_degradation,0.8539
2025-01-01 03:08:00,0,1473.6,89.5,5.277,13.03,FAULT,bearing_degradation,0.8584
2025-01-01 03:09:00,0,1481.3,89.77,5.245,12.59,FAULT,bearing_degradation,0.863
2025-01-01 03:10:00,0,1474.5,89.28,5.103,12.58,FAULT,bearing_degradation,0.8676
2025-01-01 03:11:00,0,1479.7,90.0,5.044,13.0,FAULT,bearing_degradation,0.8721
2025-01-01 03:12:00,0,1480.1,90.1,5.128,12.55,FAULT,bearing_degradation,0.8767
2025-01-01 03:13:00,0,1474.6,89.7,5.082,12.34,FAULT,bearing_degradation,0.8813
2025-01-01 03:14:00,0,1482.6,89.96,5.205,12.07,FAULT,bearing_degradation,0.8858
2025-01-01 03:15:00,0,1485.0,90.3,5.352,12.76,FAULT,bearing_degradation,0.8904
2025-01-01 03:16:00,0,1475.8,90.8,4.99,12.58,FAULT,bearing_degradation,0.895
2025-01-01 03:17:00,0,1486.4,90.45,5.413,12.45,FAULT,bearing_degradation,0.8995
2025-01-01 03:18:00,0,1478.4,90.52,5.278,12.42,FAULT,bearing_degradation,0.9041
2025-01-01 03:19:00,0,1481.3,91.07,5.172,12.31,FAULT,bearing_degradation,0.9087
2025-01-01 03:20:00,0,1478.0,90.85,5.336,12.53,FAULT,bearing_degradation,0.9132
2025-01-01 03:21:00,0,1477.6,90.22,5.584,12.16,FAULT,bearing_degradation,0.9178
2025-01-01 03:22:00,0,1470.7,90.72,5.349,12.46,FAULT,bearing_degradation,0.9224
2025-01-01 03:23:00,0,1486.1,92.03,4.87,12.54,FAULT,bearing_degradation,0.9269
2025-01-01 03:24:00,0,1474.4,91.95,5.325,12.25,FAULT,bearing_degradation,0.9315
2025-01-01 03:25:00,0,1478.4,92.21,5.692,12.9,FAULT,bearing_degradation,0.9361
2025-01-01 03:26:00,0,1489.5,92.59,5.456,12.88,FAULT,bearing_degradation,0.9406
2025-01-01 03:27:00,0,1480.7,93.43,5.545,13.24,FAULT,bearing_degradation,0.9452
2025-01-01 03:28:00,0,1476.5,93.52,5.688,12.36,FAULT,bearing_degradation,0.9498
2025-01-01 03:29:00,0,1484.5,93.89,5.535,12.52,FAULT,bearing_degradation,0.9543
2025-01-01 03:30:00,0,1481.7,94.58,5.638,11.97,FAULT,bearing_degradation,0.9589
2025-01-01 03:31:00,0,1475.1,94.92,5.304,12.45,FAULT,bearing_degradation,0.9635
2025-01-01 03:32:00,0,1476.5,95.01,5.771,12.14,FAULT,bearing_degradation,0.968
2025-01-01 03:33:00,0,1477.1,94.83,5.628,12.55,FAULT,bearing_degradation,0.9726
2025-01-01 03:34:00,0,1483.6,94.25,5.676,12.02,FAULT,bearing_degradation,0.9772
2025-01-01 03:35:00,0,1479.9,94.77,5.647,12.48,FAULT,bearing_degradation,0.9817
2025-01-01 03:36:00,0,1481.1,94.69,5.905,12.25,FAULT,bearing_degradation,0.9863
2025-01-01 03:37:00,0,1474.5,95.04,5.803,12.85,FAULT,bearing_degradation,0.9909
2025-01-01 03:38:00,0,1467.5,95.32,5.433,12.35,FAULT,bearing_degradation,0.9954
2025-01-01 03:39:00,0,1478.0,96.41,5.808,12.49,FAULT,bearing_degradation,1.0
2025-01-01 03:40:00,1,1476.6,54.23,1.731,12.12,NORMAL,overload,0.0
2025-01-01 03:41:00,1,1481.9,55.15,1.809,11.99,NORMAL,overload,0.0046
2025-01-01 03:42:00,1,1476.8,54.51,1.966,12.0,NORMAL,overload,0.0091
2025-01-01 03:43:00,1,1480.3,54.81,1.715,11.9,NORMAL,overload,0.0137
2025-01-01 03:44:00,1,1482.6,55.46,1.753,12.36,NORMAL,overload,0.0183
2025-01-01 03:45:00,1,1487.0,54.5,1.846,12.49,NORMAL,overload,0.0228
2025-01-01 03:46:00,1,1478.1,54.35,1.735,12.21,NORMAL,overload,0.0274
2025-01-01 03:47:00,1,1478.8,54.73,1.957,12.17,NORMAL,overload,0.032
2025-01-01 03:48:00,1,1478.4,55.08,1.813,12.24,NORMAL,overload,0.0365
2025-01-01 03:49:00,1,1485.3,55.47,1.941,12.35,NORMAL,overload,0.0411
2025-01-01 03:50:00,1,1473.7,55.95,1.803,12.54,NORMAL,overload,0.0457
2025-01-01 03:51:00,1,1480.4,56.54,1.882,12.46,NORMAL,overload,0.0502
2025-01-01 03:52:00,1,1480.7,54.99,1.784,12.45,NORMAL,overload,0.0548
2025-01-01 03:53:00,1,1481.0,55.37,1.521,11.97,NORMAL,overload,0.0594
2025-01-01 03:54:00,1,1481.4,56.17,1.723,12.25,NORMAL,overload,0.0639
2025-01-01 03:55:00,1,1476.5,56.38,1.999,12.46,NORMAL,overload,0.0685
2025-01-01 03:56:00,1,1486.9,56.31,1.83,12.23,NORMAL,overload,0.0731
2025-01-01 03:57:00,1,1478.5,55.95,1.712,12.45,NORMAL,overload,0.0776
2025-01-01 03:58:00,1,1483.2,55.97,1.826,12.47,NORMAL,overload,0.0822
2025-01-01 03:59:00,1,1479.6,55.54,1.875,12.32,NORMAL,overload,0.0868
2025-01-01 04:00:00,1,1483.9,55.93,1.794,12.24,NORMAL,overload,0.0913
2025-01-01 04:01:00,1,1480.5,56.42,1.706,12.68,NORMAL,overload,0.0959
2025-01-01 04:02:00,1,1480.0,56.64,1.883,12.29,NORMAL,overload,0.1005
2025-01-01 04:03:00,1,1476.4,57.42,1.795,12.89,NORMAL,overload,0.105
2025-01-01 04:04:00,1,1486.8,57.53,1.943,12.66,NORMAL,overload,0.1096
2025-01-01 04:05:00,1,1481.5,57.87,1.848,12.75,NORMAL,overload,0.1142
2025-01-01 04:06:00,1,1477.2,58.07,1.782,12.63,NORMAL,overload,0.1187
2025-01-01 04:07:00,1,1477.4,57.75,1.871,12.92,NORMAL,overload,0.1233
2025-01-01 04:08:00,1,1481.0,58.4,1.877,12.47,NORMAL,overload,0.1279
2025-01-01 04:09:00,1,1474.6,57.73,1.713,12.53,NORMAL,overload,0.1324
2025-01-01 04:10:00,1,1477.2,57.99,1.828,12.73,NORMAL,overload,0.137
2025-01-01 04:11:00,1,1478.5,58.22,1.879,12.93,NORMAL,overload,0.1416
2025-01-01 04:12:00,1,1466.1,58.14,1.826,12.3,NORMAL,overload,0.1461
2025-01-01 04:13:00,1,1476.5,58.16,1.944,13.15,NORMAL,overload,0.1507
2025-01-01 04:14:00,1,1473.8,58.09,1.901,12.74,NORMAL,overload,0.1553
2025-01-01 04:15:00,1,1481.1,58.38,1.818,13.08,NORMAL,overload,0.1598
2025-01-01 04:16:00,1,1471.2,58.35,1.947,13.06,NORMAL,overload,0.1644
2025-01-01 04:17:00,1,1472.0,58.55,1.799,12.77,NORMAL,overload,0.1689
2025-01-01 04:18:00,1,1470.9,58.36,1.908,12.6,NORMAL,overload,0.1735
2025-01-01 04:19:00,1,1476.0,59.04,2.076,12.57,NORMAL,overload,0.1781
2025-01-01 04:20:00,1,1476.1,59.11,1.912,12.95,NORMAL,overload,0.1826
2025-01-01 04:21:00,1,1474.4,59.53,2.001,12.81,NORMAL,overload,0.1872
2025-01-01 04:22:00,1,1471.7,59.55,1.879,12.67,NORMAL,overload,0.1918
2025-01-01 04:23:00,1,1482.0,58.79,1.881,12.89,NORMAL,overload,0.1963
2025-01-01 04:24:00,1,1473.5,58.82,1.758,12.71,NORMAL,overload,0.2009
2025-01-01 04:25:00,1,1481.0,59.46,2.126,12.8,NORMAL,overload,0.2055
2025-01-01 04:26:00,1,1475.4,59.33,1.884,13.06,NORMAL,overload,0.21
2025-01-01 04:27:00,1,1474.6,58.42,1.866,12.6,NORMAL,overload,0.2146
2025-01-01 04:28:00,1,1477.1,58.43,1.88,12.8,NORMAL,overload,0.2192
2025-01-01 04:29:00,1,1477.6,59.05,1.921,12.79,NORMAL,overload,0.2237
2025-01-01 04:30:00,1,1481.4,59.6,1.95,13.19,NORMAL,overload,0.2283
2025-01-01 04:31:00,1,1478.9,59.71,1.964,13.1,NORMAL,overload,0.2329
2025-01-01 04:32:00,1,1467.6,59.15,1.974,12.61,NORMAL,overload,0.2374
2025-01-01 04:33:00,1,1479.4,58.95,1.989,13.32,NORMAL,overload,0.242
2025-01-01 04:34:00,1,1466.9,58.96,1.902,12.97,NORMAL,overload,0.2466
2025-01-01 04:35:00,1,1478.1,58.44,1.896,13.03,NORMAL,overload,0.2511
2025-01-01 04:36:00,1,1474.5,58.38,1.93,12.75,NORMAL,overload,0.2557
2025-01-01 04:37:00,1,1471.1,58.4,1.91,13.38,NORMAL,overload,0.2603
2025-01-01 04:38:00,1,1470.6,58.35,1.76,12.71,NORMAL,overload,0.2648
2025-01-01 04:39:00,1,1468.2,59.09,2.056,12.89,NORMAL,overload,0.2694
2025-01-01 04:40:00,1,1471.7,59.08,1.947,12.91,NORMAL,overload,0.274
2025-01-01 04:41:00,1,1479.8,58.81,1.751,12.43,NORMAL,overload,0.2785
2025-01-01 04:42:00,1,1471.0,58.66,2.009,13.05,NORMAL,overload,0.2831
2025-01-01 04:43:00,1,1475.8,59.22,2.041,12.97,NORMAL,overload,0.2877
2025-01-01 04:44:00,1,1471.9,59.27,1.91,13.1,NORMAL,overload,0.2922
2025-01-01 04:45:00,1,1470.3,58.56,2.087,12.31,NORMAL,overload,0.2968
2025-01-01 04:46:00,1,1464.1,57.92,1.935,12.86,NORMAL,overload,0.3014
2025-01-01 04:47:00,1,1464.9,59.04,1.896,13.54,NORMAL,overload,0.3059
2025-01-01 04:48:00,1,1467.6,58.15,1.942,12.64,NORMAL,overload,0.3105
2025-01-01 04:49:00,1,1468.8,57.55,1.892,12.91,NORMAL,overload,0.3151
2025-01-01 04:50:00,1,1465.3,58.06,1.993,13.03,NORMAL,overload,0.3196
2025-01-01 04:51:00,1,1462.3,58.61,2.058,12.74,NORMAL,overload,0.3242
2025-01-01 04:52:00,1,1468.6,58.95,1.871,12.86,NORMAL,overload,0.3288
2025-01-01 04:53:00,1,1471.5,59.58,1.98,13.33,NORMAL,overload,0.3333
2025-01-01 04:54:00,1,1466.9,60.6,2.061,13.44,NORMAL,overload,0.3379
2025-01-01 04:55:00,1,1461.8,59.97,1.921,13.33,NORMAL,overload,0.3425
2025-01-01 04:56:00,1,1461.1,59.92,1.963,13.08,NORMAL,overload,0.347
2025-01-01 04:57:00,1,1464.2,59.5,1.95,12.8,WARNING,overload,0.3516
2025-01-01 04:58:00,1,1478.7,59.35,2.038,13.21,WARNING,overload,0.3562
2025-01-01 04:59:00,1,1466.1,58.79,1.955,12.34,WARNING,overload,0.3607
2025-01-01 05:00:00,1,1457.7,59.68,1.826,12.72,WARNING,overload,0.3653
2025-01-01 05:01:00,1,1466.3,60.18,2.137,13.14,WARNING,overload,0.3699
2025-01-01 05:02:00,1,1461.7,59.94,2.075,13.23,WARNING,overload,0.3744
2025-01-01 05:03:00,1,1468.8,59.48,2.083,12.93,WARNING,overload,0.379
2025-01-01 05:04:00,1,1459.8,59.27,2.045,13.17,WARNING,overload,0.3836
2025-01-01 05:05:00,1,1465.6,60.28,2.092,13.26,WARNING,overload,0.3881
2025-01-01 05:06:00,1,1471.6,60.11,1.959,13.55,WARNING,overload,0.3927
2025-01-01 05:07:00,1,1470.2,59.34,2.056,13.05,WARNING,overload,0.3973
2025-01-01 05:08:00,1,1463.9,60.37,1.918,13.42,WARNING,overload,0.4018
2025-01-01 05:09:00,1,1460.5,60.19,2.086,13.02,WARNING,overload,0.4064
2025-01-01 05:10:00,1,1468.1,60.13,2.06,13.67,WARNING,overload,0.411
2025-01-01 05:11:00,1,1468.9,60.11,2.076,13.46,WARNING,overload,0.4155
2025-01-01 05:12:00,1,1463.4,60.67,2.062,13.08,WARNING,overload,0.4201
2025-01-01 05:13:00,1,1466.6,61.56,2.129,13.71,WARNING,overload,0.4247
2025-01-01 05:14:00,1,1461.3,61.62,2.114,13.2,WARNING,overload,0.4292
2025-01-01 05:15:00,1,1459.9,61.57,2.229,13.48,WARNING,overload,0.4338
2025-01-01 05:16:00,1,1468.6,62.06,1.898,12.93,WARNING,overload,0.4384
2025-01-01 05:17:00,1,1462.6,62.09,2.117,13.14,WARNING,overload,0.4429
2025-01-01 05:18:00,1,1472.1,61.93,2.173,13.55,WARNING,overload,0.4475
2025-01-01 05:19:00,1,1459.8,62.46,1.914,13.61,WARNING,overload,0.4521
2025-01-01 05:20:00,1,1453.6,62.02,2.05,13.3,WARNING,overload,0.4566
2025-01-01 05:21:00,1,1461.5,62.53,1.927,13.79,WARNING,overload,0.4612
2025-01-01 05:22:00,1,1459.7,63.23,1.896,13.43,WARNING,overload,0.4658
2025-01-01 05:23:00,1,1446.8,63.64,2.091,13.43,WARNING,overload,0.4703
2025-01-01 05:24:00,1,1457.0,64.53,2.164,13.91,WARNING,overload,0.4749
2025-01-01 05:25:00,1,1459.1,64.98,2.166,13.45,WARNING,overload,0.4795
2025-01-01 05:26:00,1,1456.0,64.02,2.086,13.86,WARNING,overload,0.484
2025-01-01 05:27:00,1,1460.7,63.21,2.229,13.99,WARNING,overload,0.4886
2025-01-01 05:28:00,1,1458.6,62.81,2.213,13.5,WARNING,overload,0.4932
2025-01-01 05:29:00,1,1463.3,63.96,2.176,14.12,WARNING,overload,0.4977
2025-01-01 05:30:00,1,1461.0,63.93,2.216,14.75,WARNING,overload,0.5023
2025-01-01 05:31:00,1,1454.4,63.77,2.2,14.24,WARNING,overload,0.5068
2025-01-01 05:32:00,1,1452.9,63.56,2.376,14.26,WARNING,overload,0.5114
2025-01-01 05:33:00,1,1462.3,64.06,2.161,14.17,WARNING,overload,0.516
2025-01-01 05:34:00,1,1451.0,64.47,2.208,14.77,WARNING,overload,0.5205
2025-01-01 05:35:00,1,1455.3,64.48,2.134,14.25,WARNING,overload,0.5251
2025-01-01 05:36:00,1,1455.0,65.08,2.269,13.97,WARNING,overload,0.5297
2025-01-01 05:37:00,1,1454.7,65.85,2.225,14.18,WARNING,overload,0.5342
2025-01-01 05:38:00,1,1462.5,66.28,2.284,14.14,WARNING,overload,0.5388
2025-01-01 05:39:00,1,1458.0,66.44,2.053,14.57,WARNING,overload,0.5434
2025-01-01 05:40:00,1,1458.4,67.16,2.222,14.71,WARNING,overload,0.5479
2025-01-01 05:41:00,1,1461.5,66.99,1.946,14.62,WARNING,overload,0.5525
2025-01-01 05:42:00,1,1446.3,66.41,2.224,15.06,WARNING,overload,0.5571
2025-01-01 05:43:00,1,1456.4,67.23,2.136,14.64,WARNING,overload,0.5616
2025-01-01 05:44:00,1,1451.7,68.15,2.269,14.4,WARNING,overload,0.5662
2025-01-01 05:45:00,1,1457.1,67.32,2.214,15.07,WARNING,overload,0.5708
2025-01-01 05:46:00,1,1459.7,67.11,2.206,14.93,WARNING,overload,0.5753
2025-01-01 05:47:00,1,1450.6,67.53,2.306,15.11,WARNING,overload,0.5799
2025-01-01 05:48:00,1,1453.1,68.7,2.295,14.99,WARNING,overload,0.5845
2025-01-01 05:49:00,1,1445.0,68.19,2.37,15.5,WARNING,overload,0.589
2025-01-01 05:50:00,1,1463.7,68.22,2.351,15.46,WARNING,overload,0.5936
2025-01-01 05:51:00,1,1451.2,68.96,2.243,15.37,WARNING,overload,0.5982
2025-01-01 05:52:00,1,1452.8,69.38,2.182,15.53,WARNING,overload,0.6027
2025-01-01 05:53:00,1,1454.9,68.84,2.343,15.31,WARNING,overload,0.6073
2025-01-01 05:54:00,1,1446.9,68.83,2.124,15.49,WARNING,overload,0.6119
2025-01-01 05:55:00,1,1448.8,69.45,2.005,15.17,WARNING,overload,0.6164
2025-01-01 05:56:00,1,1447.3,70.17,2.324,15.19,WARNING,overload,0.621
2025-01-01 05:57:00,1,1449.6,70.85,2.322,16.17,WARNING,overload,0.6256
2025-01-01 05:58:00,1,1448.5,70.95,2.244,15.56,WARNING,overload,0.6301
2025-01-01 05:59:00,1,1449.1,70.75,2.268,16.06,WARNING,overload,0.6347
2025-01-01 06:00:00,1,1460.8,70.84,2.32,16.18,WARNING,overload,0.6393
2025-01-01 06:01:00,1,1453.8,71.0,2.247,15.57,WARNING,overload,0.6438
2025-01-01 06:02:00,1,1453.6,70.25,2.326,15.51,WARNING,overload,0.6484
2025-01-01 06:03:00,1,1441.2,70.88,2.158,15.91,WARNING,overload,0.653
2025-01-01 06:04:00,1,1447.9,70.8,2.116,15.87,WARNING,overload,0.6575
2025-01-01 06:05:00,1,1458.2,71.69,2.199,15.87,WARNING,overload,0.6621
2025-01-01 06:06:00,1,1449.6,71.78,2.399,16.04,WARNING,overload,0.6667
2025-01-01 06:07:00,1,1450.9,71.03,2.272,16.27,WARNING,overload,0.6712
2025-01-01 06:08:00,1,1448.3,71.1,2.373,15.93,WARNING,overload,0.6758
2025-01-01 06:09:00,1,1443.2,70.64,2.257,16.04,WARNING,overload,0.6804
2025-01-01 06:10:00,1,1447.6,70.23,2.255,16.34,WARNING,overload,0.6849
2025-01-01 06:11:00,1,1442.8,70.67,2.312,16.53,WARNING,overload,0.6895
2025-01-01 06:12:00,1,1444.2,70.88,2.427,15.71,WARNING,overload,0.6941
2025-01-01 06:13:00,1,1455.0,71.37,2.397,16.29,WARNING,overload,0.6986
2025-01-01 06:14:00,1,1449.1,71.64,2.195,15.88,FAULT,overload,0.7032
2025-01-01 06:15:00,1,1440.7,70.82,2.524,16.26,FAULT,overload,0.7078
2025-01-01 06:16:00,1,1437.6,71.02,2.132,16.31,FAULT,overload,0.7123
2025-01-01 06:17:00,1,1441.5,71.22,2.513,16.69,FAULT,overload,0.7169
2025-01-01 06:18:00,1,1432.6,71.65,2.474,16.56,FAULT,overload,0.7215
2025-01-01 06:19:00,1,1447.8,71.4,2.304,16.95,FAULT,overload,0.726
2025-01-01 06:20:00,1,1446.3,72.45,2.258,16.24,FAULT,overload,0.7306
2025-01-01 06:21:00,1,1440.9,72.55,2.513,16.56,FAULT,overload,0.7352
2025-01-01 06:22:00,1,1448.6,72.31,2.413,16.08,FAULT,overload,0.7397
2025-01-01 06:23:00,1,1444.2,72.16,2.481,16.16,FAULT,overload,0.7443
2025-01-01 06:24:00,1,1438.2,72.11,2.412,16.22,FAULT,overload,0.7489
2025-01-01 06:25:00,1,1437.1,72.32,2.531,16.79,FAULT,overload,0.7534
2025-01-01 06:26:00,1,1438.4,72.02,2.474,16.41,FAULT,overload,0.758
2025-01-01 06:27:00,1,1435.3,72.44,2.402,16.34,FAULT,overload,0.7626
2025-01-01 06:28:00,1,1443.3,72.62,2.313,16.66,FAULT,overload,0.7671
2025-01-01 06:29:00,1,1441.0,72.27,2.477,16.3,FAULT,overload,0.7717
2025-01-01 06:30:00,1,1439.1,72.8,2.587,16.13,FAULT,overload,0.7763
2025-01-01 06:31:00,1,1444.6,72.74,2.475,16.84,FAULT,overload,0.7808
2025-01-01 06:32:00,1,1437.6,73.53,2.333,16.13,FAULT,overload,0.7854
2025-01-01 06:33:00,1,1432.9,73.05,2.456,16.39,FAULT,overload,0.79
2025-01-01 06:34:00,1,1436.6,73.59,2.434,16.85,FAULT,overload,0.7945
2025-01-01 06:35:00,1,1438.7,73.31,2.539,17.16,FAULT,overload,0.7991
2025-01-01 06:36:00,1,1436.5,72.91,2.636,17.1,FAULT,overload,0.8037
2025-01-01 06:37:00,1,1434.8,73.4,2.665,16.92,FAULT,overload,0.8082
2025-01-01 06:38:00,1,1434.9,73.61,2.494,16.89,FAULT,overload,0.8128
2025-01-01 06:39:00,1,1435.5,74.2,2.547,16.66,FAULT,overload,0.8174
2025-01-01 06:40:00,1,1449.9,74.07,2.363,16.92,FAULT,overload,0.8219
2025-01-01 06:41:00,1,1437.8,74.95,2.556,17.05,FAULT,overload,0.8265
2025-01-01 06:42:00,1,1435.5,75.92,2.674,16.29,FAULT,overload,0.8311
2025-01-01 06:43:00,1,1436.0,75.55,2.675,16.58,FAULT,overload,0.8356
2025-01-01 06:44:00,1,1434.5,76.21,2.568,16.98,FAULT,overload,0.8402
2025-01-01 06:45:00,1,1424.6,76.15,2.677,16.92,FAULT,overload,0.8447
2025-01-01 06:46:00,1,1425.7,76.54,2.635,16.34,FAULT,overload,0.8493
2025-01-01 06:47:00,1,1425.2,77.15,2.595,16.93,FAULT,overload,0.8539
2025-01-01 06:48:00,1,1431.4,77.74,2.523,16.85,FAULT,overload,0.8584
2025-01-01 06:49:00,1,1434.6,76.84,2.562,16.93,FAULT,overload,0.863
2025-01-01 06:50:00,1,1433.5,76.95,2.425,17.2,FAULT,overload,0.8676
2025-01-01 06:51:00,1,1443.1,77.9,2.5,17.01,FAULT,overload,0.8721
2025-01-01 06:52:00,1,1436.7,77.83,2.548,17.11,FAULT,overload,0.8767
2025-01-01 06:53:00,1,1431.8,76.99,2.554,17.05,FAULT,overload,0.8813
2025-01-01 06:54:00,1,1430.7,76.29,2.681,17.04,FAULT,overload,0.8858
2025-01-01 06:55:00,1,1434.5,76.38,2.679,16.94,FAULT,overload,0.8904
2025-01-01 06:56:00,1,1421.7,77.23,2.539,17.01,FAULT,overload,0.895
2025-01-01 06:57:00,1,1425.6,77.49,2.721,17.04,FAULT,overload,0.8995
2025-01-01 06:58:00,1,1427.7,76.82,2.752,17.07,FAULT,overload,0.9041
2025-01-01 06:59:00,1,1421.1,77.26,2.61,16.92,FAULT,overload,0.9087
2025-01-01 07:00:00,1,1425.3,77.56,2.925,16.82,FAULT,overload,0.9132
2025-01-01 07:01:00,1,1421.6,76.57,2.627,17.32,FAULT,overload,0.9178
2025-01-01 07:02:00,1,1428.0,77.05,2.889,17.21,FAULT,overload,0.9224
2025-01-01 07:03:00,1,1431.6,76.21,2.675,17.21,FAULT,overload,0.9269
2025-01-01 07:04:00,1,1429.3,76.73,2.687,17.13,FAULT,overload,0.9315
2025-01-01 07:05:00,1,1422.7,76.46,2.649,17.57,FAULT,overload,0.9361
2025-01-01 07:06:00,1,1430.5,77.89,2.562,17.29,FAULT,overload,0.9406
2025-01-01 07:07:00,1,1430.5,77.9,2.729,17.26,FAULT,overload,0.9452
2025-01-01 07:08:00,1,1424.8,78.19,2.73,17.52,FAULT,overload,0.9498
2025-01-01 07:09:00,1,1423.0,78.93,2.577,17.45,FAULT,overload,0.9543
2025-01-01 07:10:00,1,1416.8,79.19,2.718,17.42,FAULT,overload,0.9589
2025-01-01 07:11:00,1,1421.3,78.73,2.906,17.79,FAULT,overload,0.9635
2025-01-01 07:12:00,1,1426.2,79.18,2.668,17.57,FAULT,overload,0.968
2025-01-01 07:13:00,1,1420.0,79.12,2.856,17.57,FAULT,overload,0.9726
2025-01-01 07:14:00,1,1418.8,79.73,2.704,18.08,FAULT,overload,0.9772
2025-01-01 07:15:00,1,1430.2,80.0,3.02,17.6,FAULT,overload,0.9817
2025-01-01 07:16:00,1,1415.3,79.69,2.694,17.75,FAULT,overload,0.9863
2025-01-01 07:17:00,1,1415.6,80.41,2.771,17.66,FAULT,overload,0.9909
2025-01-01 07:18:00,1,1415.8,80.67,3.102,17.9,FAULT,overload,0.9954
2025-01-01 07:19:00,1,1413.5,81.03,2.988,18.35,FAULT,overload,1.0
2025-01-01 07:20:00,2,1473.3,55.73,1.817,11.72,NORMAL,overspeed,0.0
2025-01-01 07:21:00,2,1484.1,55.14,1.808,11.42,NORMAL,overspeed,0.0046
2025-01-01 07:22:00,2,1483.6,54.34,1.899,12.33,NORMAL,overspeed,0.0091
2025-01-01 07:23:00,2,1481.8,54.46,1.884,11.66,NORMAL,overspeed,0.0137
2025-01-01 07:24:00,2,1481.8,54.41,1.78,11.64,NORMAL,overspeed,0.0183
2025-01-01 07:25:00,2,1479.0,54.32,1.794,11.99,NORMAL,overspeed,0.0228
2025-01-01 07:26:00,2,1480.7,54.27,1.844,12.07,NORMAL,overspeed,0.0274
2025-01-01 07:27:00,2,1481.5,54.44,1.656,12.29,NORMAL,overspeed,0.032
2025-01-01 07:28:00,2,1481.5,53.6,1.89,11.71,NORMAL,overspeed,0.0365
2025-01-01 07:29:00,2,1483.0,53.65,1.814,12.26,NORMAL,overspeed,0.0411
2025-01-01 07:30:00,2,1485.2,53.8,1.893,12.37,NORMAL,overspeed,0.0457
2025-01-01 07:31:00,2,1471.6,54.39,1.882,12.57,NORMAL,overspeed,0.0502
2025-01-01 07:32:00,2,1478.0,55.36,1.877,12.5,NORMAL,overspeed,0.0548
2025-01-01 07:33:00,2,1478.4,55.44,1.808,12.5,NORMAL,overspeed,0.0594
2025-01-01 07:34:00,2,1477.5,55.53,1.863,12.47,NORMAL,overspeed,0.0639
2025-01-01 07:35:00,2,1484.5,55.12,1.811,12.72,NORMAL,overspeed,0.0685
2025-01-01 07:36:00,2,1480.8,54.48,1.836,12.59,NORMAL,overspeed,0.0731
2025-01-01 07:37:00,2,1477.6,54.13,1.674,12.39,NORMAL,overspeed,0.0776
2025-01-01 07:38:00,2,1482.6,54.52,1.896,12.24,NORMAL,overspeed,0.0822
2025-01-01 07:39:00,2,1483.4,54.39,1.901,12.53,NORMAL,overspeed,0.0868
2025-01-01 07:40:00,2,1484.4,53.93,1.935,12.53,NORMAL,overspeed,0.0913
2025-01-01 07:41:00,2,1488.9,54.76,1.765,12.8,NORMAL,overspeed,0.0959
2025-01-01 07:42:00,2,1487.5,55.3,1.87,12.4,NORMAL,overspeed,0.1005
2025-01-01 07:43:00,2,1484.6,55.14,1.881,12.68,NORMAL,overspeed,0.105
2025-01-01 07:44:00,2,1483.8,54.37,1.767,12.21,NORMAL,overspeed,0.1096
2025-01-01 07:45:00,2,1491.0,53.83,2.018,12.84,NORMAL,overspeed,0.1142
2025-01-01 07:46:00,2,1491.4,54.23,1.991,12.38,NORMAL,overspeed,0.1187
2025-01-01 07:47:00,2,1478.2,54.63,1.9,12.23,NORMAL,overspeed,0.1233
2025-01-01 07:48:00,2,1480.9,54.48,1.927,12.76,NORMAL,overspeed,0.1279
2025-01-01 07:49:00,2,1483.5,54.45,1.709,12.44,NORMAL,overspeed,0.1324
2025-01-01 07:50:00,2,1481.9,54.18,1.929,12.39,NORMAL,overspeed,0.137
2025-01-01 07:51:00,2,1487.3,54.43,1.985,12.66,NORMAL,overspeed,0.1416
2025-01-01 07:52:00,2,1493.7,54.78,1.804,12.51,NORMAL,overspeed,0.1461
2025-01-01 07:53:00,2,1488.8,55.26,1.941,12.31,NORMAL,overspeed,0.1507
2025-01-01 07:54:00,2,1494.4,53.89,1.667,12.8,NORMAL,overspeed,0.1553
2025-01-01 07:55:00,2,1489.1,53.52,2.001,12.42,NORMAL,overspeed,0.1598
2025-01-01 07:56:00,2,1487.2,54.5,2.006,12.01,NORMAL,overspeed,0.1644
2025-01-01 07:57:00,2,1492.9,54.26,1.825,12.34,NORMAL,overspeed,0.1689
2025-01-01 07:58:00,2,1498.1,54.36,1.992,12.04,NORMAL,overspeed,0.1735
2025-01-01 07:59:00,2,1490.0,55.45,2.044,12.13,NORMAL,overspeed,0.1781
2025-01-01 08:00:00,2,1494.7,55.17,1.843,12.29,NORMAL,overspeed,0.1826
2025-01-01 08:01:00,2,1489.0,54.24,1.954,12.14,NORMAL,overspeed,0.1872
2025-01-01 08:02:00,2,1494.1,54.08,1.799,12.24,NORMAL,overspeed,0.1918
2025-01-01 08:03:00,2,1492.2,54.52,2.126,12.43,NORMAL,overspeed,0.1963
2025-01-01 08:04:00,2,1488.2,54.26,1.907,12.46,NORMAL,overspeed,0.2009
2025-01-01 08:05:00,2,1502.2,54.25,1.865,12.31,NORMAL,overspeed,0.2055
2025-01-01 08:06:00,2,1499.1,54.42,1.919,12.3,NORMAL,overspeed,0.21
2025-01-01 08:07:00,2,1495.2,54.63,2.02,12.41,NORMAL,overspeed,0.2146
2025-01-01 08:08:00,2,1497.3,54.7,2.053,12.27,NORMAL,overspeed,0.2192
2025-01-01 08:09:00,2,1500.6,55.29,2.136,11.98,NORMAL,overspeed,0.2237
2025-01-01 08:10:00,2,1491.3,55.65,2.015,12.69,NORMAL,overspeed,0.2283
2025-01-01 08:11:00,2,1502.2,55.58,1.954,12.28,NORMAL,overspeed,0.2329
2025-01-01 08:12:00,2,1498.1,55.26,1.983,12.3,NORMAL,overspeed,0.2374
2025-01-01 08:13:00,2,1498.6,55.64,1.897,12.33,NORMAL,overspeed,0.242
2025-01-01 08:14:00,2,1504.4,55.88,2.104,12.23,NORMAL,overspeed,0.2466
2025-01-01 08:15:00,2,1505.4,56.99,2.019,12.05,NORMAL,overspeed,0.2511
2025-01-01 08:16:00,2,1502.3,56.95,1.975,12.27,NORMAL,overspeed,0.2557
2025-01-01 08:17:00,2,1498.2,56.23,2.137,12.12,NORMAL,overspeed,0.2603
2025-01-01 08:18:00,2,1511.8,57.05,2.1,11.8,NORMAL,overspeed,0.2648
2025-01-01 08:19:00,2,1509.9,56.93,2.051,12.49,NORMAL,overspeed,0.2694
2025-01-01 08:20:00,2,1507.1,56.99,2.0,12.22,NORMAL,overspeed,0.274
2025-01-01 08:21:00,2,1508.0,56.76,1.995,12.08,NORMAL,overspeed,0.2785
2025-01-01 08:22:00,2,1502.0,55.29,1.941,12.17,NORMAL,overspeed,0.2831
2025-01-01 08:23:00,2,1510.3,55.09,2.035,12.33,NORMAL,overspeed,0.2877
2025-01-01 08:24:00,2,1513.3,55.53,2.049,12.01,NORMAL,overspeed,0.2922
2025-01-01 08:25:00,2,1508.4,55.68,2.179,11.71,NORMAL,overspeed,0.2968
2025-01-01 08:26:00,2,1516.0,55.27,2.156,12.41,NORMAL,overspeed,0.3014
2025-01-01 08:27:00,2,1505.3,55.55,2.016,12.08,NORMAL,overspeed,0.3059
2025-01-01 08:28:00,2,1513.4,54.92,2.011,12.08,NORMAL,overspeed,0.3105
2025-01-01 08:29:00,2,1519.4,55.29,2.374,11.96,NORMAL,overspeed,0.3151
2025-01-01 08:30:00,2,1511.9,54.76,1.963,11.7,NORMAL,overspeed,0.3196
2025-01-01 08:31:00,2,1507.8,55.04,2.287,11.9,NORMAL,overspeed,0.3242
2025-01-01 08:32:00,2,1514.3,55.07,2.124,12.05,NORMAL,overspeed,0.3288
2025-01-01 08:33:00,2,1519.2,54.41,2.129,11.71,NORMAL,overspeed,0.3333
2025-01-01 08:34:00,2,1507.4,53.9,2.13,11.79,NORMAL,overspeed,0.3379
2025-01-01 08:35:00,2,1517.9,53.65,2.166,11.22,NORMAL,overspeed,0.3425
2025-01-01 08:36:00,2,1520.9,53.97,2.203,11.46,NORMAL,overspeed,0.347
2025-01-01 08:37:00,2,1524.7,53.93,2.246,11.71,WARNING,overspeed,0.3516
2025-01-01 08:38:00,2,1517.2,54.44,2.225,11.77,WARNING,overspeed,0.3562
2025-01-01 08:39:00,2,1521.8,54.95,2.265,11.73,WARNING,overspeed,0.3607
2025-01-01 08:40:00,2,1526.3,55.76,2.123,11.24,WARNING,overspeed,0.3653
2025-01-01 08:41:00,2,1524.0,56.07,2.047,11.51,WARNING,overspeed,0.3699
2025-01-01 08:42:00,2,1522.1,55.42,2.165,12.03,WARNING,overspeed,0.3744
2025-01-01 08:43:00,2,1520.3,55.64,2.24,11.77,WARNING,overspeed,0.379
2025-01-01 08:44:00,2,1529.7,55.45,2.246,11.78,WARNING,overspeed,0.3836
2025-01-01 08:45:00,2,1526.3,55.81,2.245,11.71,WARNING,overspeed,0.3881
2025-01-01 08:46:00,2,1529.5,55.76,2.247,11.45,WARNING,overspeed,0.3927
2025-01-01 08:47:00,2,1527.4,55.42,2.269,12.2,WARNING,overspeed,0.3973
2025-01-01 08:48:00,2,1530.5,56.57,2.359,11.67,WARNING,overspeed,0.4018
2025-01-01 08:49:00,2,1527.3,56.2,2.297,11.45,WARNING,overspeed,0.4064
2025-01-01 08:50:00,2,1531.3,56.7,2.354,11.73,WARNING,overspeed,0.411
2025-01-01 08:51:00,2,1530.4,56.69,2.251,12.33,WARNING,overspeed,0.4155
2025-01-01 08:52:00,2,1528.1,56.96,2.224,11.42,WARNING,overspeed,0.4201
2025-01-01 08:53:00,2,1530.8,57.09,2.31,11.65,WARNING,overspeed,0.4247
2025-01-01 08:54:00,2,1529.2,57.14,2.204,11.73,WARNING,overspeed,0.4292
2025-01-01 08:55:00,2,1535.9,56.52,2.237,11.85,WARNING,overspeed,0.4338
2025-01-01 08:56:00,2,1532.5,56.68,2.232,12.01,WARNING,overspeed,0.4384
2025-01-01 08:57:00,2,1539.0,55.65,2.45,12.4,WARNING,overspeed,0.4429
2025-01-01 08:58:00,2,1533.2,55.1,2.28,11.5,WARNING,overspeed,0.4475
2025-01-01 08:59:00,2,1536.3,55.21,2.23,11.81,WARNING,overspeed,0.4521
2025-01-01 09:00:00,2,1541.0,55.09,2.404,11.89,WARNING,overspeed,0.4566
2025-01-01 09:01:00,2,1550.1,54.68,2.386,11.29,WARNING,overspeed,0.4612
2025-01-01 09:02:00,2,1531.7,54.61,2.374,11.74,WARNING,overspeed,0.4658
2025-01-01 09:03:00,2,1551.3,54.33,2.434,11.97,WARNING,overspeed,0.4703
2025-01-01 09:04:00,2,1537.2,53.64,2.393,11.85,WARNING,overspeed,0.4749
2025-01-01 09:05:00,2,1542.2,53.58,2.399,11.77,WARNING,overspeed,0.4795
2025-01-01 09:06:00,2,1541.3,54.25,2.389,11.87,WARNING,overspeed,0.484
2025-01-01 09:07:00,2,1550.3,54.74,2.386,11.75,WARNING,overspeed,0.4886
2025-01-01 09:08:00,2,1548.9,55.44,2.381,12.09,WARNING,overspeed,0.4932
2025-01-01 09:09:00,2,1553.2,55.56,2.608,11.7,WARNING,overspeed,0.4977
2025-01-01 09:10:00,2,1547.7,54.93,2.431,11.78,WARNING,overspeed,0.5023
2025-01-01 09:11:00,2,1549.0,54.75,2.373,11.98,WARNING,overspeed,0.5068
2025-01-01 09:12:00,2,1544.0,55.29,2.482,12.03,WARNING,overspeed,0.5114
2025-01-01 09:13:00,2,1561.4,54.93,2.495,12.13,WARNING,overspeed,0.516
2025-01-01 09:14:00,2,1544.9,54.65,2.635,11.81,WARNING,overspeed,0.5205
2025-01-01 09:15:00,2,1552.1,54.8,2.476,11.84,WARNING,overspeed,0.5251
2025-01-01 09:16:00,2,1559.4,55.56,2.413,11.74,WARNING,overspeed,0.5297
2025-01-01 09:17:00,2,1556.7,55.37,2.44,11.72,WARNING,overspeed,0.5342
2025-01-01 09:18:00,2,1554.9,55.55,2.63,11.89,WARNING,overspeed,0.5388
2025-01-01 09:19:00,2,1559.5,55.17,2.279,12.43,WARNING,overspeed,0.5434
2025-01-01 09:20:00,2,1558.7,55.72,2.555,12.47,WARNING,overspeed,0.5479
2025-01-01 09:21:00,2,1546.1,55.83,2.459,12.27,WARNING,overspeed,0.5525
2025-01-01 09:22:00,2,1561.4,55.93,2.629,12.41,WARNING,overspeed,0.5571
2025-01-01 09:23:00,2,1550.7,55.58,2.511,12.39,WARNING,overspeed,0.5616
2025-01-01 09:24:00,2,1564.1,54.31,2.66,12.34,WARNING,overspeed,0.5662
2025-01-01 09:25:00,2,1555.5,53.78,2.771,12.2,WARNING,overspeed,0.5708
2025-01-01 09:26:00,2,1569.1,54.48,2.587,12.64,WARNING,overspeed,0.5753
2025-01-01 09:27:00,2,1566.2,56.08,2.633,12.57,WARNING,overspeed,0.5799
2025-01-01 09:28:00,2,1569.8,56.88,2.44,12.53,WARNING,overspeed,0.5845
2025-01-01 09:29:00,2,1571.9,57.47,2.569,12.74,WARNING,overspeed,0.589
2025-01-01 09:30:00,2,1579.8,57.36,2.545,12.34,WARNING,overspeed,0.5936
2025-01-01 09:31:00,2,1565.5,57.22,2.539,11.8,WARNING,overspeed,0.5982
2025-01-01 09:32:00,2,1570.8,57.33,2.59,13.0,WARNING,overspeed,0.6027
2025-01-01 09:33:00,2,1576.4,57.57,2.679,12.75,WARNING,overspeed,0.6073
2025-01-01 09:34:00,2,1577.8,57.83,2.667,12.68,WARNING,overspeed,0.6119
2025-01-01 09:35:00,2,1570.5,57.74,2.714,13.14,WARNING,overspeed,0.6164
2025-01-01 09:36:00,2,1575.1,57.81,2.815,12.89,WARNING,overspeed,0.621
2025-01-01 09:37:00,2,1562.1,58.61,2.746,12.07,WARNING,overspeed,0.6256
2025-01-01 09:38:00,2,1575.9,57.79,2.807,12.41,WARNING,overspeed,0.6301
2025-01-01 09:39:00,2,1577.4,57.92,2.707,12.53,WARNING,overspeed,0.6347
2025-01-01 09:40:00,2,1591.0,58.42,2.81,12.93,WARNING,overspeed,0.6393
2025-01-01 09:41:00,2,1585.6,58.33,2.709,12.17,WARNING,overspeed,0.6438
2025-01-01 09:42:00,2,1583.3,58.01,2.635,12.66,WARNING,overspeed,0.6484
2025-01-01 09:43:00,2,1587.8,58.41,2.831,12.87,WARNING,overspeed,0.653
2025-01-01 09:44:00,2,1581.1,57.35,2.781,12.43,WARNING,overspeed,0.6575
2025-01-01 09:45:00,2,1583.1,58.33,2.805,13.04,WARNING,overspeed,0.6621
2025-01-01 09:46:00,2,1591.3,58.63,2.671,12.65,WARNING,overspeed,0.6667
2025-01-01 09:47:00,2,1597.1,58.45,2.952,13.03,WARNING,overspeed,0.6712
2025-01-01 09:48:00,2,1581.1,58.38,2.887,12.48,WARNING,overspeed,0.6758
2025-01-01 09:49:00,2,1586.1,57.22,2.986,12.67,WARNING,overspeed,0.6804
2025-01-01 09:50:00,2,1590.2,57.42,2.743,12.77,WARNING,overspeed,0.6849
2025-01-01 09:51:00,2,1587.4,57.38,2.918,12.38,WARNING,overspeed,0.6895
2025-01-01 09:52:00,2,1593.3,57.94,2.773,12.36,WARNING,overspeed,0.6941
2025-01-01 09:53:00,2,1596.6,58.44,2.846,12.28,WARNING,overspeed,0.6986
2025-01-01 09:54:00,2,1583.7,57.93,2.896,12.54,FAULT,overspeed,0.7032
2025-01-01 09:55:00,2,1590.9,58.38,2.851,12.6,FAULT,overspeed,0.7078
2025-01-01 09:56:00,2,1592.0,58.12,2.992,12.83,FAULT,overspeed,0.7123
2025-01-01 09:57:00,2,1591.0,58.07,2.707,12.82,FAULT,overspeed,0.7169
2025-01-01 09:58:00,2,1584.6,58.99,2.842,12.52,FAULT,overspeed,0.7215
2025-01-01 09:59:00,2,1589.0,59.67,2.75,13.01,FAULT,overspeed,0.726
2025-01-01 10:00:00,2,1594.9,58.4,2.852,12.88,FAULT,overspeed,0.7306
2025-01-01 10:01:00,2,1590.5,58.27,2.903,13.11,FAULT,overspeed,0.7352
2025-01-01 10:02:00,2,1601.4,58.09,3.075,13.23,FAULT,overspeed,0.7397
2025-01-01 10:03:00,2,1601.9,58.74,3.165,12.31,FAULT,overspeed,0.7443
2025-01-01 10:04:00,2,1598.0,58.3,2.978,12.62,FAULT,overspeed,0.7489
2025-01-01 10:05:00,2,1599.3,58.34,3.009,12.92,FAULT,overspeed,0.7534
2025-01-01 10:06:00,2,1605.7,58.8,3.054,12.41,FAULT,overspeed,0.758
2025-01-01 10:07:00,2,1610.6,58.59,3.301,12.54,FAULT,overspeed,0.7626
2025-01-01 10:08:00,2,1611.5,58.44,3.105,12.48,FAULT,overspeed,0.7671
2025-01-01 10:09:00,2,1611.5,58.56,2.924,12.5,FAULT,overspeed,0.7717
2025-01-01 10:10:00,2,1614.9,57.66,2.96,12.12,FAULT,overspeed,0.7763
2025-01-01 10:11:00,2,1604.8,57.25,2.888,12.52,FAULT,overspeed,0.7808
2025-01-01 10:12:00,2,1608.7,58.16,2.962,12.43,FAULT,overspeed,0.7854
2025-01-01 10:13:00,2,1616.7,58.05,3.066,12.41,FAULT,overspeed,0.79
2025-01-01 10:14:00,2,1616.2,58.19,3.144,12.28,FAULT,overspeed,0.7945
2025-01-01 10:15:00,2,1605.6,58.15,3.111,12.67,FAULT,overspeed,0.7991
2025-01-01 10:16:00,2,1626.0,58.23,2.992,12.51,FAULT,overspeed,0.8037
2025-01-01 10:17:00,2,1617.6,58.74,3.094,12.47,FAULT,overspeed,0.8082
2025-01-01 10:18:00,2,1626.1,58.39,3.119,12.62,FAULT,overspeed,0.8128
2025-01-01 10:19:00,2,1624.2,59.55,3.039,12.67,FAULT,overspeed,0.8174
2025-01-01 10:20:00,2,1621.0,60.04,2.878,12.24,FAULT,overspeed,0.8219
2025-01-01 10:21:00,2,1625.5,60.08,3.182,12.6,FAULT,overspeed,0.8265
2025-01-01 10:22:00,2,1630.0,60.05,3.275,12.71,FAULT,overspeed,0.8311
2025-01-01 10:23:00,2,1629.7,60.7,3.138,12.16,FAULT,overspeed,0.8356
2025-01-01 10:24:00,2,1627.4,60.1,3.284,12.32,FAULT,overspeed,0.8402
2025-01-01 10:25:00,2,1627.6,59.02,3.373,12.4,FAULT,overspeed,0.8447
2025-01-01 10:26:00,2,1627.6,58.06,3.427,12.19,FAULT,overspeed,0.8493
2025-01-01 10:27:00,2,1639.4,57.95,3.304,12.2,FAULT,overspeed,0.8539
2025-01-01 10:28:00,2,1636.5,58.31,3.165,12.49,FAULT,overspeed,0.8584
2025-01-01 10:29:00,2,1633.6,58.87,3.261,12.14,FAULT,overspeed,0.863
2025-01-01 10:30:00,2,1629.2,59.14,3.054,12.32,FAULT,overspeed,0.8676
2025-01-01 10:31:00,2,1637.2,59.44,3.317,12.07,FAULT,overspeed,0.8721
2025-01-01 10:32:00,2,1635.7,60.31,3.217,12.05,FAULT,overspeed,0.8767
2025-01-01 10:33:00,2,1628.5,59.99,3.351,11.69,FAULT,overspeed,0.8813
2025-01-01 10:34:00,2,1636.2,59.58,3.04,12.19,FAULT,overspeed,0.8858
2025-01-01 10:35:00,2,1629.1,60.16,3.418,12.44,FAULT,overspeed,0.8904
2025-01-01 10:36:00,2,1642.7,60.75,3.33,12.4,FAULT,overspeed,0.895
2025-01-01 10:37:00,2,1647.8,60.63,3.217,12.1,FAULT,overspeed,0.8995
2025-01-01 10:38:00,2,1634.3,60.63,3.407,12.61,FAULT,overspeed,0.9041
2025-01-01 10:39:00,2,1651.9,60.5,3.382,12.01,FAULT,overspeed,0.9087
2025-01-01 10:40:00,2,1641.7,60.89,3.248,12.34,FAULT,overspeed,0.9132
2025-01-01 10:41:00,2,1642.1,60.7,3.506,11.99,FAULT,overspeed,0.9178
2025-01-01 10:42:00,2,1650.6,61.08,3.522,12.03,FAULT,overspeed,0.9224
2025-01-01 10:43:00,2,1651.1,61.78,3.486,11.79,FAULT,overspeed,0.9269
2025-01-01 10:44:00,2,1653.2,60.88,3.51,11.59,FAULT,overspeed,0.9315
2025-01-01 10:45:00,2,1658.3,61.05,3.467,11.51,FAULT,overspeed,0.9361
2025-01-01 10:46:00,2,1650.6,60.78,3.625,11.96,FAULT,overspeed,0.9406
2025-01-01 10:47:00,2,1660.5,60.36,3.338,11.74,FAULT,overspeed,0.9452
2025-01-01 10:48:00,2,1660.0,60.51,3.293,11.57,FAULT,overspeed,0.9498
2025-01-01 10:49:00,2,1654.1,59.89,3.427,11.52,FAULT,overspeed,0.9543
2025-01-01 10:50:00,2,1658.4,60.54,3.612,11.8,FAULT,overspeed,0.9589
2025-01-01 10:51:00,2,1656.3,60.37,3.413,12.38,FAULT,overspeed,0.9635
2025-01-01 10:52:00,2,1658.2,60.86,3.494,12.34,FAULT,overspeed,0.968
2025-01-01 10:53:00,2,1658.2,60.06,3.521,12.03,FAULT,overspeed,0.9726
2025-01-01 10:54:00,2,1663.3,60.48,3.539,12.3,FAULT,overspeed,0.9772
2025-01-01 10:55:00,2,1663.2,59.95,3.523,12.19,FAULT,overspeed,0.9817
2025-01-01 10:56:00,2,1669.1,59.32,3.551,11.79,FAULT,overspeed,0.9863
2025-01-01 10:57:00,2,1674.6,59.01,3.555,12.46,FAULT,overspeed,0.9909
2025-01-01 10:58:00,2,1670.2,58.07,3.907,11.79,FAULT,overspeed,0.9954
2025-01-01 10:59:00,2,1676.4,57.93,3.489,12.07,FAULT,overspeed,1.0
2025-01-01 11:00:00,3,1481.3,55.22,1.724,11.96,NORMAL,overspeed,0.0
2025-01-01 11:01:00,3,1475.0,54.48,1.745,11.94,NORMAL,overspeed,0.0046
2025-01-01 11:02:00,3,1478.1,54.44,1.811,11.95,NORMAL,overspeed,0.0091
2025-01-01 11:03:00,3,1480.2,55.27,1.75,12.25,NORMAL,overspeed,0.0137
2025-01-01 11:04:00,3,1478.1,55.45,1.843,12.04,NORMAL,overspeed,0.0183
2025-01-01 11:05:00,3,1488.5,55.65,1.847,11.68,NORMAL,overspeed,0.0228
2025-01-01 11:06:00,3,1487.0,55.26,1.79,12.4,NORMAL,overspeed,0.0274
2025-01-01 11:07:00,3,1473.7,55.16,1.822,11.74,NORMAL,overspeed,0.032
2025-01-01 11:08:00,3,1487.8,54.69,1.659,11.88,NORMAL,overspeed,0.0365
2025-01-01 11:09:00,3,1481.3,55.29,1.786,12.57,NORMAL,overspeed,0.0411
2025-01-01 11:10:00,3,1484.3,54.9,1.829,12.34,NORMAL,overspeed,0.0457
2025-01-01 11:11:00,3,1486.4,55.6,1.731,12.48,NORMAL,overspeed,0.0502
2025-01-01 11:12:00,3,1483.5,54.18,1.809,12.39,NORMAL,overspeed,0.0548
2025-01-01 11:13:00,3,1484.3,54.76,1.817,12.3,NORMAL,overspeed,0.0594
2025-01-01 11:14:00,3,1482.7,54.94,1.737,12.29,NORMAL,overspeed,0.0639
2025-01-01 11:15:00,3,1484.0,54.53,1.845,12.61,NORMAL,overspeed,0.0685
2025-01-01 11:16:00,3,1484.6,54.82,1.94,11.93,NORMAL,overspeed,0.0731
2025-01-01 11:17:00,3,1481.2,54.9,1.809,12.16,NORMAL,overspeed,0.0776
2025-01-01 11:18:00,3,1493.7,54.4,1.74,12.11,NORMAL,overspeed,0.0822
2025-01-01 11:19:00,3,1493.5,54.43,1.808,12.41,NORMAL,overspeed,0.0868
2025-01-01 11:20:00,3,1480.5,55.36,1.831,13.04,NORMAL,overspeed,0.0913
2025-01-01 11:21:00,3,1481.4,54.57,1.906,12.23,NORMAL,overspeed,0.0959
2025-01-01 11:22:00,3,1491.1,54.56,1.952,12.72,NORMAL,overspeed,0.1005
2025-01-01 11:23:00,3,1485.6,54.59,1.923,12.56,NORMAL,overspeed,0.105
2025-01-01 11:24:00,3,1478.8,54.22,1.875,12.74,NORMAL,overspeed,0.1096
2025-01-01 11:25:00,3,1490.5,54.95,1.897,12.67,NORMAL,overspeed,0.1142
2025-01-01 11:26:00,3,1484.3,55.58,1.741,12.36,NORMAL,overspeed,0.1187
2025-01-01 11:27:00,3,1485.5,56.55,1.821,12.04,NORMAL,overspeed,0.1233
2025-01-01 11:28:00,3,1492.8,56.79,1.946,12.74,NORMAL,overspeed,0.1279
2025-01-01 11:29:00,3,1487.9,58.02,1.873,12.4,NORMAL,overspeed,0.1324
2025-01-01 11:30:00,3,1492.4,57.25,1.853,12.62,NORMAL,overspeed,0.137
2025-01-01 11:31:00,3,1497.6,57.64,1.841,12.63,NORMAL,overspeed,0.1416
2025-01-01 11:32:00,3,1492.5,57.41,1.908,12.51,NORMAL,overspeed,0.1461
2025-01-01 11:33:00,3,1488.2,57.19,1.868,12.87,NORMAL,overspeed,0.1507
2025-01-01 11:34:00,3,1487.7,57.39,1.867,12.78,NORMAL,overspeed,0.1553
2025-01-01 11:35:00,3,1494.9,56.9,1.894,12.64,NORMAL,overspeed,0.1598
2025-01-01 11:36:00,3,1491.4,56.32,2.001,12.71,NORMAL,overspeed,0.1644
2025-01-01 11:37:00,3,1488.9,55.36,1.934,12.91,NORMAL,overspeed,0.1689
2025-01-01 11:38:00,3,1495.1,55.32,1.815,12.32,NORMAL,overspeed,0.1735
2025-01-01 11:39:00,3,1492.2,55.19,1.89,12.47,NORMAL,overspeed,0.1781
2025-01-01 11:40:00,3,1487.5,55.77,2.006,12.64,NORMAL,overspeed,0.1826
2025-01-01 11:41:00,3,1487.7,55.33,1.971,12.61,NORMAL,overspeed,0.1872
2025-01-01 11:42:00,3,1496.0,56.43,1.941,12.89,NORMAL,overspeed,0.1918
2025-01-01 11:43:00,3,1488.2,56.89,2.168,12.19,NORMAL,overspeed,0.1963
2025-01-01 11:44:00,3,1502.0,56.73,1.878,12.53,NORMAL,overspeed,0.2009
2025-01-01 11:45:00,3,1500.5,56.68,1.987,12.69,NORMAL,overspeed,0.2055
2025-01-01 11:46:00,3,1497.5,56.97,2.067,12.51,NORMAL,overspeed,0.21
2025-01-01 11:47:00,3,1495.6,56.53,1.89,12.21,NORMAL,overspeed,0.2146
2025-01-01 11:48:00,3,1503.4,57.18,2.068,12.29,NORMAL,overspeed,0.2192
2025-01-01 11:49:00,3,1507.0,57.8,2.011,12.11,NORMAL,overspeed,0.2237
2025-01-01 11:50:00,3,1500.4,57.09,2.007,12.21,NORMAL,overspeed,0.2283
2025-01-01 11:51:00,3,1494.0,58.46,2.057,12.08,NORMAL,overspeed,0.2329
2025-01-01 11:52:00,3,1496.6,58.85,1.9,12.38,NORMAL,overspeed,0.2374
2025-01-01 11:53:00,3,1502.9,58.08,2.064,11.77,NORMAL,overspeed,0.242
2025-01-01 11:54:00,3,1497.9,56.63,1.856,12.24,NORMAL,overspeed,0.2466
2025-01-01 11:55:00,3,1497.3,56.72,1.98,11.98,NORMAL,overspeed,0.2511
2025-01-01 11:56:00,3,1506.1,57.16,2.11,12.35,NORMAL,overspeed,0.2557
2025-01-01 11:57:00,3,1505.2,57.03,2.065,12.27,NORMAL,overspeed,0.2603
2025-01-01 11:58:00,3,1503.9,57.05,2.016,11.91,NORMAL,overspeed,0.2648
2025-01-01 11:59:00,3,1506.1,56.25,1.994,11.93,NORMAL,overspeed,0.2694
2025-01-01 12:00:00,3,1512.1,56.57,2.065,11.86,NORMAL,overspeed,0.274
2025-01-01 12:01:00,3,1505.1,56.17,1.941,12.3,NORMAL,overspeed,0.2785
2025-01-01 12:02:00,3,1506.6,56.1,2.075,12.31,NORMAL,overspeed,0.2831
2025-01-01 12:03:00,3,1503.3,56.97,2.126,11.88,NORMAL,overspeed,0.2877
2025-01-01 12:04:00,3,1510.0,57.73,1.886,12.07,NORMAL,overspeed,0.2922
2025-01-01 12:05:00,3,1518.6,57.86,2.254,11.7,NORMAL,overspeed,0.2968
2025-01-01 12:06:00,3,1507.8,57.19,2.118,11.62,NORMAL,overspeed,0.3014
2025-01-01 12:07:00,3,1508.8,57.07,2.185,12.11,NORMAL,overspeed,0.3059
2025-01-01 12:08:00,3,1506.1,57.26,2.084,11.7,NORMAL,overspeed,0.3105
2025-01-01 12:09:00,3,1519.5,55.62,2.213,11.68,NORMAL,overspeed,0.3151
2025-01-01 12:10:00,3,1505.5,55.21,2.253,11.75,NORMAL,overspeed,0.3196
2025-01-01 12:11:00,3,1523.3,55.09,2.246,11.84,NORMAL,overspeed,0.3242
2025-01-01 12:12:00,3,1515.2,55.34,2.16,12.21,NORMAL,overspeed,0.3288
2025-01-01 12:13:00,3,1520.2,55.72,2.252,11.5,NORMAL,overspeed,0.3333
2025-01-01 12:14:00,3,1515.8,55.15,1.926,11.24,NORMAL,overspeed,0.3379
2025-01-01 12:15:00,3,1520.7,56.15,2.171,11.81,NORMAL,overspeed,0.3425
2025-01-01 12:16:00,3,1512.5,55.65,2.165,11.82,NORMAL,overspeed,0.347
2025-01-01 12:17:00,3,1519.8,55.25,2.029,12.08,WARNING,overspeed,0.3516
2025-01-01 12:18:00,3,1530.5,55.22,2.18,11.97,WARNING,overspeed,0.3562
2025-01-01 12:19:00,3,1521.0,55.38,2.136,11.74,WARNING,overspeed,0.3607
2025-01-01 12:20:00,3,1518.0,56.51,2.186,11.54,WARNING,overspeed,0.3653
2025-01-01 12:21:00,3,1522.3,56.45,2.347,11.64,WARNING,overspeed,0.3699
2025-01-01 12:22:00,3,1516.9,57.06,2.171,11.73,WARNING,overspeed,0.3744
2025-01-01 12:23:00,3,1525.4,57.6,2.348,11.83,WARNING,overspeed,0.379
2025-01-01 12:24:00,3,1524.8,56.86,2.449,11.54,WARNING,overspeed,0.3836
2025-01-01 12:25:00,3,1519.9,56.45,2.452,11.86,WARNING,overspeed,0.3881
2025-01-01 12:26:00,3,1533.0,55.5,2.307,12.15,WARNING,overspeed,0.3927
2025-01-01 12:27:00,3,1526.2,55.99,2.207,11.16,WARNING,overspeed,0.3973
2025-01-01 12:28:00,3,1527.0,55.71,2.328,12.24,WARNING,overspeed,0.4018
2025-01-01 12:29:00,3,1527.1,55.36,2.277,11.9,WARNING,overspeed,0.4064
2025-01-01 12:30:00,3,1526.9,54.33,2.374,11.75,WARNING,overspeed,0.411
2025-01-01 12:31:00,3,1524.8,54.1,2.424,11.76,WARNING,overspeed,0.4155
2025-01-01 12:32:00,3,1530.9,53.61,2.291,11.84,WARNING,overspeed,0.4201
2025-01-01 12:33:00,3,1528.4,54.16,2.324,11.64,WARNING,overspeed,0.4247
2025-01-01 12:34:00,3,1527.3,54.59,2.34,11.94,WARNING,overspeed,0.4292
2025-01-01 12:35:00,3,1535.0,54.68,2.305,11.47,WARNING,overspeed,0.4338
2025-01-01 12:36:00,3,1541.4,54.56,2.311,11.47,WARNING,overspeed,0.4384
2025-01-01 12:37:00,3,1537.0,54.97,2.295,11.82,WARNING,overspeed,0.4429
2025-01-01 12:38:00,3,1541.3,54.59,2.476,11.96,WARNING,overspeed,0.4475
2025-01-01 12:39:00,3,1533.2,54.18,2.34,11.61,WARNING,overspeed,0.4521
2025-01-01 12:40:00,3,1536.4,54.25,2.31,11.57,WARNING,overspeed,0.4566
2025-01-01 12:41:00,3,1545.4,54.56,2.383,12.37,WARNING,overspeed,0.4612
2025-01-01 12:42:00,3,1538.9,54.96,2.373,11.83,WARNING,overspeed,0.4658
2025-01-01 12:43:00,3,1551.7,55.2,2.298,12.0,WARNING,overspeed,0.4703
2025-01-01 12:44:00,3,1534.3,54.88,2.464,12.12,WARNING,overspeed,0.4749
2025-01-01 12:45:00,3,1543.0,55.56,2.229,11.51,WARNING,overspeed,0.4795
2025-01-01 12:46:00,3,1541.6,55.37,2.297,11.9,WARNING,overspeed,0.484
2025-01-01 12:47:00,3,1542.5,55.02,2.488,11.58,WARNING,overspeed,0.4886
2025-01-01 12:48:00,3,1546.6,54.86,2.519,12.2,WARNING,overspeed,0.4932
2025-01-01 12:49:00,3,1551.4,54.5,2.354,12.37,WARNING,overspeed,0.4977
2025-01-01 12:50:00,3,1554.3,55.06,2.376,12.44,WARNING,overspeed,0.5023
2025-01-01 12:51:00,3,1543.5,55.78,2.398,12.16,WARNING,overspeed,0.5068
2025-01-01 12:52:00,3,1549.1,55.94,2.463,12.18,WARNING,overspeed,0.5114
2025-01-01 12:53:00,3,1544.0,56.63,2.386,12.07,WARNING,overspeed,0.516
2025-01-01 12:54:00,3,1559.4,57.0,2.554,12.11,WARNING,overspeed,0.5205
2025-01-01 12:55:00,3,1549.0,56.32,2.47,11.86,WARNING,overspeed,0.5251
2025-01-01 12:56:00,3,1554.9,56.65,2.513,12.26,WARNING,overspeed,0.5297
2025-01-01 12:57:00,3,1555.4,56.88,2.559,12.11,WARNING,overspeed,0.5342
2025-01-01 12:58:00,3,1551.5,56.54,2.549,12.31,WARNING,overspeed,0.5388
2025-01-01 12:59:00,3,1556.4,56.04,2.458,12.04,WARNING,overspeed,0.5434
2025-01-01 13:00:00,3,1563.4,57.17,2.639,12.34,WARNING,overspeed,0.5479
2025-01-01 13:01:00,3,1557.1,57.29,2.849,12.17,WARNING,overspeed,0.5525
2025-01-01 13:02:00,3,1557.0,57.22,2.587,12.47,WARNING,overspeed,0.5571
2025-01-01 13:03:00,3,1568.9,56.77,2.582,12.35,WARNING,overspeed,0.5616
2025-01-01 13:04:00,3,1563.0,56.47,2.553,12.16,WARNING,overspeed,0.5662
2025-01-01 13:05:00,3,1575.3,56.26,2.549,11.98,WARNING,overspeed,0.5708
2025-01-01 13:06:00,3,1562.7,56.78,2.642,12.51,WARNING,overspeed,0.5753
2025-01-01 13:07:00,3,1560.7,56.59,2.63,12.17,WARNING,overspeed,0.5799
2025-01-01 13:08:00,3,1560.3,57.09,2.481,12.68,WARNING,overspeed,0.5845
2025-01-01 13:09:00,3,1570.8,56.3,2.618,12.64,WARNING,overspeed,0.589
2025-01-01 13:10:00,3,1571.2,56.71,2.642,12.63,WARNING,overspeed,0.5936
2025-01-01 13:11:00,3,1563.0,57.16,2.475,12.31,WARNING,overspeed,0.5982
2025-01-01 13:12:00,3,1572.4,56.91,2.498,12.27,WARNING,overspeed,0.6027
2025-01-01 13:13:00,3,1568.1,56.66,2.508,12.18,WARNING,overspeed,0.6073
2025-01-01 13:14:00,3,1571.4,57.4,2.537,12.53,WARNING,overspeed,0.6119
2025-01-01 13:15:00,3,1565.4,57.3,2.649,12.84,WARNING,overspeed,0.6164
2025-01-01 13:16:00,3,1570.1,57.99,2.805,12.52,WARNING,overspeed,0.621
2025-01-01 13:17:00,3,1576.2,58.19,2.654,12.74,WARNING,overspeed,0.6256
2025-01-01 13:18:00,3,1580.1,58.18,2.642,12.65,WARNING,overspeed,0.6301
2025-01-01 13:19:00,3,1579.6,58.44,2.6,12.91,WARNING,overspeed,0.6347
2025-01-01 13:20:00,3,1570.5,58.94,2.85,13.23,WARNING,overspeed,0.6393
2025-01-01 13:21:00,3,1585.3,57.95,2.739,12.27,WARNING,overspeed,0.6438
2025-01-01 13:22:00,3,1580.5,58.0,2.676,12.47,WARNING,overspeed,0.6484
2025-01-01 13:23:00,3,1583.3,58.84,2.592,12.6,WARNING,overspeed,0.653
2025-01-01 13:24:00,3,1575.9,59.08,2.854,12.6,WARNING,overspeed,0.6575
2025-01-01 13:25:00,3,1587.8,58.44,2.851,12.96,WARNING,overspeed,0.6621
2025-01-01 13:26:00,3,1589.0,58.61,2.687,12.81,WARNING,overspeed,0.6667
2025-01-01 13:27:00,3,1586.9,57.95,2.827,12.54,WARNING,overspeed,0.6712
2025-01-01 13:28:00,3,1589.9,58.05,2.82,13.04,WARNING,overspeed,0.6758
2025-01-01 13:29:00,3,1579.6,58.33,2.917,12.67,WARNING,overspeed,0.6804
2025-01-01 13:30:00,3,1584.5,58.24,3.002,12.54,WARNING,overspeed,0.6849
2025-01-01 13:31:00,3,1589.3,59.14,2.709,12.85,WARNING,overspeed,0.6895
2025-01-01 13:32:00,3,1587.4,59.08,2.885,12.08,WARNING,overspeed,0.6941
2025-01-01 13:33:00,3,1589.4,58.89,2.76,13.04,WARNING,overspeed,0.6986
2025-01-01 13:34:00,3,1591.2,58.33,2.819,12.29,FAULT,overspeed,0.7032
2025-01-01 13:35:00,3,1597.9,58.22,2.635,12.57,FAULT,overspeed,0.7078
2025-01-01 13:36:00,3,1602.9,58.98,2.969,12.62,FAULT,overspeed,0.7123
2025-01-01 13:37:00,3,1591.6,59.51,3.006,12.41,FAULT,overspeed,0.7169
2025-01-01 13:38:00,3,1594.4,59.57,2.787,12.69,FAULT,overspeed,0.7215
2025-01-01 13:39:00,3,1595.1,59.79,2.976,12.59,FAULT,overspeed,0.726
2025-01-01 13:40:00,3,1600.9,59.75,2.917,12.62,FAULT,overspeed,0.7306
2025-01-01 13:41:00,3,1602.5,60.12,3.17,12.95,FAULT,overspeed,0.7352
2025-01-01 13:42:00,3,1616.3,60.3,3.004,12.83,FAULT,overspeed,0.7397
2025-01-01 13:43:00,3,1597.0,60.43,2.905,12.57,FAULT,overspeed,0.7443
2025-01-01 13:44:00,3,1602.3,60.64,2.982,12.95,FAULT,overspeed,0.7489
2025-01-01 13:45:00,3,1603.4,60.78,2.9,12.95,FAULT,overspeed,0.7534
2025-01-01 13:46:00,3,1597.4,60.9,2.952,12.69,FAULT,overspeed,0.758
2025-01-01 13:47:00,3,1611.1,60.64,3.032,12.78,FAULT,overspeed,0.7626
2025-01-01 13:48:00,3,1604.3,60.37,2.979,12.62,FAULT,overspeed,0.7671
2025-01-01 13:49:00,3,1599.4,60.01,2.974,12.61,FAULT,overspeed,0.7717
2025-01-01 13:50:00,3,1608.7,59.03,3.088,12.31,FAULT,overspeed,0.7763
2025-01-01 13:51:00,3,1609.4,59.4,3.132,12.98,FAULT,overspeed,0.7808
2025-01-01 13:52:00,3,1604.9,59.41,3.026,12.61,FAULT,overspeed,0.7854
2025-01-01 13:53:00,3,1616.1,59.54,2.956,12.54,FAULT,overspeed,0.79
2025-01-01 13:54:00,3,1618.7,58.08,2.979,12.42,FAULT,overspeed,0.7945
2025-01-01 13:55:00,3,1612.6,58.28,3.024,12.23,FAULT,overspeed,0.7991
2025-01-01 13:56:00,3,1616.6,57.9,2.828,12.51,FAULT,overspeed,0.8037
2025-01-01 13:57:00,3,1620.5,57.89,2.955,12.45,FAULT,overspeed,0.8082
2025-01-01 13:58:00,3,1620.7,57.25,3.134,12.35,FAULT,overspeed,0.8128
2025-01-01 13:59:00,3,1613.0,57.17,3.06,12.39,FAULT,overspeed,0.8174
2025-01-01 14:00:00,3,1624.7,57.26,3.108,12.13,FAULT,overspeed,0.8219
2025-01-01 14:01:00,3,1623.9,57.14,3.192,12.82,FAULT,overspeed,0.8265
2025-01-01 14:02:00,3,1623.6,57.12,3.215,12.32,FAULT,overspeed,0.8311
2025-01-01 14:03:00,3,1617.4,56.49,3.113,12.04,FAULT,overspeed,0.8356
2025-01-01 14:04:00,3,1622.3,57.11,3.059,12.43,FAULT,overspeed,0.8402
2025-01-01 14:05:00,3,1623.0,57.09,3.166,11.8,FAULT,overspeed,0.8447
2025-01-01 14:06:00,3,1630.7,57.84,3.31,12.06,FAULT,overspeed,0.8493
2025-01-01 14:07:00,3,1622.3,58.79,3.067,12.4,FAULT,overspeed,0.8539
2025-01-01 14:08:00,3,1633.6,57.75,3.227,11.65,FAULT,overspeed,0.8584
2025-01-01 14:09:00,3,1633.0,57.9,3.199,11.91,FAULT,overspeed,0.863
2025-01-01 14:10:00,3,1634.1,58.61,3.371,12.2,FAULT,overspeed,0.8676
2025-01-01 14:11:00,3,1634.8,58.11,3.252,12.41,FAULT,overspeed,0.8721
2025-01-01 14:12:00,3,1650.0,58.43,3.324,12.22,FAULT,overspeed,0.8767
2025-01-01 14:13:00,3,1646.6,59.14,3.388,11.71,FAULT,overspeed,0.8813
2025-01-01 14:14:00,3,1636.7,59.31,3.314,11.78,FAULT,overspeed,0.8858
2025-01-01 14:15:00,3,1636.4,60.15,3.325,12.01,FAULT,overspeed,0.8904
2025-01-01 14:16:00,3,1650.8,59.71,3.33,12.08,FAULT,overspeed,0.895
2025-01-01 14:17:00,3,1647.6,60.02,3.294,11.95,FAULT,overspeed,0.8995
2025-01-01 14:18:00,3,1640.6,60.14,3.343,11.65,FAULT,overspeed,0.9041
2025-01-01 14:19:00,3,1654.3,59.47,3.451,12.4,FAULT,overspeed,0.9087
2025-01-01 14:20:00,3,1647.0,59.71,3.251,11.96,FAULT,overspeed,0.9132
2025-01-01 14:21:00,3,1647.6,58.84,3.203,11.68,FAULT,overspeed,0.9178
2025-01-01 14:22:00,3,1650.8,57.84,3.658,12.35,FAULT,overspeed,0.9224
2025-01-01 14:23:00,3,1656.7,57.79,3.526,11.61,FAULT,overspeed,0.9269
2025-01-01 14:24:00,3,1656.3,58.21,3.489,11.67,FAULT,overspeed,0.9315
2025-01-01 14:25:00,3,1641.4,58.27,3.401,12.27,FAULT,overspeed,0.9361
2025-01-01 14:26:00,3,1650.8,58.97,3.557,12.23,FAULT,overspeed,0.9406
2025-01-01 14:27:00,3,1659.0,59.05,3.594,12.17,FAULT,overspeed,0.9452
2025-01-01 14:28:00,3,1656.3,58.51,3.435,11.68,FAULT,overspeed,0.9498
2025-01-01 14:29:00,3,1655.7,58.51,3.51,12.35,FAULT,overspeed,0.9543
2025-01-01 14:30:00,3,1663.4,58.84,3.631,11.93,FAULT,overspeed,0.9589
2025-01-01 14:31:00,3,1658.5,58.23,3.676,12.15,FAULT,overspeed,0.9635
2025-01-01 14:32:00,3,1661.8,58.53,3.731,11.95,FAULT,overspeed,0.968
2025-01-01 14:33:00,3,1665.0,57.87,3.39,12.13,FAULT,overspeed,0.9726
2025-01-01 14:34:00,3,1660.4,57.87,3.681,12.1,FAULT,overspeed,0.9772
2025-01-01 14:35:00,3,1667.1,58.35,3.543,12.03,FAULT,overspeed,0.9817
2025-01-01 14:36:00,3,1662.5,57.65,3.569,11.96,FAULT,overspeed,0.9863
2025-01-01 14:37:00,3,1662.8,57.19,3.784,12.14,FAULT,overspeed,0.9909
2025-01-01 14:38:00,3,1661.0,57.38,3.573,12.45,FAULT,overspeed,0.9954
2025-01-01 14:39:00,3,1676.5,56.97,3.647,12.19,FAULT,overspeed,1.0
2025-01-01 14:40:00,4,1484.7,54.59,1.773,12.22,NORMAL,overload,0.0
2025-01-01 14:41:00,4,1480.9,54.86,1.828,11.99,NORMAL,overload,0.0046
2025-01-01 14:42:00,4,1478.6,55.42,1.749,12.46,NORMAL,overload,0.0091
2025-01-01 14:43:00,4,1476.1,54.79,1.847,11.9,NORMAL,overload,0.0137
2025-01-01 14:44:00,4,1485.0,54.74,1.666,12.35,NORMAL,overload,0.0183
2025-01-01 14:45:00,4,1478.7,54.42,1.836,12.29,NORMAL,overload,0.0228
2025-01-01 14:46:00,4,1483.3,54.49,1.814,11.86,NORMAL,overload,0.0274
2025-01-01 14:47:00,4,1486.6,54.05,1.94,12.39,NORMAL,overload,0.032
2025-01-01 14:48:00,4,1482.0,54.68,1.875,12.42,NORMAL,overload,0.0365
2025-01-01 14:49:00,4,1481.3,53.88,1.803,12.12,NORMAL,overload,0.0411
2025-01-01 14:50:00,4,1481.1,53.5,1.825,12.44,NORMAL,overload,0.0457
2025-01-01 14:51:00,4,1482.5,53.82,1.976,12.35,NORMAL,overload,0.0502
2025-01-01 14:52:00,4,1480.8,54.24,1.976,12.11,NORMAL,overload,0.0548
2025-01-01 14:53:00,4,1475.1,55.18,1.77,12.38,NORMAL,overload,0.0594
2025-01-01 14:54:00,4,1488.0,56.57,1.852,12.33,NORMAL,overload,0.0639
2025-01-01 14:55:00,4,1476.8,57.21,1.772,12.01,NORMAL,overload,0.0685
2025-01-01 14:56:00,4,1483.7,57.8,2.015,12.14,NORMAL,overload,0.0731
2025-01-01 14:57:00,4,1479.1,58.32,1.887,12.1,NORMAL,overload,0.0776
2025-01-01 14:58:00,4,1482.5,57.66,1.82,12.7,NORMAL,overload,0.0822
2025-01-01 14:59:00,4,1475.6,57.93,1.788,12.11,NORMAL,overload,0.0868
2025-01-01 15:00:00,4,1484.3,57.6,1.771,12.68,NORMAL,overload,0.0913
2025-01-01 15:01:00,4,1479.9,57.99,1.779,12.4,NORMAL,overload,0.0959
2025-01-01 15:02:00,4,1477.8,57.35,1.996,12.66,NORMAL,overload,0.1005
2025-01-01 15:03:00,4,1484.1,57.88,1.885,12.85,NORMAL,overload,0.105
2025-01-01 15:04:00,4,1474.6,57.1,1.826,12.65,NORMAL,overload,0.1096
2025-01-01 15:05:00,4,1476.4,56.42,1.947,12.77,NORMAL,overload,0.1142
2025-01-01 15:06:00,4,1469.8,56.2,1.976,12.71,NORMAL,overload,0.1187
2025-01-01 15:07:00,4,1476.0,56.15,1.723,13.11,NORMAL,overload,0.1233
2025-01-01 15:08:00,4,1484.1,56.45,1.85,13.13,NORMAL,overload,0.1279
2025-01-01 15:09:00,4,1481.4,56.76,1.907,12.95,NORMAL,overload,0.1324
2025-01-01 15:10:00,4,1475.8,56.86,2.007,12.58,NORMAL,overload,0.137
2025-01-01 15:11:00,4,1476.9,57.11,1.886,12.72,NORMAL,overload,0.1416
2025-01-01 15:12:00,4,1475.8,56.63,1.727,12.84,NORMAL,overload,0.1461
2025-01-01 15:13:00,4,1467.8,57.04,1.87,12.98,NORMAL,overload,0.1507
2025-01-01 15:14:00,4,1479.2,58.12,1.703,12.53,NORMAL,overload,0.1553
2025-01-01 15:15:00,4,1470.9,58.11,1.914,12.71,NORMAL,overload,0.1598
2025-01-01 15:16:00,4,1472.8,57.84,1.913,12.92,NORMAL,overload,0.1644
2025-01-01 15:17:00,4,1470.6,58.06,1.891,12.6,NORMAL,overload,0.1689
2025-01-01 15:18:00,4,1488.8,58.0,1.983,13.09,NORMAL,overload,0.1735
2025-01-01 15:19:00,4,1465.8,57.6,1.766,13.24,NORMAL,overload,0.1781
2025-01-01 15:20:00,4,1471.8,57.05,1.864,12.66,NORMAL,overload,0.1826
2025-01-01 15:21:00,4,1474.9,56.82,1.808,12.74,NORMAL,overload,0.1872
2025-01-01 15:22:00,4,1477.6,57.32,1.865,12.89,NORMAL,overload,0.1918
2025-01-01 15:23:00,4,1474.1,57.79,1.864,13.06,NORMAL,overload,0.1963
2025-01-01 15:24:00,4,1473.9,57.43,1.897,12.75,NORMAL,overload,0.2009
2025-01-01 15:25:00,4,1478.3,57.7,1.93,13.06,NORMAL,overload,0.2055
2025-01-01 15:26:00,4,1474.5,58.26,1.954,13.18,NORMAL,overload,0.21
2025-01-01 15:27:00,4,1473.5,58.6,2.015,13.01,NORMAL,overload,0.2146
2025-01-01 15:28:00,4,1475.3,58.93,1.923,12.77,NORMAL,overload,0.2192
2025-01-01 15:29:00,4,1487.9,58.64,1.875,12.97,NORMAL,overload,0.2237
2025-01-01 15:30:00,4,1471.0,58.39,2.038,12.78,NORMAL,overload,0.2283
2025-01-01 15:31:00,4,1465.3,58.74,1.849,12.52,NORMAL,overload,0.2329
2025-01-01 15:32:00,4,1487.1,59.18,1.885,12.53,NORMAL,overload,0.2374
2025-01-01 15:33:00,4,1469.2,58.79,2.028,12.88,NORMAL,overload,0.242
2025-01-01 15:34:00,4,1471.8,58.53,1.986,12.89,NORMAL,overload,0.2466
2025-01-01 15:35:00,4,1471.5,57.67,1.819,13.04,NORMAL,overload,0.2511
2025-01-01 15:36:00,4,1470.0,58.14,1.993,13.02,NORMAL,overload,0.2557
2025-01-01 15:37:00,4,1471.7,58.47,2.031,13.17,NORMAL,overload,0.2603
2025-01-01 15:38:00,4,1476.5,57.87,1.999,12.83,NORMAL,overload,0.2648
2025-01-01 15:39:00,4,1473.7,57.57,1.986,13.21,NORMAL,overload,0.2694
2025-01-01 15:40:00,4,1466.9,56.84,1.982,12.91,NORMAL,overload,0.274
2025-01-01 15:41:00,4,1473.1,57.85,1.791,12.69,NORMAL,overload,0.2785
2025-01-01 15:42:00,4,1480.1,58.06,1.848,12.85,NORMAL,overload,0.2831
2025-01-01 15:43:00,4,1479.6,59.0,1.913,12.81,NORMAL,overload,0.2877
2025-01-01 15:44:00,4,1468.6,58.95,2.019,12.56,NORMAL,overload,0.2922
2025-01-01 15:45:00,4,1462.0,58.97,1.872,13.14,NORMAL,overload,0.2968
2025-01-01 15:46:00,4,1468.5,59.17,1.902,12.87,NORMAL,overload,0.3014
2025-01-01 15:47:00,4,1474.8,59.28,1.746,12.72,NORMAL,overload,0.3059
2025-01-01 15:48:00,4,1469.1,59.15,2.007,13.0,NORMAL,overload,0.3105
2025-01-01 15:49:00,4,1466.8,58.84,1.956,13.22,NORMAL,overload,0.3151
2025-01-01 15:50:00,4,1468.8,58.8,1.996,13.32,NORMAL,overload,0.3196
2025-01-01 15:51:00,4,1473.7,58.82,2.09,12.92,NORMAL,overload,0.3242
2025-01-01 15:52:00,4,1467.0,59.07,1.967,13.16,NORMAL,overload,0.3288
2025-01-01 15:53:00,4,1469.6,60.25,1.896,12.71,NORMAL,overload,0.3333
2025-01-01 15:54:00,4,1467.3,60.33,1.93,13.31,NORMAL,overload,0.3379
2025-01-01 15:55:00,4,1470.9,60.18,1.989,12.88,NORMAL,overload,0.3425
2025-01-01 15:56:00,4,1460.8,61.08,1.997,13.05,NORMAL,overload,0.347
2025-01-01 15:57:00,4,1467.9,62.3,1.807,12.96,WARNING,overload,0.3516
2025-01-01 15:58:00,4,1471.6,61.61,1.943,13.14,WARNING,overload,0.3562
2025-01-01 15:59:00,4,1460.2,60.47,1.987,13.03,WARNING,overload,0.3607
2025-01-01 16:00:00,4,1461.0,60.64,2.022,12.92,WARNING,overload,0.3653
2025-01-01 16:01:00,4,1460.4,61.43,2.087,12.74,WARNING,overload,0.3699
2025-01-01 16:02:00,4,1457.7,62.12,1.934,13.16,WARNING,overload,0.3744
2025-01-01 16:03:00,4,1467.6,61.38,2.082,13.07,WARNING,overload,0.379
2025-01-01 16:04:00,4,1463.3,61.48,1.932,12.77,WARNING,overload,0.3836
2025-01-01 16:05:00,4,1459.9,61.53,2.07,12.78,WARNING,overload,0.3881
2025-01-01 16:06:00,4,1462.8,62.06,2.169,13.21,WARNING,overload,0.3927
2025-01-01 16:07:00,4,1461.2,61.7,2.055,12.91,WARNING,overload,0.3973
2025-01-01 16:08:00,4,1463.4,60.91,1.991,12.87,WARNING,overload,0.4018
2025-01-01 16:09:00,4,1452.8,60.16,1.966,13.36,WARNING,overload,0.4064
2025-01-01 16:10:00,4,1457.4,60.5,2.221,13.07,WARNING,overload,0.411
2025-01-01 16:11:00,4,1467.1,60.53,2.126,12.88,WARNING,overload,0.4155
2025-01-01 16:12:00,4,1455.6,60.17,2.288,12.89,WARNING,overload,0.4201
2025-01-01 16:13:00,4,1458.2,61.62,1.945,13.66,WARNING,overload,0.4247
2025-01-01 16:14:00,4,1460.7,61.54,1.964,12.8,WARNING,overload,0.4292
2025-01-01 16:15:00,4,1461.3,61.81,2.028,13.45,WARNING,overload,0.4338
2025-01-01 16:16:00,4,1464.2,62.2,2.062,13.15,WARNING,overload,0.4384
2025-01-01 16:17:00,4,1462.4,61.51,2.174,13.67,WARNING,overload,0.4429
2025-01-01 16:18:00,4,1454.9,62.03,2.032,13.24,WARNING,overload,0.4475
2025-01-01 16:19:00,4,1463.5,62.22,2.202,13.65,WARNING,overload,0.4521
2025-01-01 16:20:00,4,1467.5,63.04,2.15,13.61,WARNING,overload,0.4566
2025-01-01 16:21:00,4,1461.8,63.38,2.086,13.42,WARNING,overload,0.4612
2025-01-01 16:22:00,4,1467.1,62.35,2.113,14.0,WARNING,overload,0.4658
2025-01-01 16:23:00,4,1460.4,63.68,2.119,13.54,WARNING,overload,0.4703
2025-01-01 16:24:00,4,1460.0,62.64,2.091,13.78,WARNING,overload,0.4749
2025-01-01 16:25:00,4,1456.3,62.37,2.22,13.66,WARNING,overload,0.4795
2025-01-01 16:26:00,4,1466.3,62.35,2.257,14.0,WARNING,overload,0.484
2025-01-01 16:27:00,4,1458.3,62.07,2.069,13.67,WARNING,overload,0.4886
2025-01-01 16:28:00,4,1456.1,62.49,2.053,13.58,WARNING,overload,0.4932
2025-01-01 16:29:00,4,1460.1,62.91,2.305,13.85,WARNING,overload,0.4977
2025-01-01 16:30:00,4,1460.2,63.53,2.133,14.26,WARNING,overload,0.5023
2025-01-01 16:31:00,4,1460.0,63.01,2.138,14.04,WARNING,overload,0.5068
2025-01-01 16:32:00,4,1454.0,63.5,2.109,13.9,WARNING,overload,0.5114
2025-01-01 16:33:00,4,1463.7,63.21,2.088,14.31,WARNING,overload,0.516
2025-01-01 16:34:00,4,1455.9,63.17,2.113,14.44,WARNING,overload,0.5205
2025-01-01 16:35:00,4,1462.2,62.88,2.158,14.19,WARNING,overload,0.5251
2025-01-01 16:36:00,4,1458.1,64.41,2.267,14.47,WARNING,overload,0.5297
2025-01-01 16:37:00,4,1463.7,64.85,2.162,14.38,WARNING,overload,0.5342
2025-01-01 16:38:00,4,1452.1,65.15,2.303,14.61,WARNING,overload,0.5388
2025-01-01 16:39:00,4,1459.4,65.25,2.359,14.62,WARNING,overload,0.5434
2025-01-01 16:40:00,4,1463.2,65.42,2.295,14.56,WARNING,overload,0.5479
2025-01-01 16:41:00,4,1456.3,64.82,2.244,14.36,WARNING,overload,0.5525
2025-01-01 16:42:00,4,1450.6,65.43,2.127,14.59,WARNING,overload,0.5571
2025-01-01 16:43:00,4,1453.9,65.43,2.239,14.5,WARNING,overload,0.5616
2025-01-01 16:44:00,4,1457.4,65.77,2.281,14.69,WARNING,overload,0.5662
2025-01-01 16:45:00,4,1465.1,65.92,2.23,14.75,WARNING,overload,0.5708
2025-01-01 16:46:00,4,1454.3,65.44,2.222,14.98,WARNING,overload,0.5753
2025-01-01 16:47:00,4,1448.7,65.5,2.228,15.0,WARNING,overload,0.5799
2025-01-01 16:48:00,4,1452.3,65.81,2.253,15.32,WARNING,overload,0.5845
2025-01-01 16:49:00,4,1454.9,66.34,2.201,15.3,WARNING,overload,0.589
2025-01-01 16:50:00,4,1456.9,66.59,2.324,15.36,WARNING,overload,0.5936
2025-01-01 16:51:00,4,1453.5,66.56,2.362,15.11,WARNING,overload,0.5982
2025-01-01 16:52:00,4,1452.8,66.84,2.307,15.12,WARNING,overload,0.6027
2025-01-01 16:53:00,4,1451.1,67.07,2.065,15.32,WARNING,overload,0.6073
2025-01-01 16:54:00,4,1450.5,66.96,2.412,15.13,WARNING,overload,0.6119
2025-01-01 16:55:00,4,1437.9,67.05,2.239,15.39,WARNING,overload,0.6164
2025-01-01 16:56:00,4,1456.2,67.22,2.371,15.56,WARNING,overload,0.621
2025-01-01 16:57:00,4,1455.4,66.72,2.293,15.38,WARNING,overload,0.6256
2025-01-01 16:58:00,4,1447.8,67.22,2.372,16.21,WARNING,overload,0.6301
2025-01-01 16:59:00,4,1445.8,66.75,2.193,15.83,WARNING,overload,0.6347
2025-01-01 17:00:00,4,1452.1,67.15,2.389,15.85,WARNING,overload,0.6393
2025-01-01 17:01:00,4,1451.8,68.56,2.333,15.59,WARNING,overload,0.6438
2025-01-01 17:02:00,4,1446.9,69.49,2.396,15.23,WARNING,overload,0.6484
2025-01-01 17:03:00,4,1455.7,69.95,2.33,16.02,WARNING,overload,0.653
2025-01-01 17:04:00,4,1444.8,69.79,2.386,15.72,WARNING,overload,0.6575
2025-01-01 17:05:00,4,1453.3,69.61,2.432,15.79,WARNING,overload,0.6621
2025-01-01 17:06:00,4,1444.1,70.03,2.415,15.76,WARNING,overload,0.6667
2025-01-01 17:07:00,4,1450.7,70.08,2.341,16.3,WARNING,overload,0.6712
2025-01-01 17:08:00,4,1445.6,69.92,2.261,16.34,WARNING,overload,0.6758
2025-01-01 17:09:00,4,1448.1,69.88,2.354,15.86,WARNING,overload,0.6804
2025-01-01 17:10:00,4,1452.9,70.33,2.386,15.91,WARNING,overload,0.6849
2025-01-01 17:11:00,4,1444.9,70.39,2.708,16.27,WARNING,overload,0.6895
2025-01-01 17:12:00,4,1452.4,71.66,2.199,16.26,WARNING,overload,0.6941
2025-01-01 17:13:00,4,1444.4,72.49,2.215,16.17,WARNING,overload,0.6986
2025-01-01 17:14:00,4,1446.5,72.21,2.308,16.13,FAULT,overload,0.7032
2025-01-01 17:15:00,4,1446.1,72.5,2.526,16.6,FAULT,overload,0.7078
2025-01-01 17:16:00,4,1437.3,71.87,2.271,16.5,FAULT,overload,0.7123
2025-01-01 17:17:00,4,1442.5,71.52,2.437,16.11,FAULT,overload,0.7169
2025-01-01 17:18:00,4,1442.8,72.06,2.462,16.69,FAULT,overload,0.7215
2025-01-01 17:19:00,4,1443.3,71.98,2.345,16.18,FAULT,overload,0.726
2025-01-01 17:20:00,4,1444.6,71.79,2.458,15.95,FAULT,overload,0.7306
2025-01-01 17:21:00,4,1448.2,73.22,2.438,16.15,FAULT,overload,0.7352
2025-01-01 17:22:00,4,1441.7,73.1,2.474,16.62,FAULT,overload,0.7397
2025-01-01 17:23:00,4,1437.8,73.61,2.653,16.8,FAULT,overload,0.7443
2025-01-01 17:24:00,4,1444.0,73.23,2.348,16.89,FAULT,overload,0.7489
2025-01-01 17:25:00,4,1442.2,73.51,2.291,16.08,FAULT,overload,0.7534
2025-01-01 17:26:00,4,1436.4,74.67,2.261,16.75,FAULT,overload,0.758
2025-01-01 17:27:00,4,1447.0,75.05,2.44,16.63,FAULT,overload,0.7626
2025-01-01 17:28:00,4,1445.3,75.1,2.437,16.66,FAULT,overload,0.7671
2025-01-01 17:29:00,4,1442.1,75.7,2.465,16.64,FAULT,overload,0.7717
2025-01-01 17:30:00,4,1445.0,75.35,2.532,17.12,FAULT,overload,0.7763
2025-01-01 17:31:00,4,1446.7,74.67,2.545,17.52,FAULT,overload,0.7808
2025-01-01 17:32:00,4,1434.8,75.68,2.538,16.82,FAULT,overload,0.7854
2025-01-01 17:33:00,4,1434.5,75.93,2.594,17.03,FAULT,overload,0.79
2025-01-01 17:34:00,4,1432.7,76.11,2.651,17.06,FAULT,overload,0.7945
2025-01-01 17:35:00,4,1438.2,76.3,2.537,16.75,FAULT,overload,0.7991
2025-01-01 17:36:00,4,1436.9,75.79,2.434,16.52,FAULT,overload,0.8037
2025-01-01 17:37:00,4,1437.5,76.0,2.524,16.85,FAULT,overload,0.8082
2025-01-01 17:38:00,4,1432.9,75.73,2.682,16.75,FAULT,overload,0.8128
2025-01-01 17:39:00,4,1438.1,76.22,2.351,16.63,FAULT,overload,0.8174
2025-01-01 17:40:00,4,1426.6,75.98,2.66,17.22,FAULT,overload,0.8219
2025-01-01 17:41:00,4,1436.4,76.41,2.666,16.74,FAULT,overload,0.8265
2025-01-01 17:42:00,4,1431.2,76.54,2.509,16.67,FAULT,overload,0.8311
2025-01-01 17:43:00,4,1440.0,75.95,2.545,16.57,FAULT,overload,0.8356
2025-01-01 17:44:00,4,1435.8,75.82,2.76,17.0,FAULT,overload,0.8402
2025-01-01 17:45:00,4,1437.2,75.44,2.552,16.83,FAULT,overload,0.8447
2025-01-01 17:46:00,4,1440.1,75.38,2.32,17.14,FAULT,overload,0.8493
2025-01-01 17:47:00,4,1430.6,75.24,2.764,16.78,FAULT,overload,0.8539
2025-01-01 17:48:00,4,1431.6,74.7,2.638,16.86,FAULT,overload,0.8584
2025-01-01 17:49:00,4,1427.6,75.27,2.735,17.01,FAULT,overload,0.863
2025-01-01 17:50:00,4,1430.2,75.45,2.539,17.43,FAULT,overload,0.8676
2025-01-01 17:51:00,4,1428.9,75.42,2.729,16.85,FAULT,overload,0.8721
2025-01-01 17:52:00,4,1430.8,76.76,2.621,17.12,FAULT,overload,0.8767
2025-01-01 17:53:00,4,1432.0,76.9,2.378,17.16,FAULT,overload,0.8813
2025-01-01 17:54:00,4,1430.2,76.99,2.66,17.09,FAULT,overload,0.8858
2025-01-01 17:55:00,4,1432.7,78.63,2.583,16.89,FAULT,overload,0.8904
2025-01-01 17:56:00,4,1425.6,78.59,2.657,16.77,FAULT,overload,0.895
2025-01-01 17:57:00,4,1424.1,78.75,2.606,17.43,FAULT,overload,0.8995
2025-01-01 17:58:00,4,1431.3,78.08,2.472,17.66,FAULT,overload,0.9041
2025-01-01 17:59:00,4,1435.7,77.7,2.774,17.37,FAULT,overload,0.9087
2025-01-01 18:00:00,4,1428.4,77.71,2.623,17.26,FAULT,overload,0.9132
2025-01-01 18:01:00,4,1417.1,77.62,2.799,17.27,FAULT,overload,0.9178
2025-01-01 18:02:00,4,1424.0,76.68,2.724,17.1,FAULT,overload,0.9224
2025-01-01 18:03:00,4,1428.5,76.46,2.748,17.3,FAULT,overload,0.9269
2025-01-01 18:04:00,4,1426.5,76.5,2.542,17.13,FAULT,overload,0.9315
2025-01-01 18:05:00,4,1429.9,77.91,2.667,17.31,FAULT,overload,0.9361
2025-01-01 18:06:00,4,1427.0,77.86,2.749,17.37,FAULT,overload,0.9406
2025-01-01 18:07:00,4,1413.9,78.05,2.823,17.61,FAULT,overload,0.9452
2025-01-01 18:08:00,4,1423.8,78.04,2.805,17.15,FAULT,overload,0.9498
2025-01-01 18:09:00,4,1418.4,77.25,2.924,17.8,FAULT,overload,0.9543
2025-01-01 18:10:00,4,1416.1,77.04,2.725,17.51,FAULT,overload,0.9589
2025-01-01 18:11:00,4,1433.0,77.21,2.78,17.79,FAULT,overload,0.9635
2025-01-01 18:12:00,4,1426.5,78.04,2.711,17.64,FAULT,overload,0.968
2025-01-01 18:13:00,4,1414.3,79.1,2.933,17.81,FAULT,overload,0.9726
2025-01-01 18:14:00,4,1416.7,79.52,2.665,17.52,FAULT,overload,0.9772
2025-01-01 18:15:00,4,1422.0,79.15,2.722,17.61,FAULT,overload,0.9817
2025-01-01 18:16:00,4,1421.0,80.27,2.729,17.74,FAULT,overload,0.9863
2025-01-01 18:17:00,4,1420.4,80.6,2.926,17.83,FAULT,overload,0.9909
2025-01-01 18:18:00,4,1420.1,80.73,2.607,18.37,FAULT,overload,0.9954
2025-01-01 18:19:00,4,1423.7,80.5,2.717,18.03,FAULT,overload,1.0
2025-01-01 18:20:00,5,1486.2,55.68,1.825,12.09,NORMAL,bearing_degradation,0.0
2025-01-01 18:21:00,5,1485.8,55.24,1.862,11.67,NORMAL,bearing_degradation,0.0046
2025-01-01 18:22:00,5,1475.0,54.53,1.862,12.09,NORMAL,bearing_degradation,0.0091
2025-01-01 18:23:00,5,1479.1,53.81,1.687,12.06,NORMAL,bearing_degradation,0.0137
2025-01-01 18:24:00,5,1482.6,54.46,1.84,12.58,NORMAL,bearing_degradation,0.0183
2025-01-01 18:25:00,5,1477.9,54.12,1.88,11.78,NORMAL,bearing_degradation,0.0228
2025-01-01 18:26:00,5,1481.7,53.82,1.644,12.14,NORMAL,bearing_degradation,0.0274
2025-01-01 18:27:00,5,1480.5,54.1,1.736,12.28,NORMAL,bearing_degradation,0.032
2025-01-01 18:28:00,5,1487.0,54.22,1.828,12.01,NORMAL,bearing_degradation,0.0365
2025-01-01 18:29:00,5,1473.3,55.7,1.866,12.37,NORMAL,bearing_degradation,0.0411
2025-01-01 18:30:00,5,1476.9,55.84,1.817,12.11,NORMAL,bearing_degradation,0.0457
2025-01-01 18:31:00,5,1481.9,55.56,1.841,12.54,NORMAL,bearing_degradation,0.0502
2025-01-01 18:32:00,5,1484.9,55.49,1.895,12.29,NORMAL,bearing_degradation,0.0548
2025-01-01 18:33:00,5,1492.1,55.23,1.791,12.39,NORMAL,bearing_degradation,0.0594
2025-01-01 18:34:00,5,1488.9,55.66,1.937,12.17,NORMAL,bearing_degradation,0.0639
2025-01-01 18:35:00,5,1481.3,55.98,1.829,12.55,NORMAL,bearing_degradation,0.0685
2025-01-01 18:36:00,5,1481.1,56.19,1.876,12.48,NORMAL,bearing_degradation,0.0731
2025-01-01 18:37:00,5,1480.3,55.75,1.834,12.82,NORMAL,bearing_degradation,0.0776
2025-01-01 18:38:00,5,1482.1,55.47,1.868,12.85,NORMAL,bearing_degradation,0.0822
2025-01-01 18:39:00,5,1476.3,55.01,1.822,12.51,NORMAL,bearing_degradation,0.0868
2025-01-01 18:40:00,5,1477.6,55.07,1.731,12.5,NORMAL,bearing_degradation,0.0913
2025-01-01 18:41:00,5,1472.6,55.79,2.009,12.13,NORMAL,bearing_degradation,0.0959
2025-01-01 18:42:00,5,1476.5,55.52,2.062,12.66,NORMAL,bearing_degradation,0.1005
2025-01-01 18:43:00,5,1475.4,55.73,1.987,12.42,NORMAL,bearing_degradation,0.105
2025-01-01 18:44:00,5,1486.4,56.49,1.882,12.52,NORMAL,bearing_degradation,0.1096
2025-01-01 18:45:00,5,1484.0,55.8,1.941,12.43,NORMAL,bearing_degradation,0.1142
2025-01-01 18:46:00,5,1474.7,56.14,1.991,12.48,NORMAL,bearing_degradation,0.1187
2025-01-01 18:47:00,5,1485.2,56.5,1.872,12.46,NORMAL,bearing_degradation,0.1233
2025-01-01 18:48:00,5,1476.5,56.88,2.105,12.75,NORMAL,bearing_degradation,0.1279
2025-01-01 18:49:00,5,1489.0,57.26,1.864,12.53,NORMAL,bearing_degradation,0.1324
2025-01-01 18:50:00,5,1475.4,57.76,2.029,12.25,NORMAL,bearing_degradation,0.137
2025-01-01 18:51:00,5,1485.3,57.37,2.037,12.07,NORMAL,bearing_degradation,0.1416
2025-01-01 18:52:00,5,1482.8,58.16,2.025,11.86,NORMAL,bearing_degradation,0.1461
2025-01-01 18:53:00,5,1480.7,57.89,1.963,12.78,NORMAL,bearing_degradation,0.1507
2025-01-01 18:54:00,5,1476.6,58.83,2.076,12.98,NORMAL,bearing_degradation,0.1553
2025-01-01 18:55:00,5,1481.8,58.2,2.096,12.73,NORMAL,bearing_degradation,0.1598
2025-01-01 18:56:00,5,1483.2,58.2,2.002,12.6,NORMAL,bearing_degradation,0.1644
2025-01-01 18:57:00,5,1482.5,58.42,2.088,11.75,NORMAL,bearing_degradation,0.1689
2025-01-01 18:58:00,5,1483.2,59.35,2.129,12.49,NORMAL,bearing_degradation,0.1735
2025-01-01 18:59:00,5,1481.6,59.52,2.14,12.76,NORMAL,bearing_degradation,0.1781
2025-01-01 19:00:00,5,1475.5,59.88,1.894,12.37,NORMAL,bearing_degradation,0.1826
2025-01-01 19:01:00,5,1478.2,60.46,2.196,12.52,NORMAL,bearing_degradation,0.1872
2025-01-01 19:02:00,5,1478.5,61.08,2.178,12.6,NORMAL,bearing_degradation,0.1918
2025-01-01 19:03:00,5,1471.5,61.64,2.107,12.67,NORMAL,bearing_degradation,0.1963
2025-01-01 19:04:00,5,1481.2,61.8,2.134,12.64,NORMAL,bearing_degradation,0.2009
2025-01-01 19:05:00,5,1478.2,62.46,2.203,12.73,NORMAL,bearing_degradation,0.2055
2025-01-01 19:06:00,5,1483.7,62.37,2.189,12.4,NORMAL,bearing_degradation,0.21
2025-01-01 19:07:00,5,1479.4,62.68,2.215,12.14,NORMAL,bearing_degradation,0.2146
2025-01-01 19:08:00,5,1474.3,63.3,2.171,12.41,NORMAL,bearing_degradation,0.2192
2025-01-01 19:09:00,5,1477.9,63.68,2.162,12.23,NORMAL,bearing_degradation,0.2237
2025-01-01 19:10:00,5,1465.9,63.48,2.143,13.03,NORMAL,bearing_degradation,0.2283
2025-01-01 19:11:00,5,1474.5,63.46,2.246,12.35,NORMAL,bearing_degradation,0.2329
2025-01-01 19:12:00,5,1489.2,63.43,2.299,12.18,NORMAL,bearing_degradation,0.2374
2025-01-01 19:13:00,5,1476.5,62.24,2.179,11.85,NORMAL,bearing_degradation,0.242
2025-01-01 19:14:00,5,1475.5,61.43,2.178,12.35,NORMAL,bearing_degradation,0.2466
2025-01-01 19:15:00,5,1464.3,61.05,2.204,12.13,NORMAL,bearing_degradation,0.2511
2025-01-01 19:16:00,5,1487.6,61.04,2.259,12.45,NORMAL,bearing_degradation,0.2557
2025-01-01 19:17:00,5,1479.8,60.67,2.251,12.19,NORMAL,bearing_degradation,0.2603
2025-01-01 19:18:00,5,1480.9,61.25,2.322,11.95,NORMAL,bearing_degradation,0.2648
2025-01-01 19:19:00,5,1482.1,61.22,2.316,12.2,NORMAL,bearing_degradation,0.2694
2025-01-01 19:20:00,5,1475.7,60.78,2.38,11.99,NORMAL,bearing_degradation,0.274
2025-01-01 19:21:00,5,1471.9,60.55,2.353,12.26,NORMAL,bearing_degradation,0.2785
2025-01-01 19:22:00,5,1492.6,61.12,2.489,12.43,NORMAL,bearing_degradation,0.2831
2025-01-01 19:23:00,5,1489.3,61.0,2.34,11.44,NORMAL,bearing_degradation,0.2877
2025-01-01 19:24:00,5,1482.8,61.8,2.447,12.13,NORMAL,bearing_degradation,0.2922
2025-01-01 19:25:00,5,1481.9,61.28,2.526,11.8,NORMAL,bearing_degradation,0.2968
2025-01-01 19:26:00,5,1488.1,61.1,2.472,11.86,NORMAL,bearing_degradation,0.3014
2025-01-01 19:27:00,5,1476.8,60.52,2.406,11.68,NORMAL,bearing_degradation,0.3059
2025-01-01 19:28:00,5,1479.0,60.95,2.432,12.25,NORMAL,bearing_degradation,0.3105
2025-01-01 19:29:00,5,1481.3,61.36,2.432,11.93,NORMAL,bearing_degradation,0.3151
2025-01-01 19:30:00,5,1483.6,61.55,2.513,12.21,NORMAL,bearing_degradation,0.3196
2025-01-01 19:31:00,5,1484.0,61.87,2.488,11.47,NORMAL,bearing_degradation,0.3242
2025-01-01 19:32:00,5,1483.6,61.85,2.613,12.01,NORMAL,bearing_degradation,0.3288
2025-01-01 19:33:00,5,1476.0,61.75,2.627,12.0,NORMAL,bearing_degradation,0.3333
2025-01-01 19:34:00,5,1485.5,62.78,2.494,11.73,NORMAL,bearing_degradation,0.3379
2025-01-01 19:35:00,5,1484.3,62.94,2.564,11.93,NORMAL,bearing_degradation,0.3425
2025-01-01 19:36:00,5,1466.3,62.84,2.523,11.84,NORMAL,bearing_degradation,0.347
2025-01-01 19:37:00,5,1481.2,62.43,2.753,11.76,WARNING,bearing_degradation,0.3516
2025-01-01 19:38:00,5,1481.6,62.48,2.616,11.79,WARNING,bearing_degradation,0.3562
2025-01-01 19:39:00,5,1491.2,62.69,2.429,11.72,WARNING,bearing_degradation,0.3607
2025-01-01 19:40:00,5,1476.1,62.87,2.779,12.01,WARNING,bearing_degradation,0.3653
2025-01-01 19:41:00,5,1478.6,63.03,2.688,11.77,WARNING,bearing_degradation,0.3699
2025-01-01 19:42:00,5,1479.1,62.62,2.744,11.98,WARNING,bearing_degradation,0.3744
2025-01-01 19:43:00,5,1474.7,63.04,2.544,12.0,WARNING,bearing_degradation,0.379
2025-01-01 19:44:00,5,1482.5,62.99,2.595,12.23,WARNING,bearing_degradation,0.3836
2025-01-01 19:45:00,5,1480.8,63.01,2.86,11.53,WARNING,bearing_degradation,0.3881
2025-01-01 19:46:00,5,1480.9,64.13,3.097,11.85,WARNING,bearing_degradation,0.3927
2025-01-01 19:47:00,5,1486.0,64.83,2.842,11.53,WARNING,bearing_degradation,0.3973
2025-01-01 19:48:00,5,1472.5,63.6,2.996,11.83,WARNING,bearing_degradation,0.4018
2025-01-01 19:49:00,5,1478.3,64.27,2.909,11.72,WARNING,bearing_degradation,0.4064
2025-01-01 19:50:00,5,1475.7,64.52,2.708,11.77,WARNING,bearing_degradation,0.411
2025-01-01 19:51:00,5,1478.3,64.91,3.009,11.58,WARNING,bearing_degradation,0.4155
2025-01-01 19:52:00,5,1480.3,65.12,2.714,11.47,WARNING,bearing_degradation,0.4201
2025-01-01 19:53:00,5,1489.9,63.77,2.973,11.37,WARNING,bearing_degradation,0.4247
2025-01-01 19:54:00,5,1483.7,63.77,2.914,12.1,WARNING,bearing_degradation,0.4292
2025-01-01 19:55:00,5,1481.8,64.03,3.04,11.71,WARNING,bearing_degradation,0.4338
2025-01-01 19:56:00,5,1480.1,64.98,3.023,11.83,WARNING,bearing_degradation,0.4384
2025-01-01 19:57:00,5,1477.7,65.03,2.826,12.34,WARNING,bearing_degradation,0.4429
2025-01-01 19:58:00,5,1477.2,65.22,2.99,11.88,WARNING,bearing_degradation,0.4475
2025-01-01 19:59:00,5,1479.9,64.43,3.011,11.92,WARNING,bearing_degradation,0.4521
2025-01-01 20:00:00,5,1489.4,64.28,3.017,12.04,WARNING,bearing_degradation,0.4566
2025-01-01 20:01:00,5,1477.6,64.58,2.974,12.28,WARNING,bearing_degradation,0.4612
2025-01-01 20:02:00,5,1483.8,65.04,2.995,11.82,WARNING,bearing_degradation,0.4658
2025-01-01 20:03:00,5,1486.4,64.62,2.866,11.62,WARNING,bearing_degradation,0.4703
2025-01-01 20:04:00,5,1474.6,64.91,3.012,11.57,WARNING,bearing_degradation,0.4749
2025-01-01 20:05:00,5,1469.9,65.76,3.006,12.29,WARNING,bearing_degradation,0.4795
2025-01-01 20:06:00,5,1480.9,65.75,3.026,11.63,WARNING,bearing_degradation,0.484
2025-01-01 20:07:00,5,1479.8,66.66,3.271,12.27,WARNING,bearing_degradation,0.4886
2025-01-01 20:08:00,5,1476.3,67.06,3.188,11.98,WARNING,bearing_degradation,0.4932
2025-01-01 20:09:00,5,1490.2,68.15,2.989,12.03,WARNING,bearing_degradation,0.4977
2025-01-01 20:10:00,5,1472.7,68.39,3.145,11.98,WARNING,bearing_degradation,0.5023
2025-01-01 20:11:00,5,1472.0,69.0,3.317,12.31,WARNING,bearing_degradation,0.5068
2025-01-01 20:12:00,5,1475.6,69.14,3.274,11.95,WARNING,bearing_degradation,0.5114
2025-01-01 20:13:00,5,1490.8,69.56,3.294,11.9,WARNING,bearing_degradation,0.516
2025-01-01 20:14:00,5,1473.2,69.64,3.152,11.97,WARNING,bearing_degradation,0.5205
2025-01-01 20:15:00,5,1484.7,69.42,3.395,12.39,WARNING,bearing_degradation,0.5251
2025-01-01 20:16:00,5,1477.3,69.69,3.376,12.13,WARNING,bearing_degradation,0.5297
2025-01-01 20:17:00,5,1482.2,70.9,3.318,12.37,WARNING,bearing_degradation,0.5342
2025-01-01 20:18:00,5,1479.1,70.44,3.532,12.49,WARNING,bearing_degradation,0.5388
2025-01-01 20:19:00,5,1474.5,70.77,3.295,12.16,WARNING,bearing_degradation,0.5434
2025-01-01 20:20:00,5,1483.1,70.92,3.584,12.48,WARNING,bearing_degradation,0.5479
2025-01-01 20:21:00,5,1469.6,71.4,3.452,12.44,WARNING,bearing_degradation,0.5525
2025-01-01 20:22:00,5,1490.5,71.28,3.624,12.66,WARNING,bearing_degradation,0.5571
2025-01-01 20:23:00,5,1477.4,71.95,3.471,12.3,WARNING,bearing_degradation,0.5616
2025-01-01 20:24:00,5,1481.8,72.37,3.362,12.83,WARNING,bearing_degradation,0.5662
2025-01-01 20:25:00,5,1471.4,73.2,3.518,12.63,WARNING,bearing_degradation,0.5708
2025-01-01 20:26:00,5,1478.3,72.8,3.655,12.63,WARNING,bearing_degradation,0.5753
2025-01-01 20:27:00,5,1472.9,73.33,3.716,12.91,WARNING,bearing_degradation,0.5799
2025-01-01 20:28:00,5,1487.5,73.2,3.729,12.81,WARNING,bearing_degradation,0.5845
2025-01-01 20:29:00,5,1488.7,73.26,3.68,12.57,WARNING,bearing_degradation,0.589
2025-01-01 20:30:00,5,1481.3,73.21,3.404,12.87,WARNING,bearing_degradation,0.5936
2025-01-01 20:31:00,5,1481.9,73.3,3.58,12.66,WARNING,bearing_degradation,0.5982
2025-01-01 20:32:00,5,1479.2,73.98,3.929,13.1,WARNING,bearing_degradation,0.6027
2025-01-01 20:33:00,5,1479.9,74.01,3.809,13.06,WARNING,bearing_degradation,0.6073
2025-01-01 20:34:00,5,1479.6,75.52,3.464,13.08,WARNING,bearing_degradation,0.6119
2025-01-01 20:35:00,5,1480.4,75.36,3.443,12.98,WARNING,bearing_degradation,0.6164
2025-01-01 20:36:00,5,1476.7,75.48,3.844,12.91,WARNING,bearing_degradation,0.621
2025-01-01 20:37:00,5,1476.8,75.31,3.797,12.77,WARNING,bearing_degradation,0.6256
2025-01-01 20:38:00,5,1478.3,75.05,3.848,12.84,WARNING,bearing_degradation,0.6301
2025-01-01 20:39:00,5,1484.9,75.27,3.437,12.8,WARNING,bearing_degradation,0.6347
2025-01-01 20:40:00,5,1480.7,75.45,3.924,13.21,WARNING,bearing_degradation,0.6393
2025-01-01 20:41:00,5,1482.9,76.95,3.894,12.52,WARNING,bearing_degradation,0.6438
2025-01-01 20:42:00,5,1472.8,77.46,3.948,13.06,WARNING,bearing_degradation,0.6484
2025-01-01 20:43:00,5,1477.5,77.76,4.029,12.59,WARNING,bearing_degradation,0.653
2025-01-01 20:44:00,5,1477.2,78.63,3.835,13.1,WARNING,bearing_degradation,0.6575
2025-01-01 20:45:00,5,1478.3,78.42,4.068,13.01,WARNING,bearing_degradation,0.6621
2025-01-01 20:46:00,5,1478.7,78.94,3.934,12.84,WARNING,bearing_degradation,0.6667
2025-01-01 20:47:00,5,1481.2,79.42,3.768,12.61,WARNING,bearing_degradation,0.6712
2025-01-01 20:48:00,5,1475.9,79.02,4.067,13.23,WARNING,bearing_degradation,0.6758
2025-01-01 20:49:00,5,1472.9,79.15,4.291,13.13,WARNING,bearing_degradation,0.6804
2025-01-01 20:50:00,5,1475.3,79.95,3.992,12.75,WARNING,bearing_degradation,0.6849
2025-01-01 20:51:00,5,1476.1,79.7,4.253,12.95,WARNING,bearing_degradation,0.6895
2025-01-01 20:52:00,5,1477.9,79.96,3.721,13.03,WARNING,bearing_degradation,0.6941
2025-01-01 20:53:00,5,1484.1,80.72,3.853,13.35,WARNING,bearing_degradation,0.6986
2025-01-01 20:54:00,5,1486.3,80.25,4.151,13.31,FAULT,bearing_degradation,0.7032
2025-01-01 20:55:00,5,1483.6,80.06,4.065,12.65,FAULT,bearing_degradation,0.7078
2025-01-01 20:56:00,5,1480.0,79.6,4.079,13.15,FAULT,bearing_degradation,0.7123
2025-01-01 20:57:00,5,1469.4,79.62,4.438,13.28,FAULT,bearing_degradation,0.7169
2025-01-01 20:58:00,5,1480.0,80.27,4.408,13.16,FAULT,bearing_degradation,0.7215
2025-01-01 20:59:00,5,1485.5,80.78,4.162,13.05,FAULT,bearing_degradation,0.726
2025-01-01 21:00:00,5,1478.6,81.28,4.237,13.06,FAULT,bearing_degradation,0.7306
2025-01-01 21:01:00,5,1474.8,81.61,4.446,12.79,FAULT,bearing_degradation,0.7352
2025-01-01 21:02:00,5,1478.5,82.48,4.401,12.49,FAULT,bearing_degradation,0.7397
2025-01-01 21:03:00,5,1476.6,82.78,4.56,12.9,FAULT,bearing_degradation,0.7443
2025-01-01 21:04:00,5,1489.6,83.12,4.348,13.31,FAULT,bearing_degradation,0.7489
2025-01-01 21:05:00,5,1482.1,83.08,4.427,13.21,FAULT,bearing_degradation,0.7534
2025-01-01 21:06:00,5,1475.1,83.31,4.338,13.01,FAULT,bearing_degradation,0.758
2025-01-01 21:07:00,5,1483.6,83.29,4.672,12.72,FAULT,bearing_degradation,0.7626
2025-01-01 21:08:00,5,1472.8,83.91,4.814,13.03,FAULT,bearing_degradation,0.7671
2025-01-01 21:09:00,5,1473.3,84.1,4.511,13.07,FAULT,bearing_degradation,0.7717
2025-01-01 21:10:00,5,1485.4,83.92,4.91,12.69,FAULT,bearing_degradation,0.7763
2025-01-01 21:11:00,5,1475.6,84.24,4.821,13.17,FAULT,bearing_degradation,0.7808
2025-01-01 21:12:00,5,1480.2,84.42,4.451,13.11,FAULT,bearing_degradation,0.7854
2025-01-01 21:13:00,5,1478.7,84.68,4.708,12.83,FAULT,bearing_degradation,0.79
2025-01-01 21:14:00,5,1480.1,85.35,4.764,13.27,FAULT,bearing_degradation,0.7945
2025-01-01 21:15:00,5,1484.0,85.98,4.624,12.66,FAULT,bearing_degradation,0.7991
2025-01-01 21:16:00,5,1480.9,86.19,4.445,12.74,FAULT,bearing_degradation,0.8037
2025-01-01 21:17:00,5,1477.4,87.13,4.954,12.92,FAULT,bearing_degradation,0.8082
2025-01-01 21:18:00,5,1481.3,87.28,4.745,12.55,FAULT,bearing_degradation,0.8128
2025-01-01 21:19:00,5,1480.1,87.27,4.525,12.63,FAULT,bearing_degradation,0.8174
2025-01-01 21:20:00,5,1482.1,87.69,4.859,12.6,FAULT,bearing_degradation,0.8219
2025-01-01 21:21:00,5,1479.1,88.39,4.317,12.61,FAULT,bearing_degradation,0.8265
2025-01-01 21:22:00,5,1471.6,88.1,4.85,13.1,FAULT,bearing_degradation,0.8311
2025-01-01 21:23:00,5,1480.0,88.23,4.632,13.1,FAULT,bearing_degradation,0.8356
2025-01-01 21:24:00,5,1480.2,87.97,5.114,12.84,FAULT,bearing_degradation,0.8402
2025-01-01 21:25:00,5,1476.8,87.17,4.991,12.5,FAULT,bearing_degradation,0.8447
2025-01-01 21:26:00,5,1479.7,87.67,4.673,13.04,FAULT,bearing_degradation,0.8493
2025-01-01 21:27:00,5,1475.5,87.49,4.834,12.14,FAULT,bearing_degradation,0.8539
2025-01-01 21:28:00,5,1485.1,87.88,5.373,12.78,FAULT,bearing_degradation,0.8584
2025-01-01 21:29:00,5,1477.8,88.2,4.838,13.1,FAULT,bearing_degradation,0.863
2025-01-01 21:30:00,5,1490.6,88.27,5.279,12.13,FAULT,bearing_degradation,0.8676
2025-01-01 21:31:00,5,1476.7,90.19,5.044,12.54,FAULT,bearing_degradation,0.8721
2025-01-01 21:32:00,5,1474.6,90.36,5.124,12.69,FAULT,bearing_degradation,0.8767
2025-01-01 21:33:00,5,1480.6,90.8,4.922,12.55,FAULT,bearing_degradation,0.8813
2025-01-01 21:34:00,5,1481.6,91.43,5.238,12.87,FAULT,bearing_degradation,0.8858
2025-01-01 21:35:00,5,1480.4,91.42,4.949,12.35,FAULT,bearing_degradation,0.8904
2025-01-01 21:36:00,5,1481.3,90.97,5.1,12.26,FAULT,bearing_degradation,0.895
2025-01-01 21:37:00,5,1471.7,90.72,5.17,12.11,FAULT,bearing_degradation,0.8995
2025-01-01 21:38:00,5,1478.0,91.41,4.994,12.57,FAULT,bearing_degradation,0.9041
2025-01-01 21:39:00,5,1477.3,91.31,5.184,12.6,FAULT,bearing_degradation,0.9087
2025-01-01 21:40:00,5,1476.1,91.93,5.512,12.68,FAULT,bearing_degradation,0.9132
2025-01-01 21:41:00,5,1484.6,92.39,4.95,12.79,FAULT,bearing_degradation,0.9178
2025-01-01 21:42:00,5,1485.1,92.49,5.416,12.46,FAULT,bearing_degradation,0.9224
2025-01-01 21:43:00,5,1481.8,91.96,5.311,12.66,FAULT,bearing_degradation,0.9269
2025-01-01 21:44:00,5,1477.3,92.22,5.78,12.29,FAULT,bearing_degradation,0.9315
2025-01-01 21:45:00,5,1475.6,92.51,5.486,12.26,FAULT,bearing_degradation,0.9361
2025-01-01 21:46:00,5,1484.2,93.31,5.317,12.64,FAULT,bearing_degradation,0.9406
2025-01-01 21:47:00,5,1485.3,94.15,5.503,13.26,FAULT,bearing_degradation,0.9452
2025-01-01 21:48:00,5,1481.6,95.09,5.335,12.42,FAULT,bearing_degradation,0.9498
2025-01-01 21:49:00,5,1488.5,94.59,5.813,12.65,FAULT,bearing_degradation,0.9543
2025-01-01 21:50:00,5,1482.4,94.96,5.317,12.09,FAULT,bearing_degradation,0.9589
2025-01-01 21:51:00,5,1482.6,95.47,5.758,12.59,FAULT,bearing_degradation,0.9635
2025-01-01 21:52:00,5,1475.1,94.68,5.589,12.1,FAULT,bearing_degradation,0.968
2025-01-01 21:53:00,5,1483.7,95.61,5.49,12.7,FAULT,bearing_degradation,0.9726
2025-01-01 21:54:00,5,1476.9,94.97,5.779,12.33,FAULT,bearing_degradation,0.9772
2025-01-01 21:55:00,5,1480.6,96.38,5.598,12.4,FAULT,bearing_degradation,0.9817
2025-01-01 21:56:00,5,1472.4,97.1,5.794,12.27,FAULT,bearing_degradation,0.9863
2025-01-01 21:57:00,5,1481.5,96.92,5.821,12.3,FAULT,bearing_degradation,0.9909
2025-01-01 21:58:00,5,1484.6,96.75,6.125,12.67,FAULT,bearing_degradation,0.9954
2025-01-01 21:59:00,5,1481.7,97.83,6.285,12.6,FAULT,bearing_degradation,1.0
2025-01-01 22:00:00,6,1476.3,55.2,1.797,12.15,NORMAL,combined,0.0
2025-01-01 22:01:00,6,1476.2,55.78,1.736,12.27,NORMAL,combined,0.0046
2025-01-01 22:02:00,6,1487.5,55.53,1.948,12.09,NORMAL,combined,0.0091
2025-01-01 22:03:00,6,1486.7,54.97,1.863,11.84,NORMAL,combined,0.0137
2025-01-01 22:04:00,6,1482.4,55.55,1.795,12.1,NORMAL,combined,0.0183
2025-01-01 22:05:00,6,1483.7,55.65,1.92,11.66,NORMAL,combined,0.0228
2025-01-01 22:06:00,6,1483.4,55.2,1.694,12.01,NORMAL,combined,0.0274
2025-01-01 22:07:00,6,1480.0,54.85,1.953,12.7,NORMAL,combined,0.032
2025-01-01 22:08:00,6,1482.5,55.17,1.872,12.32,NORMAL,combined,0.0365
2025-01-01 22:09:00,6,1481.4,54.73,1.968,12.53,NORMAL,combined,0.0411
2025-01-01 22:10:00,6,1483.8,55.46,1.909,12.36,NORMAL,combined,0.0457
2025-01-01 22:11:00,6,1480.7,54.52,1.859,12.34,NORMAL,combined,0.0502
2025-01-01 22:12:00,6,1479.3,55.46,1.794,12.04,NORMAL,combined,0.0548
2025-01-01 22:13:00,6,1482.2,55.71,1.853,12.23,NORMAL,combined,0.0594
2025-01-01 22:14:00,6,1484.6,56.22,1.794,12.39,NORMAL,combined,0.0639
2025-01-01 22:15:00,6,1470.0,56.17,1.863,12.31,NORMAL,combined,0.0685
2025-01-01 22:16:00,6,1477.1,56.05,1.886,12.93,NORMAL,combined,0.0731
2025-01-01 22:17:00,6,1481.0,57.03,2.047,12.33,NORMAL,combined,0.0776
2025-01-01 22:18:00,6,1479.6,57.12,2.037,12.68,NORMAL,combined,0.0822
2025-01-01 22:19:00,6,1479.2,57.51,1.845,12.54,NORMAL,combined,0.0868
2025-01-01 22:20:00,6,1479.4,57.9,1.879,12.48,NORMAL,combined,0.0913
2025-01-01 22:21:00,6,1485.5,57.94,1.857,12.39,NORMAL,combined,0.0959
2025-01-01 22:22:00,6,1487.0,57.67,2.017,12.27,NORMAL,combined,0.1005
2025-01-01 22:23:00,6,1474.7,56.88,1.907,13.0,NORMAL,combined,0.105
2025-01-01 22:24:00,6,1471.2,57.24,1.868,12.69,NORMAL,combined,0.1096
2025-01-01 22:25:00,6,1481.4,57.85,2.046,12.2,NORMAL,combined,0.1142
2025-01-01 22:26:00,6,1477.6,57.79,2.017,12.32,NORMAL,combined,0.1187
2025-01-01 22:27:00,6,1480.3,57.76,2.063,12.27,NORMAL,combined,0.1233
2025-01-01 22:28:00,6,1473.7,58.38,2.017,12.88,NORMAL,combined,0.1279
2025-01-01 22:29:00,6,1476.4,57.45,2.062,13.04,NORMAL,combined,0.1324
2025-01-01 22:30:00,6,1482.0,56.89,2.075,12.64,NORMAL,combined,0.137
2025-01-01 22:31:00,6,1483.6,57.02,1.899,12.67,NORMAL,combined,0.1416
2025-01-01 22:32:00,6,1482.5,57.21,1.958,12.56,NORMAL,combined,0.1461
2025-01-01 22:33:00,6,1483.9,57.49,2.221,12.36,NORMAL,combined,0.1507
2025-01-01 22:34:00,6,1473.3,57.25,2.121,12.51,NORMAL,combined,0.1553
2025-01-01 22:35:00,6,1475.8,57.63,2.036,12.83,NORMAL,combined,0.1598
2025-01-01 22:36:00,6,1478.6,57.7,1.937,12.94,NORMAL,combined,0.1644
2025-01-01 22:37:00,6,1484.4,57.78,2.002,12.36,NORMAL,combined,0.1689
2025-01-01 22:38:00,6,1485.0,57.44,2.089,12.71,NORMAL,combined,0.1735
2025-01-01 22:39:00,6,1487.3,57.89,1.994,12.58,NORMAL,combined,0.1781
2025-01-01 22:40:00,6,1469.2,58.45,2.21,12.92,NORMAL,combined,0.1826
2025-01-01 22:41:00,6,1481.2,58.41,2.093,12.5,NORMAL,combined,0.1872
2025-01-01 22:42:00,6,1473.4,59.2,2.163,12.97,NORMAL,combined,0.1918
2025-01-01 22:43:00,6,1480.1,58.9,2.214,12.69,NORMAL,combined,0.1963
2025-01-01 22:44:00,6,1480.6,58.37,2.107,12.83,NORMAL,combined,0.2009
2025-01-01 22:45:00,6,1473.7,57.97,2.212,12.98,NORMAL,combined,0.2055
2025-01-01 22:46:00,6,1481.4,58.84,2.117,12.76,NORMAL,combined,0.21
2025-01-01 22:47:00,6,1482.0,58.53,2.25,13.23,NORMAL,combined,0.2146
2025-01-01 22:48:00,6,1473.0,57.45,2.124,12.68,NORMAL,combined,0.2192
2025-01-01 22:49:00,6,1476.8,57.9,2.152,12.93,NORMAL,combined,0.2237
2025-01-01 22:50:00,6,1474.8,57.73,2.269,12.91,NORMAL,combined,0.2283
2025-01-01 22:51:00,6,1475.3,57.61,2.021,12.45,NORMAL,combined,0.2329
2025-01-01 22:52:00,6,1478.1,57.27,2.152,12.59,NORMAL,combined,0.2374
2025-01-01 22:53:00,6,1478.5,57.61,2.292,12.81,NORMAL,combined,0.242
2025-01-01 22:54:00,6,1469.8,57.71,2.207,12.6,NORMAL,combined,0.2466
2025-01-01 22:55:00,6,1477.9,57.51,2.413,12.89,NORMAL,combined,0.2511
2025-01-01 22:56:00,6,1480.8,58.27,2.352,12.48,NORMAL,combined,0.2557
2025-01-01 22:57:00,6,1476.5,58.61,2.17,12.79,NORMAL,combined,0.2603
2025-01-01 22:58:00,6,1476.1,59.1,2.314,12.48,NORMAL,combined,0.2648
2025-01-01 22:59:00,6,1477.0,58.65,2.347,12.74,NORMAL,combined,0.2694
2025-01-01 23:00:00,6,1472.7,58.25,2.132,12.79,NORMAL,combined,0.274
2025-01-01 23:01:00,6,1477.7,57.92,2.395,12.79,NORMAL,combined,0.2785
2025-01-01 23:02:00,6,1476.7,58.75,2.535,13.06,NORMAL,combined,0.2831
2025-01-01 23:03:00,6,1478.6,58.9,2.288,12.8,NORMAL,combined,0.2877
2025-01-01 23:04:00,6,1479.6,59.2,2.338,12.57,NORMAL,combined,0.2922
2025-01-01 23:05:00,6,1478.0,58.71,2.463,12.46,NORMAL,combined,0.2968
2025-01-01 23:06:00,6,1484.8,58.31,2.675,12.71,NORMAL,combined,0.3014
2025-01-01 23:07:00,6,1472.7,58.04,2.494,12.92,NORMAL,combined,0.3059
2025-01-01 23:08:00,6,1475.9,58.26,2.477,12.8,NORMAL,combined,0.3105
2025-01-01 23:09:00,6,1468.6,58.59,2.534,12.86,NORMAL,combined,0.3151
2025-01-01 23:10:00,6,1478.4,59.44,2.439,12.36,NORMAL,combined,0.3196
2025-01-01 23:11:00,6,1478.2,59.13,2.551,12.94,NORMAL,combined,0.3242
2025-01-01 23:12:00,6,1473.5,59.8,2.532,12.43,NORMAL,combined,0.3288
2025-01-01 23:13:00,6,1475.2,60.08,2.43,12.58,NORMAL,combined,0.3333
2025-01-01 23:14:00,6,1480.7,60.41,2.587,12.68,NORMAL,combined,0.3379
2025-01-01 23:15:00,6,1475.1,60.38,2.488,12.63,NORMAL,combined,0.3425
2025-01-01 23:16:00,6,1484.4,60.72,2.716,12.72,NORMAL,combined,0.347
2025-01-01 23:17:00,6,1475.4,60.89,2.461,12.51,WARNING,combined,0.3516
2025-01-01 23:18:00,6,1476.9,60.65,2.657,12.8,WARNING,combined,0.3562
2025-01-01 23:19:00,6,1472.3,60.62,2.775,12.77,WARNING,combined,0.3607
2025-01-01 23:20:00,6,1475.0,61.04,2.628,12.59,WARNING,combined,0.3653
2025-01-01 23:21:00,6,1488.2,60.34,2.675,12.75,WARNING,combined,0.3699
2025-01-01 23:22:00,6,1473.0,58.41,2.801,12.69,WARNING,combined,0.3744
2025-01-01 23:23:00,6,1478.7,59.74,2.891,12.1,WARNING,combined,0.379
2025-01-01 23:24:00,6,1461.4,58.96,2.803,12.61,WARNING,combined,0.3836
2025-01-01 23:25:00,6,1477.4,59.78,2.843,12.72,WARNING,combined,0.3881
2025-01-01 23:26:00,6,1473.0,61.08,2.534,12.81,WARNING,combined,0.3927
2025-01-01 23:27:00,6,1480.6,60.91,2.536,12.27,WARNING,combined,0.3973
2025-01-01 23:28:00,6,1466.9,60.5,2.773,12.77,WARNING,combined,0.4018
2025-01-01 23:29:00,6,1478.7,60.8,2.85,12.55,WARNING,combined,0.4064
2025-01-01 23:30:00,6,1465.0,61.25,2.765,12.71,WARNING,combined,0.411
2025-01-01 23:31:00,6,1476.5,61.71,2.845,12.66,WARNING,combined,0.4155
2025-01-01 23:32:00,6,1479.6,61.89,2.824,12.83,WARNING,combined,0.4201
2025-01-01 23:33:00,6,1471.2,62.35,2.91,12.63,WARNING,combined,0.4247
2025-01-01 23:34:00,6,1474.5,62.32,2.835,12.71,WARNING,combined,0.4292
2025-01-01 23:35:00,6,1466.1,63.0,2.929,12.88,WARNING,combined,0.4338
2025-01-01 23:36:00,6,1471.5,62.74,3.117,12.75,WARNING,combined,0.4384
2025-01-01 23:37:00,6,1469.1,63.67,2.723,13.26,WARNING,combined,0.4429
2025-01-01 23:38:00,6,1477.0,63.63,2.835,13.36,WARNING,combined,0.4475
2025-01-01 23:39:00,6,1472.6,64.9,3.12,13.1,WARNING,combined,0.4521
2025-01-01 23:40:00,6,1475.1,63.98,2.927,12.82,WARNING,combined,0.4566
2025-01-01 23:41:00,6,1472.3,64.16,3.123,13.16,WARNING,combined,0.4612
2025-01-01 23:42:00,6,1468.7,64.55,3.034,13.3,WARNING,combined,0.4658
2025-01-01 23:43:00,6,1474.4,63.13,2.933,13.3,WARNING,combined,0.4703
2025-01-01 23:44:00,6,1475.4,63.4,3.345,12.74,WARNING,combined,0.4749
2025-01-01 23:45:00,6,1473.3,64.01,3.007,13.41,WARNING,combined,0.4795
2025-01-01 23:46:00,6,1474.0,65.92,3.174,13.2,WARNING,combined,0.484
2025-01-01 23:47:00,6,1473.9,65.71,3.121,12.81,WARNING,combined,0.4886
2025-01-01 23:48:00,6,1478.8,65.85,2.956,12.74,WARNING,combined,0.4932
2025-01-01 23:49:00,6,1479.8,65.06,3.139,13.23,WARNING,combined,0.4977
2025-01-01 23:50:00,6,1475.1,65.91,3.232,12.92,WARNING,combined,0.5023
2025-01-01 23:51:00,6,1476.6,66.43,3.308,13.55,WARNING,combined,0.5068
2025-01-01 23:52:00,6,1475.3,65.82,3.295,13.0,WARNING,combined,0.5114
2025-01-01 23:53:00,6,1468.9,66.25,3.193,13.59,WARNING,combined,0.516
2025-01-01 23:54:00,6,1478.1,66.61,3.368,13.32,WARNING,combined,0.5205
2025-01-01 23:55:00,6,1468.2,65.12,3.223,13.67,WARNING,combined,0.5251
2025-01-01 23:56:00,6,1484.3,66.56,3.335,13.49,WARNING,combined,0.5297
2025-01-01 23:57:00,6,1470.5,67.68,3.3,13.56,WARNING,combined,0.5342
2025-01-01 23:58:00,6,1471.6,68.13,3.322,14.03,WARNING,combined,0.5388
2025-01-01 23:59:00,6,1471.7,68.41,3.462,14.41,WARNING,combined,0.5434
2025-01-02 00:00:00,6,1472.5,68.23,3.363,14.15,WARNING,combined,0.5479
2025-01-02 00:01:00,6,1470.4,68.15,3.166,13.58,WARNING,combined,0.5525
2025-01-02 00:02:00,6,1471.4,67.92,3.605,14.06,WARNING,combined,0.5571
2025-01-02 00:03:00,6,1467.9,68.23,3.575,14.25,WARNING,combined,0.5616
2025-01-02 00:04:00,6,1469.3,68.71,3.564,13.77,WARNING,combined,0.5662
2025-01-02 00:05:00,6,1482.7,69.16,3.465,13.87,WARNING,combined,0.5708
2025-01-02 00:06:00,6,1468.9,69.93,3.277,14.29,WARNING,combined,0.5753
2025-01-02 00:07:00,6,1469.6,69.99,3.429,13.92,WARNING,combined,0.5799
2025-01-02 00:08:00,6,1468.3,70.38,3.366,14.68,WARNING,combined,0.5845
2025-01-02 00:09:00,6,1473.8,70.31,3.634,14.45,WARNING,combined,0.589
2025-01-02 00:10:00,6,1472.2,70.66,3.502,14.41,WARNING,combined,0.5936
2025-01-02 00:11:00,6,1468.8,70.72,3.382,14.38,WARNING,combined,0.5982
2025-01-02 00:12:00,6,1461.2,72.17,3.646,14.63,WARNING,combined,0.6027
2025-01-02 00:13:00,6,1468.6,72.28,3.526,14.15,WARNING,combined,0.6073
2025-01-02 00:14:00,6,1471.4,71.31,3.51,14.43,WARNING,combined,0.6119
2025-01-02 00:15:00,6,1475.0,70.8,3.535,14.51,WARNING,combined,0.6164
2025-01-02 00:16:00,6,1467.3,71.35,3.622,14.56,WARNING,combined,0.621
2025-01-02 00:17:00,6,1477.3,72.33,3.78,14.84,WARNING,combined,0.6256
2025-01-02 00:18:00,6,1472.8,73.01,3.696,14.89,WARNING,combined,0.6301
2025-01-02 00:19:00,6,1473.1,72.95,3.521,14.47,WARNING,combined,0.6347
2025-01-02 00:20:00,6,1473.7,73.73,3.739,15.0,WARNING,combined,0.6393
2025-01-02 00:21:00,6,1475.7,74.01,3.931,14.49,WARNING,combined,0.6438
2025-01-02 00:22:00,6,1466.5,74.7,3.554,14.72,WARNING,combined,0.6484
2025-01-02 00:23:00,6,1471.8,75.88,4.088,14.87,WARNING,combined,0.653
2025-01-02 00:24:00,6,1470.2,76.25,3.829,14.54,WARNING,combined,0.6575
2025-01-02 00:25:00,6,1466.7,76.61,3.756,15.21,WARNING,combined,0.6621
2025-01-02 00:26:00,6,1474.8,76.34,3.817,14.91,WARNING,combined,0.6667
2025-01-02 00:27:00,6,1472.9,77.16,4.111,15.04,WARNING,combined,0.6712
2025-01-02 00:28:00,6,1473.4,77.75,3.877,15.18,WARNING,combined,0.6758
2025-01-02 00:29:00,6,1478.8,77.33,4.103,15.01,WARNING,combined,0.6804
2025-01-02 00:30:00,6,1471.5,77.33,4.196,15.14,WARNING,combined,0.6849
2025-01-02 00:31:00,6,1468.8,77.2,3.928,15.02,WARNING,combined,0.6895
2025-01-02 00:32:00,6,1477.0,76.62,3.962,15.09,WARNING,combined,0.6941
2025-01-02 00:33:00,6,1471.9,76.69,4.219,15.51,WARNING,combined,0.6986
2025-01-02 00:34:00,6,1471.1,76.84,4.018,15.26,FAULT,combined,0.7032
2025-01-02 00:35:00,6,1468.4,76.69,4.083,15.26,FAULT,combined,0.7078
2025-01-02 00:36:00,6,1466.8,76.13,4.338,15.84,FAULT,combined,0.7123
2025-01-02 00:37:00,6,1461.6,76.74,3.964,15.15,FAULT,combined,0.7169
2025-01-02 00:38:00,6,1470.7,76.49,4.154,15.33,FAULT,combined,0.7215
2025-01-02 00:39:00,6,1466.4,76.07,4.148,14.82,FAULT,combined,0.726
2025-01-02 00:40:00,6,1461.9,76.62,4.289,15.29,FAULT,combined,0.7306
2025-01-02 00:41:00,6,1458.2,75.42,3.97,15.4,FAULT,combined,0.7352
2025-01-02 00:42:00,6,1473.4,75.37,3.94,15.46,FAULT,combined,0.7397
2025-01-02 00:43:00,6,1472.4,76.15,4.732,14.69,FAULT,combined,0.7443
2025-01-02 00:44:00,6,1458.0,76.56,4.328,15.22,FAULT,combined,0.7489
2025-01-02 00:45:00,6,1462.4,77.49,4.406,14.92,FAULT,combined,0.7534
2025-01-02 00:46:00,6,1464.8,77.65,4.09,15.69,FAULT,combined,0.758
2025-01-02 00:47:00,6,1476.2,77.8,4.521,15.1,FAULT,combined,0.7626
2025-01-02 00:48:00,6,1467.2,78.08,4.592,15.42,FAULT,combined,0.7671
2025-01-02 00:49:00,6,1465.4,78.26,4.368,15.64,FAULT,combined,0.7717
2025-01-02 00:50:00,6,1464.3,77.74,4.31,15.18,FAULT,combined,0.7763
2025-01-02 00:51:00,6,1462.4,78.37,4.66,15.27,FAULT,combined,0.7808
2025-01-02 00:52:00,6,1453.7,78.34,4.535,15.29,FAULT,combined,0.7854
2025-01-02 00:53:00,6,1466.9,79.04,4.389,14.8,FAULT,combined,0.79
2025-01-02 00:54:00,6,1467.1,78.46,4.441,15.09,FAULT,combined,0.7945
2025-01-02 00:55:00,6,1466.8,78.04,4.775,15.39,FAULT,combined,0.7991
2025-01-02 00:56:00,6,1466.7,78.7,4.529,15.56,FAULT,combined,0.8037
2025-01-02 00:57:00,6,1450.5,78.27,4.65,15.09,FAULT,combined,0.8082
2025-01-02 00:58:00,6,1464.4,78.99,4.652,14.94,FAULT,combined,0.8128
2025-01-02 00:59:00,6,1469.0,78.79,4.616,15.13,FAULT,combined,0.8174
2025-01-02 01:00:00,6,1470.2,79.05,4.382,15.62,FAULT,combined,0.8219
2025-01-02 01:01:00,6,1464.5,79.69,4.372,15.32,FAULT,combined,0.8265
2025-01-02 01:02:00,6,1458.2,79.63,4.762,15.38,FAULT,combined,0.8311
2025-01-02 01:03:00,6,1469.0,80.73,4.335,15.45,FAULT,combined,0.8356
2025-01-02 01:04:00,6,1471.8,80.56,4.792,15.29,FAULT,combined,0.8402
2025-01-02 01:05:00,6,1463.0,81.14,4.842,15.17,FAULT,combined,0.8447
2025-01-02 01:06:00,6,1475.0,80.61,4.764,15.04,FAULT,combined,0.8493
2025-01-02 01:07:00,6,1468.1,80.59,4.788,15.6,FAULT,combined,0.8539
2025-01-02 01:08:00,6,1468.2,80.67,4.795,15.2,FAULT,combined,0.8584
2025-01-02 01:09:00,6,1458.0,81.28,5.188,15.37,FAULT,combined,0.863
2025-01-02 01:10:00,6,1461.2,82.06,4.69,15.34,FAULT,combined,0.8676
2025-01-02 01:11:00,6,1461.1,82.44,4.745,15.44,FAULT,combined,0.8721
2025-01-02 01:12:00,6,1471.8,82.91,4.981,15.57,FAULT,combined,0.8767
2025-01-02 01:13:00,6,1457.7,82.31,4.776,15.15,FAULT,combined,0.8813
2025-01-02 01:14:00,6,1467.3,81.19,5.019,15.45,FAULT,combined,0.8858
2025-01-02 01:15:00,6,1473.5,80.84,4.836,15.95,FAULT,combined,0.8904
2025-01-02 01:16:00,6,1459.0,80.75,4.629,15.54,FAULT,combined,0.895
2025-01-02 01:17:00,6,1457.6,81.61,4.799,15.66,FAULT,combined,0.8995
2025-01-02 01:18:00,6,1471.9,81.37,4.945,15.53,FAULT,combined,0.9041
2025-01-02 01:19:00,6,1461.0,82.34,4.999,15.61,FAULT,combined,0.9087
2025-01-02 01:20:00,6,1467.5,82.67,4.965,15.76,FAULT,combined,0.9132
2025-01-02 01:21:00,6,1460.8,83.87,5.014,15.39,FAULT,combined,0.9178
2025-01-02 01:22:00,6,1463.8,85.28,5.198,15.48,FAULT,combined,0.9224
2025-01-02 01:23:00,6,1468.7,85.18,5.06,15.5,FAULT,combined,0.9269
2025-01-02 01:24:00,6,1462.7,85.96,5.088,15.7,FAULT,combined,0.9315
2025-01-02 01:25:00,6,1455.3,85.71,5.035,15.49,FAULT,combined,0.9361
2025-01-02 01:26:00,6,1471.7,85.61,5.451,15.87,FAULT,combined,0.9406
2025-01-02 01:27:00,6,1460.2,85.94,5.024,15.86,FAULT,combined,0.9452
2025-01-02 01:28:00,6,1467.9,86.09,5.278,15.65,FAULT,combined,0.9498
2025-01-02 01:29:00,6,1465.8,86.16,5.069,15.9,FAULT,combined,0.9543
2025-01-02 01:30:00,6,1455.9,86.99,4.978,15.71,FAULT,combined,0.9589
2025-01-02 01:31:00,6,1469.5,86.99,5.46,16.27,FAULT,combined,0.9635
2025-01-02 01:32:00,6,1465.7,86.7,5.334,15.68,FAULT,combined,0.968
2025-01-02 01:33:00,6,1450.5,86.43,5.689,15.68,FAULT,combined,0.9726
2025-01-02 01:34:00,6,1454.8,87.69,5.432,16.32,FAULT,combined,0.9772
2025-01-02 01:35:00,6,1452.2,88.24,5.429,15.66,FAULT,combined,0.9817
2025-01-02 01:36:00,6,1461.8,88.02,5.4,15.97,FAULT,combined,0.9863
2025-01-02 01:37:00,6,1468.3,86.77,5.653,16.16,FAULT,combined,0.9909
2025-01-02 01:38:00,6,1459.8,86.16,5.977,16.36,FAULT,combined,0.9954
2025-01-02 01:39:00,6,1458.4,86.72,5.367,16.5,FAULT,combined,1.0
2025-01-02 01:40:00,7,1476.2,54.46,1.803,11.35,NORMAL,combined,0.0
2025-01-02 01:41:00,7,1480.2,54.36,1.869,11.54,NORMAL,combined,0.0046
2025-01-02 01:42:00,7,1485.0,54.51,1.687,12.11,NORMAL,combined,0.0091
2025-01-02 01:43:00,7,1488.5,55.04,1.788,12.04,NORMAL,combined,0.0137
2025-01-02 01:44:00,7,1473.3,55.01,1.792,12.0,NORMAL,combined,0.0183
2025-01-02 01:45:00,7,1484.2,55.13,1.858,11.95,NORMAL,combined,0.0228
2025-01-02 01:46:00,7,1487.4,55.08,1.75,12.21,NORMAL,combined,0.0274
2025-01-02 01:47:00,7,1479.6,54.76,1.69,12.55,NORMAL,combined,0.032
2025-01-02 01:48:00,7,1485.0,55.5,1.776,12.07,NORMAL,combined,0.0365
2025-01-02 01:49:00,7,1484.8,55.39,1.849,12.45,NORMAL,combined,0.0411
2025-01-02 01:50:00,7,1479.8,55.11,1.783,12.51,NORMAL,combined,0.0457
2025-01-02 01:51:00,7,1487.2,55.61,1.817,12.32,NORMAL,combined,0.0502
2025-01-02 01:52:00,7,1479.9,56.12,1.824,12.33,NORMAL,combined,0.0548
2025-01-02 01:53:00,7,1476.4,56.55,1.845,12.37,NORMAL,combined,0.0594
2025-01-02 01:54:00,7,1479.2,56.38,2.009,12.35,NORMAL,combined,0.0639
2025-01-02 01:55:00,7,1478.8,56.11,1.76,12.16,NORMAL,combined,0.0685
2025-01-02 01:56:00,7,1485.3,56.77,1.872,12.32,NORMAL,combined,0.0731
2025-01-02 01:57:00,7,1487.3,56.49,1.986,12.26,NORMAL,combined,0.0776
2025-01-02 01:58:00,7,1488.6,56.87,1.909,12.43,NORMAL,combined,0.0822
2025-01-02 01:59:00,7,1484.5,57.31,1.85,12.57,NORMAL,combined,0.0868
2025-01-02 02:00:00,7,1473.6,56.75,1.906,12.26,NORMAL,combined,0.0913
2025-01-02 02:01:00,7,1476.6,56.45,1.953,12.48,NORMAL,combined,0.0959
2025-01-02 02:02:00,7,1479.6,57.1,1.825,12.69,NORMAL,combined,0.1005
2025-01-02 02:03:00,7,1478.9,56.09,1.912,12.69,NORMAL,combined,0.105
2025-01-02 02:04:00,7,1482.0,56.2,2.199,12.59,NORMAL,combined,0.1096
2025-01-02 02:05:00,7,1482.9,55.29,2.085,12.88,NORMAL,combined,0.1142
2025-01-02 02:06:00,7,1482.0,55.03,2.173,12.81,NORMAL,combined,0.1187
2025-01-02 02:07:00,7,1480.5,54.92,1.856,12.98,NORMAL,combined,0.1233
2025-01-02 02:08:00,7,1479.5,56.06,1.901,12.55,NORMAL,combined,0.1279
2025-01-02 02:09:00,7,1479.6,55.37,1.935,12.41,NORMAL,combined,0.1324
2025-01-02 02:10:00,7,1472.7,55.45,2.002,12.95,NORMAL,combined,0.137
2025-01-02 02:11:00,7,1486.8,55.27,1.941,12.66,NORMAL,combined,0.1416
2025-01-02 02:12:00,7,1483.8,55.5,2.193,12.29,NORMAL,combined,0.1461
2025-01-02 02:13:00,7,1485.2,56.49,1.897,12.88,NORMAL,combined,0.1507
2025-01-02 02:14:00,7,1479.2,57.71,2.08,13.19,NORMAL,combined,0.1553
2025-01-02 02:15:00,7,1478.4,58.27,1.996,12.52,NORMAL,combined,0.1598
2025-01-02 02:16:00,7,1471.8,58.02,2.031,12.78,NORMAL,combined,0.1644
2025-01-02 02:17:00,7,1480.0,57.85,2.289,12.73,NORMAL,combined,0.1689
2025-01-02 02:18:00,7,1483.6,58.02,2.096,13.12,NORMAL,combined,0.1735
2025-01-02 02:19:00,7,1477.3,57.18,1.928,12.36,NORMAL,combined,0.1781
2025-01-02 02:20:00,7,1480.3,57.41,1.976,13.08,NORMAL,combined,0.1826
2025-01-02 02:21:00,7,1477.2,57.2,2.033,12.92,NORMAL,combined,0.1872
2025-01-02 02:22:00,7,1473.4,57.31,2.226,12.85,NORMAL,combined,0.1918
2025-01-02 02:23:00,7,1481.5,57.13,2.131,12.86,NORMAL,combined,0.1963
2025-01-02 02:24:00,7,1488.6,57.3,2.09,13.15,NORMAL,combined,0.2009
2025-01-02 02:25:00,7,1482.2,57.13,2.22,13.05,NORMAL,combined,0.2055
2025-01-02 02:26:00,7,1483.5,57.43,2.334,12.69,NORMAL,combined,0.21
2025-01-02 02:27:00,7,1475.4,57.18,2.146,13.18,NORMAL,combined,0.2146
2025-01-02 02:28:00,7,1473.2,58.54,2.338,12.9,NORMAL,combined,0.2192
2025-01-02 02:29:00,7,1475.6,58.72,2.214,12.57,NORMAL,combined,0.2237
2025-01-02 02:30:00,7,1468.9,58.78,2.278,12.81,NORMAL,combined,0.2283
2025-01-02 02:31:00,7,1475.8,58.29,2.144,12.91,NORMAL,combined,0.2329
2025-01-02 02:32:00,7,1480.2,57.71,2.433,13.09,NORMAL,combined,0.2374
2025-01-02 02:33:00,7,1474.9,57.28,2.292,12.69,NORMAL,combined,0.242
2025-01-02 02:34:00,7,1479.5,57.5,2.264,13.18,NORMAL,combined,0.2466
2025-01-02 02:35:00,7,1483.3,58.19,2.159,12.43,NORMAL,combined,0.2511
2025-01-02 02:36:00,7,1482.8,57.73,2.201,12.69,NORMAL,combined,0.2557
2025-01-02 02:37:00,7,1476.4,57.92,2.384,12.56,NORMAL,combined,0.2603
2025-01-02 02:38:00,7,1471.6,58.25,2.256,13.1,NORMAL,combined,0.2648
2025-01-02 02:39:00,7,1472.2,58.0,2.301,12.26,NORMAL,combined,0.2694
2025-01-02 02:40:00,7,1483.9,58.26,2.331,13.12,NORMAL,combined,0.274
2025-01-02 02:41:00,7,1476.9,58.64,2.421,11.97,NORMAL,combined,0.2785
2025-01-02 02:42:00,7,1476.7,58.3,2.517,12.87,NORMAL,combined,0.2831
2025-01-02 02:43:00,7,1483.1,58.69,2.361,12.39,NORMAL,combined,0.2877
2025-01-02 02:44:00,7,1475.8,59.04,2.551,12.7,NORMAL,combined,0.2922
2025-01-02 02:45:00,7,1481.3,59.95,2.522,12.8,NORMAL,combined,0.2968
2025-01-02 02:46:00,7,1479.7,59.98,2.445,12.91,NORMAL,combined,0.3014
2025-01-02 02:47:00,7,1476.8,60.06,2.614,12.99,NORMAL,combined,0.3059
2025-01-02 02:48:00,7,1474.3,60.31,2.603,12.78,NORMAL,combined,0.3105
2025-01-02 02:49:00,7,1474.9,60.04,2.505,12.57,NORMAL,combined,0.3151
2025-01-02 02:50:00,7,1477.0,60.61,2.513,12.48,NORMAL,combined,0.3196
2025-01-02 02:51:00,7,1482.8,61.03,2.599,12.5,NORMAL,combined,0.3242
2025-01-02 02:52:00,7,1476.6,61.1,2.391,12.73,NORMAL,combined,0.3288
2025-01-02 02:53:00,7,1489.1,61.23,2.68,12.74,NORMAL,combined,0.3333
2025-01-02 02:54:00,7,1476.9,60.79,2.444,12.13,NORMAL,combined,0.3379
2025-01-02 02:55:00,7,1475.8,60.74,2.345,12.43,NORMAL,combined,0.3425
2025-01-02 02:56:00,7,1474.8,61.7,2.508,12.48,NORMAL,combined,0.347
2025-01-02 02:57:00,7,1479.1,61.66,2.534,12.55,WARNING,combined,0.3516
2025-01-02 02:58:00,7,1471.9,61.45,2.528,12.82,WARNING,combined,0.3562
2025-01-02 02:59:00,7,1470.2,60.51,2.619,12.6,WARNING,combined,0.3607
2025-01-02 03:00:00,7,1475.4,61.83,2.73,12.69,WARNING,combined,0.3653
2025-01-02 03:01:00,7,1481.8,62.23,2.808,13.28,WARNING,combined,0.3699
2025-01-02 03:02:00,7,1476.2,62.27,2.774,12.45,WARNING,combined,0.3744
2025-01-02 03:03:00,7,1472.1,61.92,2.729,12.44,WARNING,combined,0.379
2025-01-02 03:04:00,7,1477.3,61.26,2.688,12.13,WARNING,combined,0.3836
2025-01-02 03:05:00,7,1469.4,61.56,2.624,12.73,WARNING,combined,0.3881
2025-01-02 03:06:00,7,1480.4,62.03,2.816,12.91,WARNING,combined,0.3927
2025-01-02 03:07:00,7,1476.0,62.33,2.871,12.88,WARNING,combined,0.3973
2025-01-02 03:08:00,7,1481.3,62.27,2.512,12.6,WARNING,combined,0.4018
2025-01-02 03:09:00,7,1480.6,63.1,2.957,12.32,WARNING,combined,0.4064
2025-01-02 03:10:00,7,1468.9,62.96,2.676,12.65,WARNING,combined,0.411
2025-01-02 03:11:00,7,1466.9,63.55,2.89,12.9,WARNING,combined,0.4155
2025-01-02 03:12:00,7,1472.4,64.39,2.83,12.74,WARNING,combined,0.4201
2025-01-02 03:13:00,7,1460.3,63.74,2.745,12.77,WARNING,combined,0.4247
2025-01-02 03:14:00,7,1473.1,63.79,2.854,12.63,WARNING,combined,0.4292
2025-01-02 03:15:00,7,1477.4,63.74,2.859,12.71,WARNING,combined,0.4338
2025-01-02 03:16:00,7,1474.2,63.58,2.706,12.96,WARNING,combined,0.4384
2025-01-02 03:17:00,7,1480.4,63.2,2.987,13.17,WARNING,combined,0.4429
2025-01-02 03:18:00,7,1472.2,64.03,2.796,12.73,WARNING,combined,0.4475
2025-01-02 03:19:00,7,1481.4,64.1,2.823,12.83,WARNING,combined,0.4521
2025-01-02 03:20:00,7,1476.8,64.47,2.77,12.57,WARNING,combined,0.4566
2025-01-02 03:21:00,7,1464.0,64.78,2.938,13.05,WARNING,combined,0.4612
2025-01-02 03:22:00,7,1472.9,65.0,2.965,13.25,WARNING,combined,0.4658
2025-01-02 03:23:00,7,1470.3,65.94,3.03,13.17,WARNING,combined,0.4703
2025-01-02 03:24:00,7,1477.4,65.64,3.186,12.96,WARNING,combined,0.4749
2025-01-02 03:25:00,7,1472.2,66.31,3.045,12.9,WARNING,combined,0.4795
2025-01-02 03:26:00,7,1477.7,66.39,3.043,13.35,WARNING,combined,0.484
2025-01-02 03:27:00,7,1476.8,66.35,2.938,13.2,WARNING,combined,0.4886
2025-01-02 03:28:00,7,1476.2,65.84,3.041,12.65,WARNING,combined,0.4932
2025-01-02 03:29:00,7,1472.7,66.27,3.142,13.74,WARNING,combined,0.4977
2025-01-02 03:30:00,7,1473.3,66.08,3.149,13.64,WARNING,combined,0.5023
2025-01-02 03:31:00,7,1472.1,66.44,3.039,13.76,WARNING,combined,0.5068
2025-01-02 03:32:00,7,1469.1,66.46,3.176,13.58,WARNING,combined,0.5114
2025-01-02 03:33:00,7,1469.9,66.45,3.128,13.58,WARNING,combined,0.516
2025-01-02 03:34:00,7,1470.2,66.57,3.063,13.56,WARNING,combined,0.5205
2025-01-02 03:35:00,7,1470.8,67.14,3.271,13.78,WARNING,combined,0.5251
2025-01-02 03:36:00,7,1475.1,66.79,3.235,13.49,WARNING,combined,0.5297
2025-01-02 03:37:00,7,1469.2,67.1,3.286,13.49,WARNING,combined,0.5342
2025-01-02 03:38:00,7,1467.3,67.11,3.095,13.93,WARNING,combined,0.5388
2025-01-02 03:39:00,7,1467.8,68.08,3.185,13.88,WARNING,combined,0.5434
2025-01-02 03:40:00,7,1469.9,67.34,3.314,14.09,WARNING,combined,0.5479
2025-01-02 03:41:00,7,1481.6,67.6,3.671,13.2,WARNING,combined,0.5525
2025-01-02 03:42:00,7,1468.1,68.31,3.346,13.82,WARNING,combined,0.5571
2025-01-02 03:43:00,7,1471.0,68.8,3.283,13.93,WARNING,combined,0.5616
2025-01-02 03:44:00,7,1465.6,68.68,3.207,14.52,WARNING,combined,0.5662
2025-01-02 03:45:00,7,1470.7,69.82,3.387,14.2,WARNING,combined,0.5708
2025-01-02 03:46:00,7,1474.2,69.73,3.261,13.77,WARNING,combined,0.5753
2025-01-02 03:47:00,7,1469.8,69.35,3.254,14.36,WARNING,combined,0.5799
2025-01-02 03:48:00,7,1478.5,69.82,3.736,14.14,WARNING,combined,0.5845
2025-01-02 03:49:00,7,1464.8,69.49,3.6,14.13,WARNING,combined,0.589
2025-01-02 03:50:00,7,1469.4,70.27,3.476,14.22,WARNING,combined,0.5936
2025-01-02 03:51:00,7,1466.8,71.3,3.788,14.01,WARNING,combined,0.5982
2025-01-02 03:52:00,7,1465.6,71.23,3.578,14.27,WARNING,combined,0.6027
2025-01-02 03:53:00,7,1474.5,71.17,3.799,14.73,WARNING,combined,0.6073
2025-01-02 03:54:00,7,1471.3,70.78,3.514,14.23,WARNING,combined,0.6119
2025-01-02 03:55:00,7,1468.1,71.04,3.673,14.04,WARNING,combined,0.6164
2025-01-02 03:56:00,7,1477.8,70.62,3.812,14.41,WARNING,combined,0.621
2025-01-02 03:57:00,7,1472.4,70.88,3.364,14.88,WARNING,combined,0.6256
2025-01-02 03:58:00,7,1479.2,71.2,3.464,14.87,WARNING,combined,0.6301
2025-01-02 03:59:00,7,1468.2,71.89,3.533,14.83,WARNING,combined,0.6347
2025-01-02 04:00:00,7,1478.7,71.67,3.882,14.57,WARNING,combined,0.6393
2025-01-02 04:01:00,7,1462.8,72.76,3.968,14.56,WARNING,combined,0.6438
2025-01-02 04:02:00,7,1472.2,73.3,3.83,14.71,WARNING,combined,0.6484
2025-01-02 04:03:00,7,1469.4,73.39,3.753,15.0,WARNING,combined,0.653
2025-01-02 04:04:00,7,1465.3,73.82,3.911,14.84,WARNING,combined,0.6575
2025-01-02 04:05:00,7,1467.0,74.74,3.676,15.32,WARNING,combined,0.6621
2025-01-02 04:06:00,7,1473.5,75.47,3.813,14.84,WARNING,combined,0.6667
2025-01-02 04:07:00,7,1467.2,75.41,3.799,15.42,WARNING,combined,0.6712
2025-01-02 04:08:00,7,1477.7,76.45,3.711,15.11,WARNING,combined,0.6758
2025-01-02 04:09:00,7,1468.9,76.87,3.895,14.71,WARNING,combined,0.6804
2025-01-02 04:10:00,7,1464.8,77.49,3.94,14.72,WARNING,combined,0.6849
2025-01-02 04:11:00,7,1474.3,78.04,3.971,14.77,WARNING,combined,0.6895
2025-01-02 04:12:00,7,1466.6,77.45,3.836,14.64,WARNING,combined,0.6941
2025-01-02 04:13:00,7,1461.0,77.11,3.928,15.29,WARNING,combined,0.6986
2025-01-02 04:14:00,7,1470.0,78.0,3.934,15.14,FAULT,combined,0.7032
2025-01-02 04:15:00,7,1466.3,78.58,4.119,14.75,FAULT,combined,0.7078
2025-01-02 04:16:00,7,1465.6,78.65,4.241,15.13,FAULT,combined,0.7123
2025-01-02 04:17:00,7,1471.2,78.05,4.039,15.45,FAULT,combined,0.7169
2025-01-02 04:18:00,7,1471.6,77.72,4.07,15.28,FAULT,combined,0.7215
2025-01-02 04:19:00,7,1467.9,77.72,3.989,15.27,FAULT,combined,0.726
2025-01-02 04:20:00,7,1464.8,77.41,4.165,15.26,FAULT,combined,0.7306
2025-01-02 04:21:00,7,1466.7,78.01,4.043,15.83,FAULT,combined,0.7352
2025-01-02 04:22:00,7,1468.6,76.74,4.396,14.76,FAULT,combined,0.7397
2025-01-02 04:23:00,7,1465.2,77.07,4.029,15.2,FAULT,combined,0.7443
2025-01-02 04:24:00,7,1471.6,77.28,4.087,15.37,FAULT,combined,0.7489
2025-01-02 04:25:00,7,1468.7,77.43,4.205,15.63,FAULT,combined,0.7534
2025-01-02 04:26:00,7,1475.7,77.6,4.185,15.48,FAULT,combined,0.758
2025-01-02 04:27:00,7,1465.0,76.47,4.429,15.22,FAULT,combined,0.7626
2025-01-02 04:28:00,7,1451.2,77.81,4.552,15.61,FAULT,combined,0.7671
2025-01-02 04:29:00,7,1466.4,78.03,4.173,15.21,FAULT,combined,0.7717
2025-01-02 04:30:00,7,1461.3,78.48,4.659,15.88,FAULT,combined,0.7763
2025-01-02 04:31:00,7,1466.1,78.69,4.216,15.71,FAULT,combined,0.7808
2025-01-02 04:32:00,7,1464.6,78.93,4.522,15.18,FAULT,combined,0.7854
2025-01-02 04:33:00,7,1458.7,79.66,4.642,15.31,FAULT,combined,0.79
2025-01-02 04:34:00,7,1464.8,80.11,4.469,15.03,FAULT,combined,0.7945
2025-01-02 04:35:00,7,1461.3,80.19,4.436,15.34,FAULT,combined,0.7991
2025-01-02 04:36:00,7,1457.1,80.04,4.5,15.54,FAULT,combined,0.8037
2025-01-02 04:37:00,7,1464.3,79.61,4.588,15.31,FAULT,combined,0.8082
2025-01-02 04:38:00,7,1465.2,79.59,4.747,15.08,FAULT,combined,0.8128
2025-01-02 04:39:00,7,1458.3,79.36,4.763,15.33,FAULT,combined,0.8174
2025-01-02 04:40:00,7,1465.6,78.89,4.433,15.09,FAULT,combined,0.8219
2025-01-02 04:41:00,7,1459.6,79.48,4.88,15.17,FAULT,combined,0.8265
2025-01-02 04:42:00,7,1460.7,79.79,4.805,15.1,FAULT,combined,0.8311
2025-01-02 04:43:00,7,1465.0,79.76,5.092,15.52,FAULT,combined,0.8356
2025-01-02 04:44:00,7,1468.0,79.64,5.085,14.96,FAULT,combined,0.8402
2025-01-02 04:45:00,7,1463.3,79.33,4.68,15.29,FAULT,combined,0.8447
2025-01-02 04:46:00,7,1471.4,80.27,4.534,15.32,FAULT,combined,0.8493
2025-01-02 04:47:00,7,1464.1,80.45,4.632,15.04,FAULT,combined,0.8539
2025-01-02 04:48:00,7,1460.3,81.15,4.857,15.03,FAULT,combined,0.8584
2025-01-02 04:49:00,7,1464.5,81.15,4.879,15.75,FAULT,combined,0.863
2025-01-02 04:50:00,7,1460.2,81.35,4.776,15.35,FAULT,combined,0.8676
2025-01-02 04:51:00,7,1459.6,81.77,4.545,15.26,FAULT,combined,0.8721
2025-01-02 04:52:00,7,1464.3,82.36,5.128,15.9,FAULT,combined,0.8767
2025-01-02 04:53:00,7,1470.4,83.43,5.077,15.85,FAULT,combined,0.8813
2025-01-02 04:54:00,7,1468.1,83.42,5.092,15.38,FAULT,combined,0.8858
2025-01-02 04:55:00,7,1461.5,83.37,5.102,15.26,FAULT,combined,0.8904
2025-01-02 04:56:00,7,1451.3,83.68,5.322,15.4,FAULT,combined,0.895
2025-01-02 04:57:00,7,1470.2,83.12,5.095,15.83,FAULT,combined,0.8995
2025-01-02 04:58:00,7,1474.8,84.01,5.26,15.53,FAULT,combined,0.9041
2025-01-02 04:59:00,7,1456.8,83.15,5.04,15.86,FAULT,combined,0.9087
2025-01-02 05:00:00,7,1465.3,82.59,5.212,16.0,FAULT,combined,0.9132
2025-01-02 05:01:00,7,1470.5,82.32,5.04,15.42,FAULT,combined,0.9178
2025-01-02 05:02:00,7,1456.8,83.11,5.239,15.27,FAULT,combined,0.9224
2025-01-02 05:03:00,7,1458.8,83.61,4.971,15.44,FAULT,combined,0.9269
2025-01-02 05:04:00,7,1460.6,84.44,5.223,15.76,FAULT,combined,0.9315
2025-01-02 05:05:00,7,1460.3,84.87,5.05,15.63,FAULT,combined,0.9361
2025-01-02 05:06:00,7,1454.5,84.93,5.103,15.46,FAULT,combined,0.9406
2025-01-02 05:07:00,7,1457.8,84.33,5.423,15.26,FAULT,combined,0.9452
2025-01-02 05:08:00,7,1459.8,84.34,5.285,15.32,FAULT,combined,0.9498
2025-01-02 05:09:00,7,1459.3,84.35,5.269,15.75,FAULT,combined,0.9543
2025-01-02 05:10:00,7,1468.6,84.77,5.459,15.54,FAULT,combined,0.9589
2025-01-02 05:11:00,7,1461.7,85.5,5.622,15.63,FAULT,combined,0.9635
2025-01-02 05:12:00,7,1461.2,85.87,5.701,16.13,FAULT,combined,0.968
2025-01-02 05:13:00,7,1459.5,86.97,5.541,15.8,FAULT,combined,0.9726
2025-01-02 05:14:00,7,1461.1,86.49,5.393,15.76,FAULT,combined,0.9772
2025-01-02 05:15:00,7,1463.3,86.08,5.34,16.19,FAULT,combined,0.9817
2025-01-02 05:16:00,7,1461.0,87.43,5.743,15.41,FAULT,combined,0.9863
2025-01-02 05:17:00,7,1458.1,87.97,5.575,16.13,FAULT,combined,0.9909
2025-01-02 05:18:00,7,1461.5,88.98,5.767,16.16,FAULT,combined,0.9954
2025-01-02 05:19:00,7,1462.6,88.1,5.981,16.3,FAULT,combined,1.0
2025-01-02 05:20:00,8,1493.1,55.01,1.754,12.37,NORMAL,imbalance,0.0
2025-01-02 05:21:00,8,1485.3,54.89,1.746,12.18,NORMAL,imbalance,0.0046
2025-01-02 05:22:00,8,1487.9,53.84,1.84,12.28,NORMAL,imbalance,0.0091
2025-01-02 05:23:00,8,1479.6,54.52,1.841,12.13,NORMAL,imbalance,0.0137
2025-01-02 05:24:00,8,1478.2,53.49,1.816,12.4,NORMAL,imbalance,0.0183
2025-01-02 05:25:00,8,1482.9,53.93,1.79,11.9,NORMAL,imbalance,0.0228
2025-01-02 05:26:00,8,1486.1,54.58,1.907,12.12,NORMAL,imbalance,0.0274
2025-01-02 05:27:00,8,1484.3,54.38,1.822,12.0,NORMAL,imbalance,0.032
2025-01-02 05:28:00,8,1484.2,53.7,1.831,11.94,NORMAL,imbalance,0.0365
2025-01-02 05:29:00,8,1484.2,54.59,1.797,12.3,NORMAL,imbalance,0.0411
2025-01-02 05:30:00,8,1473.5,54.92,1.845,12.2,NORMAL,imbalance,0.0457
2025-01-02 05:31:00,8,1486.2,55.54,1.748,12.41,NORMAL,imbalance,0.0502
2025-01-02 05:32:00,8,1479.1,55.73,1.853,12.39,NORMAL,imbalance,0.0548
2025-01-02 05:33:00,8,1482.9,56.22,1.918,12.06,NORMAL,imbalance,0.0594
2025-01-02 05:34:00,8,1485.8,56.09,1.896,11.95,NORMAL,imbalance,0.0639
2025-01-02 05:35:00,8,1481.0,55.34,1.795,12.25,NORMAL,imbalance,0.0685
2025-01-02 05:36:00,8,1483.0,55.59,1.913,11.95,NORMAL,imbalance,0.0731
2025-01-02 05:37:00,8,1479.7,55.23,1.951,12.28,NORMAL,imbalance,0.0776
2025-01-02 05:38:00,8,1476.1,55.4,1.873,12.4,NORMAL,imbalance,0.0822
2025-01-02 05:39:00,8,1479.0,56.73,1.892,12.32,NORMAL,imbalance,0.0868
2025-01-02 05:40:00,8,1476.1,56.83,1.891,13.25,NORMAL,imbalance,0.0913
2025-01-02 05:41:00,8,1473.1,57.16,2.02,12.21,NORMAL,imbalance,0.0959
2025-01-02 05:42:00,8,1478.9,57.28,1.922,12.85,NORMAL,imbalance,0.1005
2025-01-02 05:43:00,8,1484.9,57.4,2.007,12.35,NORMAL,imbalance,0.105
2025-01-02 05:44:00,8,1486.0,57.63,1.993,12.92,NORMAL,imbalance,0.1096
2025-01-02 05:45:00,8,1481.1,56.78,2.014,12.51,NORMAL,imbalance,0.1142
2025-01-02 05:46:00,8,1479.5,56.85,2.024,12.38,NORMAL,imbalance,0.1187
2025-01-02 05:47:00,8,1480.1,56.83,2.083,12.65,NORMAL,imbalance,0.1233
2025-01-02 05:48:00,8,1473.2,56.69,2.184,12.46,NORMAL,imbalance,0.1279
2025-01-02 05:49:00,8,1478.3,57.31,1.998,12.88,NORMAL,imbalance,0.1324
2025-01-02 05:50:00,8,1482.2,57.18,2.044,12.65,NORMAL,imbalance,0.137
2025-01-02 05:51:00,8,1479.0,57.16,2.096,12.39,NORMAL,imbalance,0.1416
2025-01-02 05:52:00,8,1481.0,57.37,2.133,12.34,NORMAL,imbalance,0.1461
2025-01-02 05:53:00,8,1475.5,56.66,2.042,12.36,NORMAL,imbalance,0.1507
2025-01-02 05:54:00,8,1485.1,57.22,2.019,12.31,NORMAL,imbalance,0.1553
2025-01-02 05:55:00,8,1477.1,57.49,2.103,12.23,NORMAL,imbalance,0.1598
2025-01-02 05:56:00,8,1484.2,57.34,2.2,12.61,NORMAL,imbalance,0.1644
2025-01-02 05:57:00,8,1477.4,57.55,2.074,12.79,NORMAL,imbalance,0.1689
2025-01-02 05:58:00,8,1476.5,56.78,2.165,12.39,NORMAL,imbalance,0.1735
2025-01-02 05:59:00,8,1480.9,55.95,2.138,12.21,NORMAL,imbalance,0.1781
2025-01-02 06:00:00,8,1472.2,55.55,2.156,12.42,NORMAL,imbalance,0.1826
2025-01-02 06:01:00,8,1483.3,55.55,2.199,12.57,NORMAL,imbalance,0.1872
2025-01-02 06:02:00,8,1476.1,55.91,2.23,12.1,NORMAL,imbalance,0.1918
2025-01-02 06:03:00,8,1475.3,56.47,2.32,12.31,NORMAL,imbalance,0.1963
2025-01-02 06:04:00,8,1474.4,57.0,2.187,12.48,NORMAL,imbalance,0.2009
2025-01-02 06:05:00,8,1488.3,56.72,2.27,12.83,NORMAL,imbalance,0.2055
2025-01-02 06:06:00,8,1485.5,55.45,2.192,12.46,NORMAL,imbalance,0.21
2025-01-02 06:07:00,8,1474.4,55.75,2.341,12.0,NORMAL,imbalance,0.2146
2025-01-02 06:08:00,8,1484.5,55.55,2.265,12.07,NORMAL,imbalance,0.2192
2025-01-02 06:09:00,8,1475.2,55.46,2.319,12.32,NORMAL,imbalance,0.2237
2025-01-02 06:10:00,8,1488.4,55.01,2.276,12.62,NORMAL,imbalance,0.2283
2025-01-02 06:11:00,8,1480.4,54.93,2.476,12.53,NORMAL,imbalance,0.2329
2025-01-02 06:12:00,8,1482.8,55.38,2.42,12.09,NORMAL,imbalance,0.2374
2025-01-02 06:13:00,8,1489.3,55.78,2.441,12.35,NORMAL,imbalance,0.242
2025-01-02 06:14:00,8,1472.7,55.49,2.457,11.93,NORMAL,imbalance,0.2466
2025-01-02 06:15:00,8,1490.8,56.11,2.404,11.98,NORMAL,imbalance,0.2511
2025-01-02 06:16:00,8,1475.3,56.07,2.402,12.45,NORMAL,imbalance,0.2557
2025-01-02 06:17:00,8,1472.2,56.78,2.518,12.02,NORMAL,imbalance,0.2603
2025-01-02 06:18:00,8,1477.0,56.18,2.587,12.53,NORMAL,imbalance,0.2648
2025-01-02 06:19:00,8,1479.0,56.23,2.538,11.85,NORMAL,imbalance,0.2694
2025-01-02 06:20:00,8,1478.9,56.17,2.492,12.06,NORMAL,imbalance,0.274
2025-01-02 06:21:00,8,1480.8,56.02,2.474,11.88,NORMAL,imbalance,0.2785
2025-01-02 06:22:00,8,1479.8,55.03,2.508,12.08,NORMAL,imbalance,0.2831
2025-01-02 06:23:00,8,1476.3,55.91,2.543,11.76,NORMAL,imbalance,0.2877
2025-01-02 06:24:00,8,1480.1,55.83,2.608,11.83,NORMAL,imbalance,0.2922
2025-01-02 06:25:00,8,1473.9,55.62,2.591,11.69,NORMAL,imbalance,0.2968
2025-01-02 06:26:00,8,1467.2,56.0,2.509,12.27,NORMAL,imbalance,0.3014
2025-01-02 06:27:00,8,1486.6,55.67,2.792,12.05,NORMAL,imbalance,0.3059
2025-01-02 06:28:00,8,1474.8,56.86,2.787,11.87,NORMAL,imbalance,0.3105
2025-01-02 06:29:00,8,1478.2,57.29,2.894,11.8,NORMAL,imbalance,0.3151
2025-01-02 06:30:00,8,1488.5,56.46,2.594,11.69,NORMAL,imbalance,0.3196
2025-01-02 06:31:00,8,1473.9,56.3,2.795,11.74,NORMAL,imbalance,0.3242
2025-01-02 06:32:00,8,1482.8,55.96,2.541,12.1,NORMAL,imbalance,0.3288
2025-01-02 06:33:00,8,1482.7,55.78,2.83,12.1,NORMAL,imbalance,0.3333
2025-01-02 06:34:00,8,1469.4,55.16,2.788,11.79,NORMAL,imbalance,0.3379
2025-01-02 06:35:00,8,1480.7,55.49,2.762,11.39,NORMAL,imbalance,0.3425
2025-01-02 06:36:00,8,1477.2,56.05,2.777,11.59,NORMAL,imbalance,0.347
2025-01-02 06:37:00,8,1479.8,56.13,2.851,11.58,WARNING,imbalance,0.3516
2025-01-02 06:38:00,8,1486.7,56.27,2.935,11.85,WARNING,imbalance,0.3562
2025-01-02 06:39:00,8,1473.1,55.72,2.785,11.61,WARNING,imbalance,0.3607
2025-01-02 06:40:00,8,1474.7,55.49,2.692,11.31,WARNING,imbalance,0.3653
2025-01-02 06:41:00,8,1479.7,55.2,2.834,11.66,WARNING,imbalance,0.3699
2025-01-02 06:42:00,8,1485.5,55.27,2.927,11.8,WARNING,imbalance,0.3744
2025-01-02 06:43:00,8,1473.0,55.18,2.956,11.31,WARNING,imbalance,0.379
2025-01-02 06:44:00,8,1476.3,55.16,3.032,11.28,WARNING,imbalance,0.3836
2025-01-02 06:45:00,8,1482.9,55.15,3.115,11.42,WARNING,imbalance,0.3881
2025-01-02 06:46:00,8,1480.9,54.67,3.211,11.23,WARNING,imbalance,0.3927
2025-01-02 06:47:00,8,1494.0,54.43,3.02,11.13,WARNING,imbalance,0.3973
2025-01-02 06:48:00,8,1466.2,54.06,3.102,11.8,WARNING,imbalance,0.4018
2025-01-02 06:49:00,8,1477.6,53.55,3.205,11.16,WARNING,imbalance,0.4064
2025-01-02 06:50:00,8,1478.9,53.14,3.027,11.53,WARNING,imbalance,0.411
2025-01-02 06:51:00,8,1481.1,53.53,3.121,11.74,WARNING,imbalance,0.4155
2025-01-02 06:52:00,8,1481.0,53.6,2.987,11.73,WARNING,imbalance,0.4201
2025-01-02 06:53:00,8,1479.2,54.5,3.311,11.43,WARNING,imbalance,0.4247
2025-01-02 06:54:00,8,1487.2,53.5,3.298,11.37,WARNING,imbalance,0.4292
2025-01-02 06:55:00,8,1485.4,54.34,3.242,11.44,WARNING,imbalance,0.4338
2025-01-02 06:56:00,8,1475.7,53.91,3.199,11.76,WARNING,imbalance,0.4384
2025-01-02 06:57:00,8,1479.5,54.73,3.409,11.69,WARNING,imbalance,0.4429
2025-01-02 06:58:00,8,1485.7,54.26,3.298,11.07,WARNING,imbalance,0.4475
2025-01-02 06:59:00,8,1483.8,54.59,3.125,11.58,WARNING,imbalance,0.4521
2025-01-02 07:00:00,8,1487.3,54.68,3.27,11.52,WARNING,imbalance,0.4566
2025-01-02 07:01:00,8,1481.8,54.39,3.346,11.95,WARNING,imbalance,0.4612
2025-01-02 07:02:00,8,1480.6,54.97,3.446,11.61,WARNING,imbalance,0.4658
2025-01-02 07:03:00,8,1480.7,55.24,3.514,11.77,WARNING,imbalance,0.4703
2025-01-02 07:04:00,8,1476.8,55.61,3.355,12.05,WARNING,imbalance,0.4749
2025-01-02 07:05:00,8,1474.9,55.32,3.483,11.17,WARNING,imbalance,0.4795
2025-01-02 07:06:00,8,1484.8,53.87,3.467,11.81,WARNING,imbalance,0.484
2025-01-02 07:07:00,8,1478.0,54.63,3.552,11.92,WARNING,imbalance,0.4886
2025-01-02 07:08:00,8,1478.9,54.7,3.51,11.49,WARNING,imbalance,0.4932
2025-01-02 07:09:00,8,1473.7,55.63,3.311,11.57,WARNING,imbalance,0.4977
2025-01-02 07:10:00,8,1478.6,54.78,3.609,11.74,WARNING,imbalance,0.5023
2025-01-02 07:11:00,8,1484.7,54.93,3.313,11.75,WARNING,imbalance,0.5068
2025-01-02 07:12:00,8,1481.2,54.7,3.531,11.45,WARNING,imbalance,0.5114
2025-01-02 07:13:00,8,1476.3,54.31,3.548,12.18,WARNING,imbalance,0.516
2025-01-02 07:14:00,8,1481.5,54.53,3.699,12.2,WARNING,imbalance,0.5205
2025-01-02 07:15:00,8,1484.0,54.04,3.679,12.1,WARNING,imbalance,0.5251
2025-01-02 07:16:00,8,1466.8,54.62,3.78,12.12,WARNING,imbalance,0.5297
2025-01-02 07:17:00,8,1477.4,55.1,3.959,11.93,WARNING,imbalance,0.5342
2025-01-02 07:18:00,8,1483.0,54.98,4.017,11.99,WARNING,imbalance,0.5388
2025-01-02 07:19:00,8,1472.5,55.44,4.02,12.2,WARNING,imbalance,0.5434
2025-01-02 07:20:00,8,1495.6,55.52,3.874,11.8,WARNING,imbalance,0.5479
2025-01-02 07:21:00,8,1475.1,55.4,3.797,12.05,WARNING,imbalance,0.5525
2025-01-02 07:22:00,8,1473.0,55.49,4.106,12.25,WARNING,imbalance,0.5571
2025-01-02 07:23:00,8,1483.8,56.04,3.972,12.27,WARNING,imbalance,0.5616
2025-01-02 07:24:00,8,1480.7,56.25,4.027,12.42,WARNING,imbalance,0.5662
2025-01-02 07:25:00,8,1478.9,56.56,4.178,12.13,WARNING,imbalance,0.5708
2025-01-02 07:26:00,8,1482.1,56.46,3.893,12.08,WARNING,imbalance,0.5753
2025-01-02 07:27:00,8,1477.5,56.69,3.795,12.14,WARNING,imbalance,0.5799
2025-01-02 07:28:00,8,1486.3,57.09,4.116,11.68,WARNING,imbalance,0.5845
2025-01-02 07:29:00,8,1477.2,57.02,4.127,12.35,WARNING,imbalance,0.589
2025-01-02 07:30:00,8,1479.5,57.06,4.083,12.71,WARNING,imbalance,0.5936
2025-01-02 07:31:00,8,1485.4,56.22,4.254,12.57,WARNING,imbalance,0.5982
2025-01-02 07:32:00,8,1485.6,55.92,4.071,12.6,WARNING,imbalance,0.6027
2025-01-02 07:33:00,8,1474.1,56.73,4.465,12.2,WARNING,imbalance,0.6073
2025-01-02 07:34:00,8,1480.6,56.21,4.129,12.45,WARNING,imbalance,0.6119
2025-01-02 07:35:00,8,1479.9,56.89,4.055,12.39,WARNING,imbalance,0.6164
2025-01-02 07:36:00,8,1481.3,57.01,4.02,12.72,WARNING,imbalance,0.621
2025-01-02 07:37:00,8,1477.3,56.54,4.389,12.48,WARNING,imbalance,0.6256
2025-01-02 07:38:00,8,1489.2,56.53,4.298,12.52,WARNING,imbalance,0.6301
2025-01-02 07:39:00,8,1485.9,56.39,4.246,12.17,WARNING,imbalance,0.6347
2025-01-02 07:40:00,8,1486.6,57.3,4.486,12.51,WARNING,imbalance,0.6393
2025-01-02 07:41:00,8,1483.7,57.56,4.341,12.54,WARNING,imbalance,0.6438
2025-01-02 07:42:00,8,1475.8,56.78,4.411,12.67,WARNING,imbalance,0.6484
2025-01-02 07:43:00,8,1479.1,56.05,4.39,12.86,WARNING,imbalance,0.653
2025-01-02 07:44:00,8,1478.1,56.33,4.389,12.86,WARNING,imbalance,0.6575
2025-01-02 07:45:00,8,1489.0,56.72,4.6,12.52,WARNING,imbalance,0.6621
2025-01-02 07:46:00,8,1478.2,56.52,4.661,12.3,WARNING,imbalance,0.6667
2025-01-02 07:47:00,8,1482.3,57.46,4.749,12.09,WARNING,imbalance,0.6712
2025-01-02 07:48:00,8,1479.3,56.81,4.27,11.89,WARNING,imbalance,0.6758
2025-01-02 07:49:00,8,1479.9,56.75,4.595,12.81,WARNING,imbalance,0.6804
2025-01-02 07:50:00,8,1474.5,57.09,4.566,12.66,WARNING,imbalance,0.6849
2025-01-02 07:51:00,8,1476.1,56.83,4.812,12.5,WARNING,imbalance,0.6895
2025-01-02 07:52:00,8,1477.3,56.7,4.87,12.62,WARNING,imbalance,0.6941
2025-01-02 07:53:00,8,1484.6,57.56,5.079,12.7,WARNING,imbalance,0.6986
2025-01-02 07:54:00,8,1485.2,57.04,4.646,12.65,FAULT,imbalance,0.7032
2025-01-02 07:55:00,8,1479.0,56.86,4.671,12.54,FAULT,imbalance,0.7078
2025-01-02 07:56:00,8,1478.6,56.15,4.897,12.61,FAULT,imbalance,0.7123
2025-01-02 07:57:00,8,1476.3,56.73,4.575,12.69,FAULT,imbalance,0.7169
2025-01-02 07:58:00,8,1481.3,56.74,4.729,12.68,FAULT,imbalance,0.7215
2025-01-02 07:59:00,8,1474.3,57.46,5.021,12.82,FAULT,imbalance,0.726
2025-01-02 08:00:00,8,1477.0,57.92,5.127,12.48,FAULT,imbalance,0.7306
2025-01-02 08:01:00,8,1477.4,57.84,4.913,11.99,FAULT,imbalance,0.7352
2025-01-02 08:02:00,8,1480.5,57.34,4.909,13.02,FAULT,imbalance,0.7397
2025-01-02 08:03:00,8,1477.2,58.01,4.851,12.42,FAULT,imbalance,0.7443
2025-01-02 08:04:00,8,1487.4,57.48,4.916,12.37,FAULT,imbalance,0.7489
2025-01-02 08:05:00,8,1486.5,56.91,5.27,12.51,FAULT,imbalance,0.7534
2025-01-02 08:06:00,8,1473.5,56.09,5.13,12.66,FAULT,imbalance,0.758
2025-01-02 08:07:00,8,1478.4,57.17,5.421,12.45,FAULT,imbalance,0.7626
2025-01-02 08:08:00,8,1483.2,57.27,4.963,12.41,FAULT,imbalance,0.7671
2025-01-02 08:09:00,8,1475.2,56.93,5.013,12.84,FAULT,imbalance,0.7717
2025-01-02 08:10:00,8,1485.4,57.41,5.14,12.44,FAULT,imbalance,0.7763
2025-01-02 08:11:00,8,1477.0,57.75,5.354,11.91,FAULT,imbalance,0.7808
2025-01-02 08:12:00,8,1467.7,58.13,5.238,12.62,FAULT,imbalance,0.7854
2025-01-02 08:13:00,8,1473.5,58.23,5.094,12.21,FAULT,imbalance,0.79
2025-01-02 08:14:00,8,1469.8,58.08,5.339,12.44,FAULT,imbalance,0.7945
2025-01-02 08:15:00,8,1482.6,57.12,5.413,12.2,FAULT,imbalance,0.7991
2025-01-02 08:16:00,8,1480.7,57.51,5.223,12.17,FAULT,imbalance,0.8037
2025-01-02 08:17:00,8,1487.1,56.87,5.426,12.43,FAULT,imbalance,0.8082
2025-01-02 08:18:00,8,1481.2,56.77,5.452,12.58,FAULT,imbalance,0.8128
2025-01-02 08:19:00,8,1478.8,56.4,5.697,12.22,FAULT,imbalance,0.8174
2025-01-02 08:20:00,8,1492.8,56.81,5.319,12.21,FAULT,imbalance,0.8219
2025-01-02 08:21:00,8,1481.3,56.86,5.52,12.15,FAULT,imbalance,0.8265
2025-01-02 08:22:00,8,1474.4,57.32,6.004,12.12,FAULT,imbalance,0.8311
2025-01-02 08:23:00,8,1478.3,56.63,5.55,12.04,FAULT,imbalance,0.8356
2025-01-02 08:24:00,8,1479.2,56.22,5.571,12.42,FAULT,imbalance,0.8402
2025-01-02 08:25:00,8,1477.1,56.03,5.506,12.47,FAULT,imbalance,0.8447
2025-01-02 08:26:00,8,1482.8,55.61,5.905,12.05,FAULT,imbalance,0.8493
2025-01-02 08:27:00,8,1473.2,56.13,5.916,11.75,FAULT,imbalance,0.8539
2025-01-02 08:28:00,8,1480.6,55.91,5.852,12.16,FAULT,imbalance,0.8584
2025-01-02 08:29:00,8,1475.1,54.81,5.952,11.87,FAULT,imbalance,0.863
2025-01-02 08:30:00,8,1483.2,55.94,5.632,12.12,FAULT,imbalance,0.8676
2025-01-02 08:31:00,8,1480.1,57.0,6.074,12.02,FAULT,imbalance,0.8721
2025-01-02 08:32:00,8,1474.7,57.01,5.903,12.13,FAULT,imbalance,0.8767
2025-01-02 08:33:00,8,1485.8,58.17,5.848,12.46,FAULT,imbalance,0.8813
2025-01-02 08:34:00,8,1481.4,57.5,6.082,12.23,FAULT,imbalance,0.8858
2025-01-02 08:35:00,8,1473.4,57.41,6.26,11.98,FAULT,imbalance,0.8904
2025-01-02 08:36:00,8,1480.1,57.07,5.539,11.85,FAULT,imbalance,0.895
2025-01-02 08:37:00,8,1484.6,57.35,6.273,12.03,FAULT,imbalance,0.8995
2025-01-02 08:38:00,8,1472.5,58.01,6.222,12.03,FAULT,imbalance,0.9041
2025-01-02 08:39:00,8,1490.6,57.58,5.776,11.76,FAULT,imbalance,0.9087
2025-01-02 08:40:00,8,1480.9,58.1,6.166,11.79,FAULT,imbalance,0.9132
2025-01-02 08:41:00,8,1474.5,57.85,5.976,11.58,FAULT,imbalance,0.9178
2025-01-02 08:42:00,8,1473.9,57.42,6.219,11.79,FAULT,imbalance,0.9224
2025-01-02 08:43:00,8,1484.4,57.35,6.249,12.09,FAULT,imbalance,0.9269
2025-01-02 08:44:00,8,1479.9,57.75,6.174,11.81,FAULT,imbalance,0.9315
2025-01-02 08:45:00,8,1477.9,58.12,6.44,11.6,FAULT,imbalance,0.9361
2025-01-02 08:46:00,8,1477.1,58.81,6.546,11.82,FAULT,imbalance,0.9406
2025-01-02 08:47:00,8,1474.2,57.95,6.073,11.65,FAULT,imbalance,0.9452
2025-01-02 08:48:00,8,1473.1,57.67,6.564,11.8,FAULT,imbalance,0.9498
2025-01-02 08:49:00,8,1478.1,57.31,6.33,12.21,FAULT,imbalance,0.9543
2025-01-02 08:50:00,8,1473.4,58.4,6.671,11.75,FAULT,imbalance,0.9589
2025-01-02 08:51:00,8,1477.4,58.05,6.716,12.07,FAULT,imbalance,0.9635
2025-01-02 08:52:00,8,1476.3,57.31,6.727,11.95,FAULT,imbalance,0.968
2025-01-02 08:53:00,8,1474.4,57.26,6.028,11.96,FAULT,imbalance,0.9726
2025-01-02 08:54:00,8,1479.2,57.11,6.249,11.55,FAULT,imbalance,0.9772
2025-01-02 08:55:00,8,1476.6,58.37,6.69,11.97,FAULT,imbalance,0.9817
2025-01-02 08:56:00,8,1479.9,57.47,6.951,11.63,FAULT,imbalance,0.9863
2025-01-02 08:57:00,8,1478.2,57.16,6.367,11.85,FAULT,imbalance,0.9909
2025-01-02 08:58:00,8,1470.2,56.48,7.163,11.73,FAULT,imbalance,0.9954
2025-01-02 08:59:00,8,1484.5,56.36,6.632,12.14,FAULT,imbalance,1.0
2025-01-02 09:00:00,9,1477.3,55.38,1.828,12.15,NORMAL,overload,0.0
2025-01-02 09:01:00,9,1479.5,55.43,1.843,12.21,NORMAL,overload,0.0046
2025-01-02 09:02:00,9,1479.2,55.41,1.685,12.21,NORMAL,overload,0.0091
2025-01-02 09:03:00,9,1477.8,56.2,1.904,11.73,NORMAL,overload,0.0137
2025-01-02 09:04:00,9,1479.7,55.23,1.828,12.02,NORMAL,overload,0.0183
2025-01-02 09:05:00,9,1479.1,55.15,1.83,12.32,NORMAL,overload,0.0228
2025-01-02 09:06:00,9,1468.8,54.65,1.681,12.69,NORMAL,overload,0.0274
2025-01-02 09:07:00,9,1486.8,55.09,1.731,12.16,NORMAL,overload,0.032
2025-01-02 09:08:00,9,1475.5,55.4,1.935,12.26,NORMAL,overload,0.0365
2025-01-02 09:09:00,9,1478.2,55.38,1.861,12.67,NORMAL,overload,0.0411
2025-01-02 09:10:00,9,1488.1,55.68,1.761,12.49,NORMAL,overload,0.0457
2025-01-02 09:11:00,9,1474.0,55.28,1.828,12.34,NORMAL,overload,0.0502
2025-01-02 09:12:00,9,1481.0,55.35,1.825,12.35,NORMAL,overload,0.0548
2025-01-02 09:13:00,9,1478.7,55.13,1.785,12.43,NORMAL,overload,0.0594
2025-01-02 09:14:00,9,1492.3,55.03,1.703,12.28,NORMAL,overload,0.0639
2025-01-02 09:15:00,9,1489.1,55.33,1.712,12.56,NORMAL,overload,0.0685
2025-01-02 09:16:00,9,1480.5,55.25,1.919,12.79,NORMAL,overload,0.0731
2025-01-02 09:17:00,9,1479.7,55.02,1.671,12.54,NORMAL,overload,0.0776
2025-01-02 09:18:00,9,1477.7,54.39,1.688,12.64,NORMAL,overload,0.0822
2025-01-02 09:19:00,9,1479.2,55.29,1.726,12.36,NORMAL,overload,0.0868
2025-01-02 09:20:00,9,1481.3,55.11,1.92,12.99,NORMAL,overload,0.0913
2025-01-02 09:21:00,9,1485.7,55.11,1.711,12.81,NORMAL,overload,0.0959
2025-01-02 09:22:00,9,1473.4,55.82,1.882,12.88,NORMAL,overload,0.1005
2025-01-02 09:23:00,9,1479.0,56.13,1.845,12.8,NORMAL,overload,0.105
2025-01-02 09:24:00,9,1480.5,55.44,1.853,12.9,NORMAL,overload,0.1096
2025-01-02 09:25:00,9,1477.0,56.5,1.726,12.78,NORMAL,overload,0.1142
2025-01-02 09:26:00,9,1475.2,55.56,1.851,12.92,NORMAL,overload,0.1187
2025-01-02 09:27:00,9,1474.8,55.32,1.873,12.03,NORMAL,overload,0.1233
2025-01-02 09:28:00,9,1482.8,56.05,1.927,12.87,NORMAL,overload,0.1279
2025-01-02 09:29:00,9,1478.2,56.3,1.893,12.71,NORMAL,overload,0.1324
2025-01-02 09:30:00,9,1473.8,57.16,1.954,13.19,NORMAL,overload,0.137
2025-01-02 09:31:00,9,1474.8,57.48,1.775,13.14,NORMAL,overload,0.1416
2025-01-02 09:32:00,9,1478.3,56.95,1.804,12.95,NORMAL,overload,0.1461
2025-01-02 09:33:00,9,1479.7,57.41,1.971,13.26,NORMAL,overload,0.1507
2025-01-02 09:34:00,9,1469.4,57.02,1.877,13.4,NORMAL,overload,0.1553
2025-01-02 09:35:00,9,1475.9,58.37,1.98,13.03,NORMAL,overload,0.1598
2025-01-02 09:36:00,9,1472.3,57.69,1.785,13.2,NORMAL,overload,0.1644
2025-01-02 09:37:00,9,1474.8,58.03,1.864,13.16,NORMAL,overload,0.1689
2025-01-02 09:38:00,9,1477.9,60.03,1.839,13.21,NORMAL,overload,0.1735
2025-01-02 09:39:00,9,1478.9,59.41,1.883,12.59,NORMAL,overload,0.1781
2025-01-02 09:40:00,9,1474.2,60.1,1.834,12.92,NORMAL,overload,0.1826
2025-01-02 09:41:00,9,1481.4,60.47,1.868,12.63,NORMAL,overload,0.1872
2025-01-02 09:42:00,9,1474.7,60.64,1.742,13.11,NORMAL,overload,0.1918
2025-01-02 09:43:00,9,1462.7,60.64,1.819,12.91,NORMAL,overload,0.1963
2025-01-02 09:44:00,9,1472.0,60.05,1.821,13.12,NORMAL,overload,0.2009
2025-01-02 09:45:00,9,1477.1,60.17,1.801,12.61,NORMAL,overload,0.2055
2025-01-02 09:46:00,9,1475.5,59.5,1.973,12.81,NORMAL,overload,0.21
2025-01-02 09:47:00,9,1480.8,60.0,1.773,13.26,NORMAL,overload,0.2146
2025-01-02 09:48:00,9,1478.1,59.66,1.845,12.74,NORMAL,overload,0.2192
2025-01-02 09:49:00,9,1467.2,59.81,1.826,13.11,NORMAL,overload,0.2237
2025-01-02 09:50:00,9,1468.2,60.38,1.965,13.06,NORMAL,overload,0.2283
2025-01-02 09:51:00,9,1476.1,60.6,2.001,13.07,NORMAL,overload,0.2329
2025-01-02 09:52:00,9,1466.6,60.19,1.906,12.94,NORMAL,overload,0.2374
2025-01-02 09:53:00,9,1475.1,59.88,1.972,13.04,NORMAL,overload,0.242
2025-01-02 09:54:00,9,1469.0,59.2,2.014,13.03,NORMAL,overload,0.2466
2025-01-02 09:55:00,9,1471.5,59.04,1.78,12.95,NORMAL,overload,0.2511
2025-01-02 09:56:00,9,1469.4,59.36,2.062,12.65,NORMAL,overload,0.2557
2025-01-02 09:57:00,9,1483.0,58.72,2.023,12.93,NORMAL,overload,0.2603
2025-01-02 09:58:00,9,1465.0,58.39,1.902,12.76,NORMAL,overload,0.2648
2025-01-02 09:59:00,9,1470.0,57.86,1.931,13.06,NORMAL,overload,0.2694
2025-01-02 10:00:00,9,1468.0,58.95,1.93,12.88,NORMAL,overload,0.274
2025-01-02 10:01:00,9,1472.3,59.24,1.811,13.03,NORMAL,overload,0.2785
2025-01-02 10:02:00,9,1470.3,58.69,1.848,13.37,NORMAL,overload,0.2831
2025-01-02 10:03:00,9,1474.0,59.61,1.971,13.08,NORMAL,overload,0.2877
2025-01-02 10:04:00,9,1473.3,59.24,1.911,13.2,NORMAL,overload,0.2922
2025-01-02 10:05:00,9,1471.1,59.27,1.852,12.67,NORMAL,overload,0.2968
2025-01-02 10:06:00,9,1471.9,58.87,1.821,13.05,NORMAL,overload,0.3014
2025-01-02 10:07:00,9,1476.2,58.98,1.939,12.65,NORMAL,overload,0.3059
2025-01-02 10:08:00,9,1465.0,58.97,2.081,12.93,NORMAL,overload,0.3105
2025-01-02 10:09:00,9,1472.3,59.25,1.891,12.61,NORMAL,overload,0.3151
2025-01-02 10:10:00,9,1463.7,59.56,1.887,13.14,NORMAL,overload,0.3196
2025-01-02 10:11:00,9,1462.7,60.46,1.932,12.71,NORMAL,overload,0.3242
2025-01-02 10:12:00,9,1473.2,59.67,1.952,13.09,NORMAL,overload,0.3288
2025-01-02 10:13:00,9,1465.1,59.63,2.001,13.06,NORMAL,overload,0.3333
2025-01-02 10:14:00,9,1469.5,59.51,2.003,12.91,NORMAL,overload,0.3379
2025-01-02 10:15:00,9,1465.8,59.67,2.02,13.07,NORMAL,overload,0.3425
2025-01-02 10:16:00,9,1461.8,60.45,1.918,13.07,NORMAL,overload,0.347
2025-01-02 10:17:00,9,1468.3,59.82,1.973,13.04,WARNING,overload,0.3516
2025-01-02 10:18:00,9,1473.8,59.78,2.029,12.83,WARNING,overload,0.3562
2025-01-02 10:19:00,9,1464.4,59.92,2.13,12.96,WARNING,overload,0.3607
2025-01-02 10:20:00,9,1469.6,60.12,1.957,13.07,WARNING,overload,0.3653
2025-01-02 10:21:00,9,1458.7,60.23,2.047,13.02,WARNING,overload,0.3699
2025-01-02 10:22:00,9,1466.4,59.68,2.052,13.39,WARNING,overload,0.3744
2025-01-02 10:23:00,9,1464.3,60.05,2.091,13.19,WARNING,overload,0.379
2025-01-02 10:24:00,9,1479.5,59.99,2.091,13.37,WARNING,overload,0.3836
2025-01-02 10:25:00,9,1460.5,60.32,2.014,13.29,WARNING,overload,0.3881
2025-01-02 10:26:00,9,1467.3,60.32,2.027,13.04,WARNING,overload,0.3927
2025-01-02 10:27:00,9,1468.6,60.81,2.124,12.9,WARNING,overload,0.3973
2025-01-02 10:28:00,9,1461.5,61.64,2.096,13.13,WARNING,overload,0.4018
2025-01-02 10:29:00,9,1462.4,61.15,2.075,13.36,WARNING,overload,0.4064
2025-01-02 10:30:00,9,1463.8,60.96,2.04,13.1,WARNING,overload,0.411
2025-01-02 10:31:00,9,1469.5,61.2,2.015,13.4,WARNING,overload,0.4155
2025-01-02 10:32:00,9,1456.7,61.58,2.118,12.94,WARNING,overload,0.4201
2025-01-02 10:33:00,9,1460.9,61.67,2.077,13.0,WARNING,overload,0.4247
2025-01-02 10:34:00,9,1467.8,61.93,2.01,13.21,WARNING,overload,0.4292
2025-01-02 10:35:00,9,1465.3,62.21,1.87,13.9,WARNING,overload,0.4338
2025-01-02 10:36:00,9,1466.1,62.54,2.077,12.97,WARNING,overload,0.4384
2025-01-02 10:37:00,9,1459.5,62.63,2.143,13.41,WARNING,overload,0.4429
2025-01-02 10:38:00,9,1458.2,63.73,2.176,13.21,WARNING,overload,0.4475
2025-01-02 10:39:00,9,1473.0,63.52,2.249,13.87,WARNING,overload,0.4521
2025-01-02 10:40:00,9,1467.3,64.16,2.1,13.2,WARNING,overload,0.4566
2025-01-02 10:41:00,9,1466.9,63.68,2.11,13.33,WARNING,overload,0.4612
2025-01-02 10:42:00,9,1451.8,63.74,2.202,13.28,WARNING,overload,0.4658
2025-01-02 10:43:00,9,1456.4,63.5,1.995,13.78,WARNING,overload,0.4703
2025-01-02 10:44:00,9,1464.6,62.29,2.013,13.58,WARNING,overload,0.4749
2025-01-02 10:45:00,9,1449.2,62.53,2.294,14.34,WARNING,overload,0.4795
2025-01-02 10:46:00,9,1455.7,62.46,2.11,14.09,WARNING,overload,0.484
2025-01-02 10:47:00,9,1460.7,62.42,2.14,13.78,WARNING,overload,0.4886
2025-01-02 10:48:00,9,1460.7,62.44,2.058,14.08,WARNING,overload,0.4932
2025-01-02 10:49:00,9,1459.6,63.18,2.276,13.98,WARNING,overload,0.4977
2025-01-02 10:50:00,9,1449.7,64.33,2.113,14.08,WARNING,overload,0.5023
2025-01-02 10:51:00,9,1448.5,63.99,2.152,14.49,WARNING,overload,0.5068
2025-01-02 10:52:00,9,1457.0,64.9,2.196,14.23,WARNING,overload,0.5114
2025-01-02 10:53:00,9,1460.0,64.55,2.292,14.15,WARNING,overload,0.516
2025-01-02 10:54:00,9,1456.3,64.46,2.07,14.41,WARNING,overload,0.5205
2025-01-02 10:55:00,9,1453.8,64.99,2.226,14.06,WARNING,overload,0.5251
2025-01-02 10:56:00,9,1454.5,65.4,2.292,14.31,WARNING,overload,0.5297
2025-01-02 10:57:00,9,1457.5,64.62,2.259,14.49,WARNING,overload,0.5342
2025-01-02 10:58:00,9,1461.3,65.17,2.187,14.72,WARNING,overload,0.5388
2025-01-02 10:59:00,9,1452.1,65.17,2.116,14.74,WARNING,overload,0.5434
2025-01-02 11:00:00,9,1460.3,65.56,2.189,14.89,WARNING,overload,0.5479
2025-01-02 11:01:00,9,1456.8,66.31,2.176,14.75,WARNING,overload,0.5525
2025-01-02 11:02:00,9,1454.8,66.44,2.265,14.76,WARNING,overload,0.5571
2025-01-02 11:03:00,9,1463.4,66.62,2.332,14.83,WARNING,overload,0.5616
2025-01-02 11:04:00,9,1450.9,67.12,2.21,14.95,WARNING,overload,0.5662
2025-01-02 11:05:00,9,1457.9,67.11,2.128,15.17,WARNING,overload,0.5708
2025-01-02 11:06:00,9,1448.9,67.3,2.361,15.35,WARNING,overload,0.5753
2025-01-02 11:07:00,9,1457.0,67.73,2.313,15.39,WARNING,overload,0.5799
2025-01-02 11:08:00,9,1446.6,67.5,2.435,15.37,WARNING,overload,0.5845
2025-01-02 11:09:00,9,1447.7,67.76,2.299,15.09,WARNING,overload,0.589
2025-01-02 11:10:00,9,1456.3,68.03,2.204,14.93,WARNING,overload,0.5936
2025-01-02 11:11:00,9,1449.6,67.97,2.276,14.93,WARNING,overload,0.5982
2025-01-02 11:12:00,9,1455.5,67.49,2.325,15.13,WARNING,overload,0.6027
2025-01-02 11:13:00,9,1451.7,67.44,2.326,15.48,WARNING,overload,0.6073
2025-01-02 11:14:00,9,1452.8,66.87,2.42,15.48,WARNING,overload,0.6119
2025-01-02 11:15:00,9,1452.0,67.24,2.477,15.16,WARNING,overload,0.6164
2025-01-02 11:16:00,9,1449.5,68.14,2.298,15.59,WARNING,overload,0.621
2025-01-02 11:17:00,9,1450.7,68.19,2.416,15.56,WARNING,overload,0.6256
2025-01-02 11:18:00,9,1446.6,69.46,2.128,15.71,WARNING,overload,0.6301
2025-01-02 11:19:00,9,1452.0,69.42,2.371,15.59,WARNING,overload,0.6347
2025-01-02 11:20:00,9,1454.3,69.94,2.503,16.11,WARNING,overload,0.6393
2025-01-02 11:21:00,9,1449.2,69.28,2.337,15.6,WARNING,overload,0.6438
2025-01-02 11:22:00,9,1443.0,68.73,2.327,15.76,WARNING,overload,0.6484
2025-01-02 11:23:00,9,1448.2,68.84,2.297,15.58,WARNING,overload,0.653
2025-01-02 11:24:00,9,1446.4,68.19,2.274,16.15,WARNING,overload,0.6575
2025-01-02 11:25:00,9,1437.7,68.82,2.339,15.99,WARNING,overload,0.6621
2025-01-02 11:26:00,9,1444.6,68.96,2.256,16.01,WARNING,overload,0.6667
2025-01-02 11:27:00,9,1454.8,70.56,2.319,16.04,WARNING,overload,0.6712
2025-01-02 11:28:00,9,1445.7,71.07,2.409,16.25,WARNING,overload,0.6758
2025-01-02 11:29:00,9,1447.8,70.88,2.38,16.15,WARNING,overload,0.6804
2025-01-02 11:30:00,9,1447.6,71.18,2.564,16.47,WARNING,overload,0.6849
2025-01-02 11:31:00,9,1449.9,71.78,2.288,16.14,WARNING,overload,0.6895
2025-01-02 11:32:00,9,1452.7,72.93,2.303,16.11,WARNING,overload,0.6941
2025-01-02 11:33:00,9,1445.4,72.96,2.562,16.32,WARNING,overload,0.6986
2025-01-02 11:34:00,9,1443.1,72.37,2.482,16.64,FAULT,overload,0.7032
2025-01-02 11:35:00,9,1442.5,72.16,2.485,16.3,FAULT,overload,0.7078
2025-01-02 11:36:00,9,1449.0,72.36,2.509,16.25,FAULT,overload,0.7123
2025-01-02 11:37:00,9,1437.5,72.46,2.319,16.42,FAULT,overload,0.7169
2025-01-02 11:38:00,9,1438.4,72.78,2.342,16.16,FAULT,overload,0.7215
2025-01-02 11:39:00,9,1433.0,73.05,2.319,15.98,FAULT,overload,0.726
2025-01-02 11:40:00,9,1433.5,73.93,2.428,16.88,FAULT,overload,0.7306
2025-01-02 11:41:00,9,1433.2,73.27,2.46,16.25,FAULT,overload,0.7352
2025-01-02 11:42:00,9,1441.3,72.97,2.558,16.67,FAULT,overload,0.7397
2025-01-02 11:43:00,9,1445.0,72.68,2.219,16.36,FAULT,overload,0.7443
2025-01-02 11:44:00,9,1441.5,72.77,2.428,16.53,FAULT,overload,0.7489
2025-01-02 11:45:00,9,1440.9,72.82,2.508,16.63,FAULT,overload,0.7534
2025-01-02 11:46:00,9,1442.4,72.99,2.542,16.47,FAULT,overload,0.758
2025-01-02 11:47:00,9,1445.9,72.51,2.356,17.08,FAULT,overload,0.7626
2025-01-02 11:48:00,9,1438.0,72.54,2.377,17.2,FAULT,overload,0.7671
2025-01-02 11:49:00,9,1436.8,72.67,2.441,16.69,FAULT,overload,0.7717
2025-01-02 11:50:00,9,1438.3,72.98,2.129,16.7,FAULT,overload,0.7763
2025-01-02 11:51:00,9,1443.8,73.66,2.622,16.66,FAULT,overload,0.7808
2025-01-02 11:52:00,9,1432.7,73.25,2.573,16.58,FAULT,overload,0.7854
2025-01-02 11:53:00,9,1436.9,74.26,2.644,16.78,FAULT,overload,0.79
2025-01-02 11:54:00,9,1433.8,74.5,2.614,16.59,FAULT,overload,0.7945
2025-01-02 11:55:00,9,1438.2,74.24,2.581,16.83,FAULT,overload,0.7991
2025-01-02 11:56:00,9,1441.2,73.49,2.696,16.64,FAULT,overload,0.8037
2025-01-02 11:57:00,9,1438.9,74.07,2.493,16.77,FAULT,overload,0.8082
2025-01-02 11:58:00,9,1433.8,75.04,2.505,16.79,FAULT,overload,0.8128
2025-01-02 11:59:00,9,1435.8,75.22,2.413,16.53,FAULT,overload,0.8174
2025-01-02 12:00:00,9,1429.6,75.66,2.385,17.0,FAULT,overload,0.8219
2025-01-02 12:01:00,9,1433.1,76.01,2.581,16.91,FAULT,overload,0.8265
2025-01-02 12:02:00,9,1437.6,76.28,2.29,16.81,FAULT,overload,0.8311
2025-01-02 12:03:00,9,1432.1,76.31,2.568,17.08,FAULT,overload,0.8356
2025-01-02 12:04:00,9,1441.3,76.22,2.686,16.88,FAULT,overload,0.8402
2025-01-02 12:05:00,9,1419.2,76.37,2.543,16.58,FAULT,overload,0.8447
2025-01-02 12:06:00,9,1433.8,76.39,2.655,17.29,FAULT,overload,0.8493
2025-01-02 12:07:00,9,1444.1,76.16,2.613,16.63,FAULT,overload,0.8539
2025-01-02 12:08:00,9,1430.4,76.12,2.657,16.74,FAULT,overload,0.8584
2025-01-02 12:09:00,9,1431.1,76.57,2.555,17.2,FAULT,overload,0.863
2025-01-02 12:10:00,9,1437.3,75.97,2.574,17.31,FAULT,overload,0.8676
2025-01-02 12:11:00,9,1424.2,76.76,2.488,17.04,FAULT,overload,0.8721
2025-01-02 12:12:00,9,1427.7,77.14,2.571,17.0,FAULT,overload,0.8767
2025-01-02 12:13:00,9,1428.0,76.91,2.571,16.74,FAULT,overload,0.8813
2025-01-02 12:14:00,9,1435.9,77.64,2.643,16.91,FAULT,overload,0.8858
2025-01-02 12:15:00,9,1426.7,77.69,2.79,17.47,FAULT,overload,0.8904
2025-01-02 12:16:00,9,1421.7,77.57,2.888,17.24,FAULT,overload,0.895
2025-01-02 12:17:00,9,1433.6,77.32,2.727,17.5,FAULT,overload,0.8995
2025-01-02 12:18:00,9,1430.0,77.45,2.534,17.37,FAULT,overload,0.9041
2025-01-02 12:19:00,9,1429.4,77.16,2.651,17.16,FAULT,overload,0.9087
2025-01-02 12:20:00,9,1431.6,77.65,2.831,17.12,FAULT,overload,0.9132
2025-01-02 12:21:00,9,1429.4,77.16,2.68,16.91,FAULT,overload,0.9178
2025-01-02 12:22:00,9,1422.9,77.6,2.458,17.67,FAULT,overload,0.9224
2025-01-02 12:23:00,9,1426.3,77.82,2.459,16.9,FAULT,overload,0.9269
2025-01-02 12:24:00,9,1435.9,77.79,2.624,17.6,FAULT,overload,0.9315
2025-01-02 12:25:00,9,1425.9,77.69,2.836,17.34,FAULT,overload,0.9361
2025-01-02 12:26:00,9,1432.4,77.63,2.717,17.73,FAULT,overload,0.9406
2025-01-02 12:27:00,9,1431.9,78.01,2.748,17.61,FAULT,overload,0.9452
2025-01-02 12:28:00,9,1421.9,78.78,2.725,17.43,FAULT,overload,0.9498
2025-01-02 12:29:00,9,1423.0,78.12,2.571,17.16,FAULT,overload,0.9543
2025-01-02 12:30:00,9,1426.8,78.51,2.614,17.7,FAULT,overload,0.9589
2025-01-02 12:31:00,9,1422.9,77.45,2.793,17.71,FAULT,overload,0.9635
2025-01-02 12:32:00,9,1421.2,78.78,2.799,18.12,FAULT,overload,0.968
2025-01-02 12:33:00,9,1415.6,79.85,2.721,17.37,FAULT,overload,0.9726
2025-01-02 12:34:00,9,1427.1,80.72,2.804,17.85,FAULT,overload,0.9772
2025-01-02 12:35:00,9,1427.7,80.63,2.899,17.97,FAULT,overload,0.9817
2025-01-02 12:36:00,9,1425.1,80.58,2.869,17.86,FAULT,overload,0.9863
2025-01-02 12:37:00,9,1426.5,80.61,2.969,17.78,FAULT,overload,0.9909
2025-01-02 12:38:00,9,1422.2,81.74,2.847,17.89,FAULT,overload,0.9954
2025-01-02 12:39:00,9,1422.1,81.57,2.858,18.51,FAULT,overload,1.0
2025-01-02 12:40:00,10,1479.6,54.26,1.7,11.96,NORMAL,overload,0.0
2025-01-02 12:41:00,10,1483.7,54.33,1.834,11.96,NORMAL,overload,0.0046
2025-01-02 12:42:00,10,1483.8,54.8,1.71,12.11,NORMAL,overload,0.0091
2025-01-02 12:43:00,10,1471.0,54.8,1.856,11.67,NORMAL,overload,0.0137
2025-01-02 12:44:00,10,1474.0,54.05,1.917,11.83,NORMAL,overload,0.0183
2025-01-02 12:45:00,10,1480.5,54.51,1.77,11.77,NORMAL,overload,0.0228
2025-01-02 12:46:00,10,1469.8,55.05,1.721,12.03,NORMAL,overload,0.0274
2025-01-02 12:47:00,10,1486.1,53.91,1.894,12.17,NORMAL,overload,0.032
2025-01-02 12:48:00,10,1481.5,54.4,1.925,12.55,NORMAL,overload,0.0365
2025-01-02 12:49:00,10,1473.6,53.88,1.766,12.76,NORMAL,overload,0.0411
2025-01-02 12:50:00,10,1473.7,53.57,1.885,12.2,NORMAL,overload,0.0457
2025-01-02 12:51:00,10,1487.0,53.34,1.848,12.24,NORMAL,overload,0.0502
2025-01-02 12:52:00,10,1489.5,54.18,1.811,12.71,NORMAL,overload,0.0548
2025-01-02 12:53:00,10,1476.5,55.19,1.773,12.76,NORMAL,overload,0.0594
2025-01-02 12:54:00,10,1469.6,54.81,1.86,12.4,NORMAL,overload,0.0639
2025-01-02 12:55:00,10,1480.2,54.62,1.709,12.34,NORMAL,overload,0.0685
2025-01-02 12:56:00,10,1476.3,55.66,1.814,12.23,NORMAL,overload,0.0731
2025-01-02 12:57:00,10,1481.2,55.49,1.966,12.47,NORMAL,overload,0.0776
2025-01-02 12:58:00,10,1487.4,56.0,1.777,12.5,NORMAL,overload,0.0822
2025-01-02 12:59:00,10,1472.3,56.72,1.883,12.71,NORMAL,overload,0.0868
2025-01-02 13:00:00,10,1482.8,56.28,1.933,12.57,NORMAL,overload,0.0913
2025-01-02 13:01:00,10,1488.8,56.63,1.706,12.26,NORMAL,overload,0.0959
2025-01-02 13:02:00,10,1486.2,55.66,1.847,12.9,NORMAL,overload,0.1005
2025-01-02 13:03:00,10,1475.5,55.07,1.682,12.86,NORMAL,overload,0.105
2025-01-02 13:04:00,10,1471.4,55.28,1.878,12.96,NORMAL,overload,0.1096
2025-01-02 13:05:00,10,1480.5,55.0,1.882,12.66,NORMAL,overload,0.1142
2025-01-02 13:06:00,10,1480.4,55.47,1.891,12.96,NORMAL,overload,0.1187
2025-01-02 13:07:00,10,1471.6,55.49,1.899,12.76,NORMAL,overload,0.1233
2025-01-02 13:08:00,10,1475.8,55.05,1.79,13.0,NORMAL,overload,0.1279
2025-01-02 13:09:00,10,1472.1,55.92,1.821,13.2,NORMAL,overload,0.1324
2025-01-02 13:10:00,10,1468.8,55.56,1.961,13.15,NORMAL,overload,0.137
2025-01-02 13:11:00,10,1464.2,56.65,1.847,13.11,NORMAL,overload,0.1416
2025-01-02 13:12:00,10,1472.3,56.6,1.999,12.28,NORMAL,overload,0.1461
2025-01-02 13:13:00,10,1474.4,57.23,1.953,13.18,NORMAL,overload,0.1507
2025-01-02 13:14:00,10,1469.6,56.46,1.932,12.99,NORMAL,overload,0.1553
2025-01-02 13:15:00,10,1465.8,56.01,1.949,12.83,NORMAL,overload,0.1598
2025-01-02 13:16:00,10,1475.0,55.51,1.896,12.87,NORMAL,overload,0.1644
2025-01-02 13:17:00,10,1485.3,55.72,1.952,12.82,NORMAL,overload,0.1689
2025-01-02 13:18:00,10,1477.5,55.39,1.779,12.99,NORMAL,overload,0.1735
2025-01-02 13:19:00,10,1475.1,56.6,1.779,12.64,NORMAL,overload,0.1781
2025-01-02 13:20:00,10,1475.6,56.52,1.895,12.42,NORMAL,overload,0.1826
2025-01-02 13:21:00,10,1477.4,56.86,1.897,12.39,NORMAL,overload,0.1872
2025-01-02 13:22:00,10,1476.8,55.93,1.99,12.77,NORMAL,overload,0.1918
2025-01-02 13:23:00,10,1469.8,54.91,1.796,13.12,NORMAL,overload,0.1963
2025-01-02 13:24:00,10,1472.4,55.86,2.008,12.94,NORMAL,overload,0.2009
2025-01-02 13:25:00,10,1466.2,56.28,1.761,13.3,NORMAL,overload,0.2055
2025-01-02 13:26:00,10,1474.7,56.02,1.804,12.97,NORMAL,overload,0.21
2025-01-02 13:27:00,10,1480.0,56.06,2.126,13.07,NORMAL,overload,0.2146
2025-01-02 13:28:00,10,1461.2,55.91,1.763,13.34,NORMAL,overload,0.2192
2025-01-02 13:29:00,10,1471.8,56.2,1.96,13.32,NORMAL,overload,0.2237
2025-01-02 13:30:00,10,1471.4,56.27,1.915,12.79,NORMAL,overload,0.2283
2025-01-02 13:31:00,10,1475.3,56.84,1.928,13.48,NORMAL,overload,0.2329
2025-01-02 13:32:00,10,1478.8,56.75,1.826,13.08,NORMAL,overload,0.2374
2025-01-02 13:33:00,10,1474.8,58.24,1.977,12.96,NORMAL,overload,0.242
2025-01-02 13:34:00,10,1479.8,59.2,2.021,13.14,NORMAL,overload,0.2466
2025-01-02 13:35:00,10,1465.3,58.86,2.041,12.69,NORMAL,overload,0.2511
2025-01-02 13:36:00,10,1475.0,58.6,2.033,12.65,NORMAL,overload,0.2557
2025-01-02 13:37:00,10,1472.5,60.36,1.917,13.15,NORMAL,overload,0.2603
2025-01-02 13:38:00,10,1473.9,59.98,1.874,12.61,NORMAL,overload,0.2648
2025-01-02 13:39:00,10,1466.9,59.6,1.979,13.05,NORMAL,overload,0.2694
2025-01-02 13:40:00,10,1481.3,59.83,1.881,12.9,NORMAL,overload,0.274
2025-01-02 13:41:00,10,1475.6,60.24,2.055,13.04,NORMAL,overload,0.2785
2025-01-02 13:42:00,10,1467.6,60.83,2.028,13.16,NORMAL,overload,0.2831
2025-01-02 13:43:00,10,1462.4,59.25,1.878,13.13,NORMAL,overload,0.2877
2025-01-02 13:44:00,10,1473.0,59.03,2.048,12.78,NORMAL,overload,0.2922
2025-01-02 13:45:00,10,1464.9,58.72,1.917,12.8,NORMAL,overload,0.2968
2025-01-02 13:46:00,10,1466.4,59.75,1.942,12.86,NORMAL,overload,0.3014
2025-01-02 13:47:00,10,1467.9,59.4,1.998,12.78,NORMAL,overload,0.3059
2025-01-02 13:48:00,10,1461.1,59.5,1.839,12.63,NORMAL,overload,0.3105
2025-01-02 13:49:00,10,1474.8,58.82,1.824,12.79,NORMAL,overload,0.3151
2025-01-02 13:50:00,10,1467.8,58.91,2.073,12.82,NORMAL,overload,0.3196
2025-01-02 13:51:00,10,1476.2,59.1,2.024,12.75,NORMAL,overload,0.3242
2025-01-02 13:52:00,10,1464.6,58.5,2.025,13.07,NORMAL,overload,0.3288
2025-01-02 13:53:00,10,1469.3,59.1,1.982,13.09,NORMAL,overload,0.3333
2025-01-02 13:54:00,10,1470.6,58.77,1.97,13.19,NORMAL,overload,0.3379
2025-01-02 13:55:00,10,1461.4,58.53,1.726,12.95,NORMAL,overload,0.3425
2025-01-02 13:56:00,10,1469.7,58.98,1.835,12.81,NORMAL,overload,0.347
2025-01-02 13:57:00,10,1462.3,59.13,2.044,12.84,WARNING,overload,0.3516
2025-01-02 13:58:00,10,1470.2,58.87,2.095,13.02,WARNING,overload,0.3562
2025-01-02 13:59:00,10,1464.7,58.98,2.072,12.75,WARNING,overload,0.3607
2025-01-02 14:00:00,10,1464.8,58.25,2.012,12.77,WARNING,overload,0.3653
2025-01-02 14:01:00,10,1469.1,58.76,2.109,12.59,WARNING,overload,0.3699
2025-01-02 14:02:00,10,1471.7,58.55,2.081,12.95,WARNING,overload,0.3744
2025-01-02 14:03:00,10,1466.4,58.77,2.055,13.09,WARNING,overload,0.379
2025-01-02 14:04:00,10,1460.3,59.16,2.074,13.21,WARNING,overload,0.3836
2025-01-02 14:05:00,10,1466.0,60.05,2.188,12.95,WARNING,overload,0.3881
2025-01-02 14:06:00,10,1461.6,60.03,2.143,13.44,WARNING,overload,0.3927
2025-01-02 14:07:00,10,1473.3,59.99,2.091,12.93,WARNING,overload,0.3973
2025-01-02 14:08:00,10,1470.4,60.09,2.136,12.91,WARNING,overload,0.4018
2025-01-02 14:09:00,10,1465.5,60.38,2.015,13.79,WARNING,overload,0.4064
2025-01-02 14:10:00,10,1463.9,61.03,2.168,13.14,WARNING,overload,0.411
2025-01-02 14:11:00,10,1455.6,61.89,2.028,13.52,WARNING,overload,0.4155
2025-01-02 14:12:00,10,1459.8,61.54,1.994,13.43,WARNING,overload,0.4201
2025-01-02 14:13:00,10,1462.1,60.59,2.154,13.19,WARNING,overload,0.4247
2025-01-02 14:14:00,10,1456.6,60.64,2.082,12.89,WARNING,overload,0.4292
2025-01-02 14:15:00,10,1455.9,60.32,2.231,13.93,WARNING,overload,0.4338
2025-01-02 14:16:00,10,1463.9,61.5,2.005,13.35,WARNING,overload,0.4384
2025-01-02 14:17:00,10,1460.0,62.2,2.069,13.23,WARNING,overload,0.4429
2025-01-02 14:18:00,10,1445.7,61.91,2.06,13.5,WARNING,overload,0.4475
2025-01-02 14:19:00,10,1466.1,63.06,2.211,13.19,WARNING,overload,0.4521
2025-01-02 14:20:00,10,1454.4,62.77,2.224,13.63,WARNING,overload,0.4566
2025-01-02 14:21:00,10,1459.2,62.33,2.11,13.69,WARNING,overload,0.4612
2025-01-02 14:22:00,10,1459.8,62.04,2.049,13.37,WARNING,overload,0.4658
2025-01-02 14:23:00,10,1454.9,62.28,2.085,13.83,WARNING,overload,0.4703
2025-01-02 14:24:00,10,1470.2,62.45,1.929,13.89,WARNING,overload,0.4749
2025-01-02 14:25:00,10,1464.2,62.71,2.196,13.78,WARNING,overload,0.4795
2025-01-02 14:26:00,10,1456.1,63.26,2.192,13.4,WARNING,overload,0.484
2025-01-02 14:27:00,10,1459.4,63.28,2.098,13.86,WARNING,overload,0.4886
2025-01-02 14:28:00,10,1465.7,63.12,2.439,14.27,WARNING,overload,0.4932
2025-01-02 14:29:00,10,1462.1,62.66,2.212,13.79,WARNING,overload,0.4977
2025-01-02 14:30:00,10,1458.3,62.57,2.229,13.67,WARNING,overload,0.5023
2025-01-02 14:31:00,10,1461.2,62.18,2.165,14.48,WARNING,overload,0.5068
2025-01-02 14:32:00,10,1469.8,62.55,2.026,13.67,WARNING,overload,0.5114
2025-01-02 14:33:00,10,1452.1,62.82,2.167,14.22,WARNING,overload,0.516
2025-01-02 14:34:00,10,1453.3,63.73,2.215,14.21,WARNING,overload,0.5205
2025-01-02 14:35:00,10,1456.3,63.89,2.092,13.93,WARNING,overload,0.5251
2025-01-02 14:36:00,10,1450.5,63.26,2.062,14.54,WARNING,overload,0.5297
2025-01-02 14:37:00,10,1463.6,63.12,2.205,14.45,WARNING,overload,0.5342
2025-01-02 14:38:00,10,1460.1,63.65,2.195,14.35,WARNING,overload,0.5388
2025-01-02 14:39:00,10,1447.6,64.2,2.05,14.3,WARNING,overload,0.5434
2025-01-02 14:40:00,10,1455.6,64.81,2.302,14.41,WARNING,overload,0.5479
2025-01-02 14:41:00,10,1454.8,65.04,2.124,14.79,WARNING,overload,0.5525
2025-01-02 14:42:00,10,1451.9,65.22,2.22,14.72,WARNING,overload,0.5571
2025-01-02 14:43:00,10,1452.7,65.08,2.1,14.83,WARNING,overload,0.5616
2025-01-02 14:44:00,10,1449.3,65.48,2.204,15.05,WARNING,overload,0.5662
2025-01-02 14:45:00,10,1451.5,64.56,2.178,15.09,WARNING,overload,0.5708
2025-01-02 14:46:00,10,1457.8,64.75,2.062,14.63,WARNING,overload,0.5753
2025-01-02 14:47:00,10,1464.4,65.37,2.398,15.22,WARNING,overload,0.5799
2025-01-02 14:48:00,10,1443.9,65.34,2.261,14.96,WARNING,overload,0.5845
2025-01-02 14:49:00,10,1453.6,64.79,2.208,15.37,WARNING,overload,0.589
2025-01-02 14:50:00,10,1452.9,65.47,2.175,15.11,WARNING,overload,0.5936
2025-01-02 14:51:00,10,1446.7,65.59,2.278,15.22,WARNING,overload,0.5982
2025-01-02 14:52:00,10,1449.6,66.06,2.253,15.13,WARNING,overload,0.6027
2025-01-02 14:53:00,10,1450.2,66.69,2.216,15.78,WARNING,overload,0.6073
2025-01-02 14:54:00,10,1449.4,66.83,2.292,15.18,WARNING,overload,0.6119
2025-01-02 14:55:00,10,1449.4,66.94,2.166,15.58,WARNING,overload,0.6164
2025-01-02 14:56:00,10,1448.9,66.98,2.236,16.28,WARNING,overload,0.621
2025-01-02 14:57:00,10,1440.0,68.05,2.143,15.78,WARNING,overload,0.6256
2025-01-02 14:58:00,10,1446.6,68.22,2.422,15.83,WARNING,overload,0.6301
2025-01-02 14:59:00,10,1448.4,68.69,2.323,15.91,WARNING,overload,0.6347
2025-01-02 15:00:00,10,1445.9,69.04,2.295,16.23,WARNING,overload,0.6393
2025-01-02 15:01:00,10,1453.4,69.29,2.368,15.85,WARNING,overload,0.6438
2025-01-02 15:02:00,10,1453.2,69.13,2.391,15.9,WARNING,overload,0.6484
2025-01-02 15:03:00,10,1450.3,70.71,2.321,15.8,WARNING,overload,0.653
2025-01-02 15:04:00,10,1440.3,70.8,2.425,15.71,WARNING,overload,0.6575
2025-01-02 15:05:00,10,1460.5,70.83,2.246,15.78,WARNING,overload,0.6621
2025-01-02 15:06:00,10,1443.1,71.22,2.429,15.87,WARNING,overload,0.6667
2025-01-02 15:07:00,10,1440.4,70.46,2.176,15.99,WARNING,overload,0.6712
2025-01-02 15:08:00,10,1454.3,70.83,2.208,15.83,WARNING,overload,0.6758
2025-01-02 15:09:00,10,1443.4,70.46,2.214,16.64,WARNING,overload,0.6804
2025-01-02 15:10:00,10,1445.0,70.9,2.347,16.34,WARNING,overload,0.6849
2025-01-02 15:11:00,10,1441.5,71.44,2.341,16.14,WARNING,overload,0.6895
2025-01-02 15:12:00,10,1439.5,71.55,2.575,16.05,WARNING,overload,0.6941
2025-01-02 15:13:00,10,1439.2,71.18,2.257,16.05,WARNING,overload,0.6986
2025-01-02 15:14:00,10,1442.5,70.98,2.294,16.48,FAULT,overload,0.7032
2025-01-02 15:15:00,10,1439.8,71.34,2.357,16.58,FAULT,overload,0.7078
2025-01-02 15:16:00,10,1443.4,70.92,2.261,16.08,FAULT,overload,0.7123
2025-01-02 15:17:00,10,1450.1,70.94,2.459,16.18,FAULT,overload,0.7169
2025-01-02 15:18:00,10,1439.1,71.12,2.326,16.54,FAULT,overload,0.7215
2025-01-02 15:19:00,10,1453.3,71.77,2.542,16.78,FAULT,overload,0.726
2025-01-02 15:20:00,10,1440.4,72.82,2.483,16.39,FAULT,overload,0.7306
2025-01-02 15:21:00,10,1444.2,73.79,2.456,16.53,FAULT,overload,0.7352
2025-01-02 15:22:00,10,1434.7,73.06,2.618,16.48,FAULT,overload,0.7397
2025-01-02 15:23:00,10,1437.7,72.65,2.278,16.71,FAULT,overload,0.7443
2025-01-02 15:24:00,10,1442.0,72.7,2.561,16.4,FAULT,overload,0.7489
2025-01-02 15:25:00,10,1434.2,73.29,2.415,17.23,FAULT,overload,0.7534
2025-01-02 15:26:00,10,1439.1,73.48,2.399,16.6,FAULT,overload,0.758
2025-01-02 15:27:00,10,1438.0,73.12,2.519,16.39,FAULT,overload,0.7626
2025-01-02 15:28:00,10,1441.5,73.3,2.355,16.83,FAULT,overload,0.7671
2025-01-02 15:29:00,10,1430.2,73.83,2.489,16.25,FAULT,overload,0.7717
2025-01-02 15:30:00,10,1437.7,73.42,2.67,16.95,FAULT,overload,0.7763
2025-01-02 15:31:00,10,1428.5,74.54,2.414,16.4,FAULT,overload,0.7808
2025-01-02 15:32:00,10,1438.2,74.5,2.59,16.65,FAULT,overload,0.7854
2025-01-02 15:33:00,10,1437.7,74.05,2.614,16.81,FAULT,overload,0.79
2025-01-02 15:34:00,10,1445.6,72.8,2.479,16.64,FAULT,overload,0.7945
2025-01-02 15:35:00,10,1440.3,72.97,2.525,16.79,FAULT,overload,0.7991
2025-01-02 15:36:00,10,1433.9,73.65,2.483,16.9,FAULT,overload,0.8037
2025-01-02 15:37:00,10,1435.2,73.68,2.623,16.78,FAULT,overload,0.8082
2025-01-02 15:38:00,10,1437.0,73.2,2.394,16.87,FAULT,overload,0.8128
2025-01-02 15:39:00,10,1430.5,74.39,2.333,16.78,FAULT,overload,0.8174
2025-01-02 15:40:00,10,1434.7,74.81,2.611,17.43,FAULT,overload,0.8219
2025-01-02 15:41:00,10,1431.1,74.67,2.487,16.86,FAULT,overload,0.8265
2025-01-02 15:42:00,10,1431.8,74.06,2.659,17.13,FAULT,overload,0.8311
2025-01-02 15:43:00,10,1430.1,74.96,2.516,17.04,FAULT,overload,0.8356
2025-01-02 15:44:00,10,1447.3,75.46,2.522,16.8,FAULT,overload,0.8402
2025-01-02 15:45:00,10,1430.0,74.3,2.562,16.82,FAULT,overload,0.8447
2025-01-02 15:46:00,10,1433.7,74.65,2.564,17.26,FAULT,overload,0.8493
2025-01-02 15:47:00,10,1426.4,74.36,2.562,16.43,FAULT,overload,0.8539
2025-01-02 15:48:00,10,1435.5,73.75,2.57,17.21,FAULT,overload,0.8584
2025-01-02 15:49:00,10,1430.7,74.57,2.552,17.23,FAULT,overload,0.863
2025-01-02 15:50:00,10,1434.7,75.62,2.769,16.92,FAULT,overload,0.8676
2025-01-02 15:51:00,10,1425.9,75.11,2.502,17.22,FAULT,overload,0.8721
2025-01-02 15:52:00,10,1433.6,75.42,2.631,17.32,FAULT,overload,0.8767
2025-01-02 15:53:00,10,1430.6,75.38,2.681,16.91,FAULT,overload,0.8813
2025-01-02 15:54:00,10,1432.3,75.68,2.631,17.0,FAULT,overload,0.8858
2025-01-02 15:55:00,10,1437.6,75.15,2.594,17.0,FAULT,overload,0.8904
2025-01-02 15:56:00,10,1429.0,75.63,2.716,17.36,FAULT,overload,0.895
2025-01-02 15:57:00,10,1433.6,76.49,2.73,17.45,FAULT,overload,0.8995
2025-01-02 15:58:00,10,1436.3,77.09,2.642,16.87,FAULT,overload,0.9041
2025-01-02 15:59:00,10,1431.9,78.26,2.833,17.55,FAULT,overload,0.9087
2025-01-02 16:00:00,10,1430.7,78.46,2.697,16.91,FAULT,overload,0.9132
2025-01-02 16:01:00,10,1424.5,78.74,2.702,17.3,FAULT,overload,0.9178
2025-01-02 16:02:00,10,1426.4,78.86,2.786,16.64,FAULT,overload,0.9224
2025-01-02 16:03:00,10,1432.5,79.73,2.892,17.54,FAULT,overload,0.9269
2025-01-02 16:04:00,10,1426.9,79.65,2.699,17.52,FAULT,overload,0.9315
2025-01-02 16:05:00,10,1421.7,79.88,2.65,17.15,FAULT,overload,0.9361
2025-01-02 16:06:00,10,1425.3,80.09,2.674,17.32,FAULT,overload,0.9406
2025-01-02 16:07:00,10,1428.8,80.52,2.597,17.18,FAULT,overload,0.9452
2025-01-02 16:08:00,10,1417.6,81.24,2.785,17.94,FAULT,overload,0.9498
2025-01-02 16:09:00,10,1427.8,79.9,2.809,18.14,FAULT,overload,0.9543
2025-01-02 16:10:00,10,1421.3,80.58,2.831,17.54,FAULT,overload,0.9589
2025-01-02 16:11:00,10,1423.1,80.3,2.76,17.6,FAULT,overload,0.9635
2025-01-02 16:12:00,10,1420.1,80.83,2.782,17.52,FAULT,overload,0.968
2025-01-02 16:13:00,10,1425.7,79.99,2.879,17.48,FAULT,overload,0.9726
2025-01-02 16:14:00,10,1422.0,79.87,3.082,18.13,FAULT,overload,0.9772
2025-01-02 16:15:00,10,1423.8,80.76,2.852,17.52,FAULT,overload,0.9817
2025-01-02 16:16:00,10,1420.4,81.44,2.77,17.92,FAULT,overload,0.9863
2025-01-02 16:17:00,10,1417.0,80.45,2.599,18.04,FAULT,overload,0.9909
2025-01-02 16:18:00,10,1418.9,81.19,2.923,18.16,FAULT,overload,0.9954
2025-01-02 16:19:00,10,1423.1,81.53,3.065,17.93,FAULT,overload,1.0
2025-01-02 16:20:00,11,1477.8,55.86,1.877,11.98,NORMAL,imbalance,0.0
2025-01-02 16:21:00,11,1477.3,55.72,1.914,12.17,NORMAL,imbalance,0.0046
2025-01-02 16:22:00,11,1482.7,55.52,1.825,12.14,NORMAL,imbalance,0.0091
2025-01-02 16:23:00,11,1476.5,55.89,1.781,11.65,NORMAL,imbalance,0.0137
2025-01-02 16:24:00,11,1473.8,56.21,1.795,12.26,NORMAL,imbalance,0.0183
2025-01-02 16:25:00,11,1471.1,56.1,1.81,12.24,NORMAL,imbalance,0.0228
2025-01-02 16:26:00,11,1486.7,56.39,1.756,11.64,NORMAL,imbalance,0.0274
2025-01-02 16:27:00,11,1477.3,56.85,1.686,12.13,NORMAL,imbalance,0.032
2025-01-02 16:28:00,11,1473.7,56.68,2.024,11.99,NORMAL,imbalance,0.0365
2025-01-02 16:29:00,11,1473.9,55.76,1.845,12.19,NORMAL,imbalance,0.0411
2025-01-02 16:30:00,11,1494.1,56.21,1.808,12.12,NORMAL,imbalance,0.0457
2025-01-02 16:31:00,11,1489.1,56.22,1.948,11.96,NORMAL,imbalance,0.0502
2025-01-02 16:32:00,11,1470.6,55.73,1.938,11.88,NORMAL,imbalance,0.0548
2025-01-02 16:33:00,11,1480.0,56.48,1.909,12.24,NORMAL,imbalance,0.0594
2025-01-02 16:34:00,11,1483.6,57.22,1.934,12.02,NORMAL,imbalance,0.0639
2025-01-02 16:35:00,11,1476.0,57.26,2.033,12.85,NORMAL,imbalance,0.0685
2025-01-02 16:36:00,11,1485.2,57.6,1.643,12.31,NORMAL,imbalance,0.0731
2025-01-02 16:37:00,11,1484.6,56.07,1.807,12.31,NORMAL,imbalance,0.0776
2025-01-02 16:38:00,11,1482.1,56.64,1.76,12.68,NORMAL,imbalance,0.0822
2025-01-02 16:39:00,11,1477.6,56.66,1.971,12.36,NORMAL,imbalance,0.0868
2025-01-02 16:40:00,11,1474.3,55.64,1.99,12.01,NORMAL,imbalance,0.0913
2025-01-02 16:41:00,11,1479.4,55.37,1.931,12.5,NORMAL,imbalance,0.0959
2025-01-02 16:42:00,11,1489.4,55.57,1.973,12.51,NORMAL,imbalance,0.1005
2025-01-02 16:43:00,11,1485.0,56.01,2.019,12.57,NORMAL,imbalance,0.105
2025-01-02 16:44:00,11,1470.9,55.92,1.829,12.45,NORMAL,imbalance,0.1096
2025-01-02 16:45:00,11,1482.9,55.33,1.995,12.62,NORMAL,imbalance,0.1142
2025-01-02 16:46:00,11,1479.9,54.51,1.889,12.58,NORMAL,imbalance,0.1187
2025-01-02 16:47:00,11,1481.7,55.21,1.889,12.39,NORMAL,imbalance,0.1233
2025-01-02 16:48:00,11,1481.1,54.6,1.886,12.32,NORMAL,imbalance,0.1279
2025-01-02 16:49:00,11,1471.5,55.06,2.051,12.63,NORMAL,imbalance,0.1324
2025-01-02 16:50:00,11,1483.0,54.69,2.052,12.43,NORMAL,imbalance,0.137
2025-01-02 16:51:00,11,1477.8,54.96,1.95,12.28,NORMAL,imbalance,0.1416
2025-01-02 16:52:00,11,1479.4,55.09,2.35,12.16,NORMAL,imbalance,0.1461
2025-01-02 16:53:00,11,1472.9,55.68,2.058,12.4,NORMAL,imbalance,0.1507
2025-01-02 16:54:00,11,1477.8,55.06,2.089,12.38,NORMAL,imbalance,0.1553
2025-01-02 16:55:00,11,1476.7,55.51,2.085,12.5,NORMAL,imbalance,0.1598
2025-01-02 16:56:00,11,1478.8,55.89,2.111,12.05,NORMAL,imbalance,0.1644
2025-01-02 16:57:00,11,1476.5,55.84,2.215,12.8,NORMAL,imbalance,0.1689
2025-01-02 16:58:00,11,1474.9,55.74,2.16,12.55,NORMAL,imbalance,0.1735
2025-01-02 16:59:00,11,1477.2,55.63,2.227,12.57,NORMAL,imbalance,0.1781
2025-01-02 17:00:00,11,1471.7,55.82,2.232,12.25,NORMAL,imbalance,0.1826
2025-01-02 17:01:00,11,1480.8,56.13,2.031,12.45,NORMAL,imbalance,0.1872
2025-01-02 17:02:00,11,1483.2,56.77,2.231,11.92,NORMAL,imbalance,0.1918
2025-01-02 17:03:00,11,1482.1,56.79,2.123,12.2,NORMAL,imbalance,0.1963
2025-01-02 17:04:00,11,1483.4,55.79,2.205,12.59,NORMAL,imbalance,0.2009
2025-01-02 17:05:00,11,1474.8,56.59,2.072,12.14,NORMAL,imbalance,0.2055
2025-01-02 17:06:00,11,1490.3,56.4,2.303,12.19,NORMAL,imbalance,0.21
2025-01-02 17:07:00,11,1482.4,57.06,2.149,12.19,NORMAL,imbalance,0.2146
2025-01-02 17:08:00,11,1474.8,57.04,2.242,12.32,NORMAL,imbalance,0.2192
2025-01-02 17:09:00,11,1476.9,57.86,2.337,12.45,NORMAL,imbalance,0.2237
2025-01-02 17:10:00,11,1479.4,57.3,2.341,12.65,NORMAL,imbalance,0.2283
2025-01-02 17:11:00,11,1473.4,57.27,2.386,12.52,NORMAL,imbalance,0.2329
2025-01-02 17:12:00,11,1479.5,57.68,2.237,12.22,NORMAL,imbalance,0.2374
2025-01-02 17:13:00,11,1473.8,57.05,2.371,12.11,NORMAL,imbalance,0.242
2025-01-02 17:14:00,11,1481.2,56.37,2.456,12.29,NORMAL,imbalance,0.2466
2025-01-02 17:15:00,11,1471.8,57.2,2.455,12.04,NORMAL,imbalance,0.2511
2025-01-02 17:16:00,11,1489.4,57.26,2.644,11.9,NORMAL,imbalance,0.2557
2025-01-02 17:17:00,11,1484.4,57.66,2.54,12.03,NORMAL,imbalance,0.2603
2025-01-02 17:18:00,11,1480.0,57.68,2.494,11.71,NORMAL,imbalance,0.2648
2025-01-02 17:19:00,11,1478.7,57.46,2.546,12.13,NORMAL,imbalance,0.2694
2025-01-02 17:20:00,11,1479.8,56.45,2.597,11.99,NORMAL,imbalance,0.274
2025-01-02 17:21:00,11,1482.8,55.8,2.452,11.69,NORMAL,imbalance,0.2785
2025-01-02 17:22:00,11,1481.4,55.56,2.543,11.46,NORMAL,imbalance,0.2831
2025-01-02 17:23:00,11,1485.8,56.07,2.525,11.93,NORMAL,imbalance,0.2877
2025-01-02 17:24:00,11,1484.0,56.84,2.696,11.25,NORMAL,imbalance,0.2922
2025-01-02 17:25:00,11,1483.2,55.74,2.865,11.73,NORMAL,imbalance,0.2968
2025-01-02 17:26:00,11,1480.0,56.22,2.598,12.06,NORMAL,imbalance,0.3014
2025-01-02 17:27:00,11,1479.6,55.96,2.621,12.01,NORMAL,imbalance,0.3059
2025-01-02 17:28:00,11,1478.3,56.4,2.775,12.17,NORMAL,imbalance,0.3105
2025-01-02 17:29:00,11,1479.2,55.85,2.456,11.8,NORMAL,imbalance,0.3151
2025-01-02 17:30:00,11,1479.4,55.24,2.632,11.81,NORMAL,imbalance,0.3196
2025-01-02 17:31:00,11,1473.6,55.23,2.855,11.55,NORMAL,imbalance,0.3242
2025-01-02 17:32:00,11,1484.8,55.37,2.842,11.97,NORMAL,imbalance,0.3288
2025-01-02 17:33:00,11,1483.6,54.42,2.912,11.86,NORMAL,imbalance,0.3333
2025-01-02 17:34:00,11,1477.4,55.33,2.858,11.58,NORMAL,imbalance,0.3379
2025-01-02 17:35:00,11,1479.7,55.2,2.811,12.0,NORMAL,imbalance,0.3425
2025-01-02 17:36:00,11,1480.9,55.04,2.922,11.34,NORMAL,imbalance,0.347
2025-01-02 17:37:00,11,1484.1,54.25,2.85,12.06,WARNING,imbalance,0.3516
2025-01-02 17:38:00,11,1471.5,54.27,2.949,11.89,WARNING,imbalance,0.3562
2025-01-02 17:39:00,11,1482.0,54.03,2.967,11.46,WARNING,imbalance,0.3607
2025-01-02 17:40:00,11,1480.9,54.08,3.006,11.36,WARNING,imbalance,0.3653
2025-01-02 17:41:00,11,1478.8,53.95,2.972,11.64,WARNING,imbalance,0.3699
2025-01-02 17:42:00,11,1486.2,53.31,2.884,11.56,WARNING,imbalance,0.3744
2025-01-02 17:43:00,11,1476.4,53.86,3.026,11.7,WARNING,imbalance,0.379
2025-01-02 17:44:00,11,1482.8,53.22,3.229,11.43,WARNING,imbalance,0.3836
2025-01-02 17:45:00,11,1474.7,53.53,2.927,11.37,WARNING,imbalance,0.3881
2025-01-02 17:46:00,11,1486.3,54.82,3.21,11.73,WARNING,imbalance,0.3927
2025-01-02 17:47:00,11,1478.2,53.93,2.86,11.86,WARNING,imbalance,0.3973
2025-01-02 17:48:00,11,1476.2,54.0,3.135,11.57,WARNING,imbalance,0.4018
2025-01-02 17:49:00,11,1474.1,54.17,3.094,11.85,WARNING,imbalance,0.4064
2025-01-02 17:50:00,11,1475.8,54.5,2.968,11.4,WARNING,imbalance,0.411
2025-01-02 17:51:00,11,1481.7,54.8,3.043,11.05,WARNING,imbalance,0.4155
2025-01-02 17:52:00,11,1475.5,54.35,3.245,11.42,WARNING,imbalance,0.4201
2025-01-02 17:53:00,11,1480.8,54.53,3.47,11.8,WARNING,imbalance,0.4247
2025-01-02 17:54:00,11,1481.8,53.37,2.992,11.33,WARNING,imbalance,0.4292
2025-01-02 17:55:00,11,1488.6,53.71,3.416,11.72,WARNING,imbalance,0.4338
2025-01-02 17:56:00,11,1472.2,54.0,3.224,12.08,WARNING,imbalance,0.4384
2025-01-02 17:57:00,11,1477.2,54.15,3.055,11.99,WARNING,imbalance,0.4429
2025-01-02 17:58:00,11,1471.2,54.25,3.181,11.33,WARNING,imbalance,0.4475
2025-01-02 17:59:00,11,1481.0,54.45,3.256,11.86,WARNING,imbalance,0.4521
2025-01-02 18:00:00,11,1485.3,54.31,3.298,12.44,WARNING,imbalance,0.4566
2025-01-02 18:01:00,11,1475.5,53.62,3.236,11.64,WARNING,imbalance,0.4612
2025-01-02 18:02:00,11,1481.5,53.22,3.146,11.75,WARNING,imbalance,0.4658
2025-01-02 18:03:00,11,1478.1,53.02,3.49,12.3,WARNING,imbalance,0.4703
2025-01-02 18:04:00,11,1479.2,53.04,3.343,11.52,WARNING,imbalance,0.4749
2025-01-02 18:05:00,11,1484.1,53.64,3.397,12.32,WARNING,imbalance,0.4795
2025-01-02 18:06:00,11,1474.9,54.35,3.436,11.58,WARNING,imbalance,0.484
2025-01-02 18:07:00,11,1471.8,54.9,3.332,11.65,WARNING,imbalance,0.4886
2025-01-02 18:08:00,11,1486.2,54.99,3.714,11.95,WARNING,imbalance,0.4932
2025-01-02 18:09:00,11,1484.0,55.34,3.404,11.38,WARNING,imbalance,0.4977
2025-01-02 18:10:00,11,1475.0,55.55,3.571,11.9,WARNING,imbalance,0.5023
2025-01-02 18:11:00,11,1484.7,55.39,3.716,11.94,WARNING,imbalance,0.5068
2025-01-02 18:12:00,11,1480.5,56.8,3.548,11.87,WARNING,imbalance,0.5114
2025-01-02 18:13:00,11,1480.9,57.21,3.714,11.76,WARNING,imbalance,0.516
2025-01-02 18:14:00,11,1483.8,57.57,3.782,12.02,WARNING,imbalance,0.5205
2025-01-02 18:15:00,11,1486.4,57.82,3.741,11.96,WARNING,imbalance,0.5251
2025-01-02 18:16:00,11,1475.5,56.73,3.629,12.0,WARNING,imbalance,0.5297
2025-01-02 18:17:00,11,1484.1,56.57,3.619,11.92,WARNING,imbalance,0.5342
2025-01-02 18:18:00,11,1480.2,56.53,3.73,12.05,WARNING,imbalance,0.5388
2025-01-02 18:19:00,11,1477.8,55.48,3.694,12.37,WARNING,imbalance,0.5434
2025-01-02 18:20:00,11,1479.0,54.92,3.762,12.23,WARNING,imbalance,0.5479
2025-01-02 18:21:00,11,1477.5,55.35,3.839,12.42,WARNING,imbalance,0.5525
2025-01-02 18:22:00,11,1474.1,54.96,3.81,12.4,WARNING,imbalance,0.5571
2025-01-02 18:23:00,11,1479.6,56.59,3.903,12.1,WARNING,imbalance,0.5616
2025-01-02 18:24:00,11,1477.9,56.9,3.995,12.04,WARNING,imbalance,0.5662
2025-01-02 18:25:00,11,1484.4,56.46,3.871,12.24,WARNING,imbalance,0.5708
2025-01-02 18:26:00,11,1474.3,55.34,4.133,12.14,WARNING,imbalance,0.5753
2025-01-02 18:27:00,11,1488.8,56.43,3.891,12.24,WARNING,imbalance,0.5799
2025-01-02 18:28:00,11,1479.3,55.73,4.01,12.02,WARNING,imbalance,0.5845
2025-01-02 18:29:00,11,1479.2,55.72,4.114,12.43,WARNING,imbalance,0.589
2025-01-02 18:30:00,11,1480.1,56.04,3.814,12.49,WARNING,imbalance,0.5936
2025-01-02 18:31:00,11,1489.9,56.22,4.114,12.16,WARNING,imbalance,0.5982
2025-01-02 18:32:00,11,1478.4,55.78,4.205,12.43,WARNING,imbalance,0.6027
2025-01-02 18:33:00,11,1471.8,56.08,4.206,12.79,WARNING,imbalance,0.6073
2025-01-02 18:34:00,11,1484.1,55.9,4.347,12.53,WARNING,imbalance,0.6119
2025-01-02 18:35:00,11,1481.0,56.54,4.404,12.62,WARNING,imbalance,0.6164
2025-01-02 18:36:00,11,1477.7,56.69,4.216,12.47,WARNING,imbalance,0.621
2025-01-02 18:37:00,11,1485.8,56.81,3.912,12.53,WARNING,imbalance,0.6256
2025-01-02 18:38:00,11,1473.1,56.78,4.405,12.36,WARNING,imbalance,0.6301
2025-01-02 18:39:00,11,1489.2,57.13,4.486,12.7,WARNING,imbalance,0.6347
2025-01-02 18:40:00,11,1479.2,56.87,4.669,12.77,WARNING,imbalance,0.6393
2025-01-02 18:41:00,11,1473.0,56.32,4.472,12.57,WARNING,imbalance,0.6438
2025-01-02 18:42:00,11,1482.1,56.79,4.368,12.73,WARNING,imbalance,0.6484
2025-01-02 18:43:00,11,1477.0,56.76,4.539,12.48,WARNING,imbalance,0.653
2025-01-02 18:44:00,11,1477.3,57.64,4.647,12.55,WARNING,imbalance,0.6575
2025-01-02 18:45:00,11,1488.9,58.23,4.375,11.9,WARNING,imbalance,0.6621
2025-01-02 18:46:00,11,1478.3,58.01,4.382,12.49,WARNING,imbalance,0.6667
2025-01-02 18:47:00,11,1486.5,58.28,4.576,12.96,WARNING,imbalance,0.6712
2025-01-02 18:48:00,11,1478.5,58.68,4.514,12.78,WARNING,imbalance,0.6758
2025-01-02 18:49:00,11,1485.0,58.91,4.563,12.69,WARNING,imbalance,0.6804
2025-01-02 18:50:00,11,1478.1,58.69,4.447,12.45,WARNING,imbalance,0.6849
2025-01-02 18:51:00,11,1483.3,58.33,4.871,12.31,WARNING,imbalance,0.6895
2025-01-02 18:52:00,11,1478.2,58.11,4.824,12.52,WARNING,imbalance,0.6941
2025-01-02 18:53:00,11,1472.9,57.81,4.801,12.61,WARNING,imbalance,0.6986
2025-01-02 18:54:00,11,1478.7,57.47,4.938,12.4,FAULT,imbalance,0.7032
2025-01-02 18:55:00,11,1486.3,57.8,4.79,12.81,FAULT,imbalance,0.7078
2025-01-02 18:56:00,11,1479.8,58.46,4.747,12.84,FAULT,imbalance,0.7123
2025-01-02 18:57:00,11,1485.4,58.27,4.632,12.96,FAULT,imbalance,0.7169
2025-01-02 18:58:00,11,1476.2,58.55,4.835,12.83,FAULT,imbalance,0.7215
2025-01-02 18:59:00,11,1478.7,58.24,5.038,12.65,FAULT,imbalance,0.726
2025-01-02 19:00:00,11,1476.5,57.57,4.994,12.58,FAULT,imbalance,0.7306
2025-01-02 19:01:00,11,1484.2,56.99,4.868,12.99,FAULT,imbalance,0.7352
2025-01-02 19:02:00,11,1479.1,56.95,4.858,12.34,FAULT,imbalance,0.7397
2025-01-02 19:03:00,11,1488.9,56.25,5.036,12.37,FAULT,imbalance,0.7443
2025-01-02 19:04:00,11,1471.4,56.45,4.945,12.39,FAULT,imbalance,0.7489
2025-01-02 19:05:00,11,1468.6,57.54,5.054,12.79,FAULT,imbalance,0.7534
2025-01-02 19:06:00,11,1470.5,57.73,4.956,12.31,FAULT,imbalance,0.758
2025-01-02 19:07:00,11,1473.9,57.75,5.432,12.51,FAULT,imbalance,0.7626
2025-01-02 19:08:00,11,1488.0,57.45,5.157,12.58,FAULT,imbalance,0.7671
2025-01-02 19:09:00,11,1473.1,57.89,5.079,13.01,FAULT,imbalance,0.7717
2025-01-02 19:10:00,11,1481.4,57.26,5.041,12.67,FAULT,imbalance,0.7763
2025-01-02 19:11:00,11,1472.2,58.35,5.147,12.91,FAULT,imbalance,0.7808
2025-01-02 19:12:00,11,1477.7,58.37,5.156,11.99,FAULT,imbalance,0.7854
2025-01-02 19:13:00,11,1480.8,58.24,5.457,12.61,FAULT,imbalance,0.79
2025-01-02 19:14:00,11,1482.8,57.97,5.211,12.5,FAULT,imbalance,0.7945
2025-01-02 19:15:00,11,1482.3,58.39,5.442,12.36,FAULT,imbalance,0.7991
2025-01-02 19:16:00,11,1472.1,57.62,5.202,12.25,FAULT,imbalance,0.8037
2025-01-02 19:17:00,11,1478.0,57.76,5.362,12.62,FAULT,imbalance,0.8082
2025-01-02 19:18:00,11,1485.1,57.87,5.521,12.14,FAULT,imbalance,0.8128
2025-01-02 19:19:00,11,1483.6,57.07,5.722,12.21,FAULT,imbalance,0.8174
2025-01-02 19:20:00,11,1471.4,58.1,5.463,11.64,FAULT,imbalance,0.8219
2025-01-02 19:21:00,11,1483.0,58.59,5.434,11.92,FAULT,imbalance,0.8265
2025-01-02 19:22:00,11,1474.4,58.55,5.391,11.99,FAULT,imbalance,0.8311
2025-01-02 19:23:00,11,1483.1,58.45,5.851,12.42,FAULT,imbalance,0.8356
2025-01-02 19:24:00,11,1485.1,58.03,5.519,11.68,FAULT,imbalance,0.8402
2025-01-02 19:25:00,11,1476.0,57.77,5.558,11.87,FAULT,imbalance,0.8447
2025-01-02 19:26:00,11,1483.1,57.13,6.052,11.66,FAULT,imbalance,0.8493
2025-01-02 19:27:00,11,1476.0,56.87,5.897,12.01,FAULT,imbalance,0.8539
2025-01-02 19:28:00,11,1483.6,56.6,5.967,12.04,FAULT,imbalance,0.8584
2025-01-02 19:29:00,11,1481.4,56.52,5.762,11.96,FAULT,imbalance,0.863
2025-01-02 19:30:00,11,1484.6,57.37,5.891,12.26,FAULT,imbalance,0.8676
2025-01-02 19:31:00,11,1482.3,57.65,5.77,12.24,FAULT,imbalance,0.8721
2025-01-02 19:32:00,11,1493.0,57.8,5.967,12.14,FAULT,imbalance,0.8767
2025-01-02 19:33:00,11,1479.5,58.04,5.884,12.02,FAULT,imbalance,0.8813
2025-01-02 19:34:00,11,1485.8,57.82,6.032,11.81,FAULT,imbalance,0.8858
2025-01-02 19:35:00,11,1473.4,58.28,6.343,11.78,FAULT,imbalance,0.8904
2025-01-02 19:36:00,11,1481.4,57.79,6.096,11.87,FAULT,imbalance,0.895
2025-01-02 19:37:00,11,1475.2,58.33,6.425,11.91,FAULT,imbalance,0.8995
2025-01-02 19:38:00,11,1486.9,58.25,6.013,11.98,FAULT,imbalance,0.9041
2025-01-02 19:39:00,11,1474.2,57.91,6.092,12.0,FAULT,imbalance,0.9087
2025-01-02 19:40:00,11,1478.4,56.95,6.127,12.37,FAULT,imbalance,0.9132
2025-01-02 19:41:00,11,1482.5,56.91,6.143,11.68,FAULT,imbalance,0.9178
2025-01-02 19:42:00,11,1483.3,57.56,6.383,11.87,FAULT,imbalance,0.9224
2025-01-02 19:43:00,11,1486.3,57.82,6.437,11.68,FAULT,imbalance,0.9269
2025-01-02 19:44:00,11,1482.5,56.78,6.12,11.42,FAULT,imbalance,0.9315
2025-01-02 19:45:00,11,1480.3,57.43,6.393,11.51,FAULT,imbalance,0.9361
2025-01-02 19:46:00,11,1480.8,56.93,6.654,11.9,FAULT,imbalance,0.9406
2025-01-02 19:47:00,11,1482.3,56.32,6.541,11.66,FAULT,imbalance,0.9452
2025-01-02 19:48:00,11,1480.5,56.32,6.209,12.08,FAULT,imbalance,0.9498
2025-01-02 19:49:00,11,1488.6,57.25,5.994,11.83,FAULT,imbalance,0.9543
2025-01-02 19:50:00,11,1475.5,56.98,6.46,11.7,FAULT,imbalance,0.9589
2025-01-02 19:51:00,11,1481.2,57.36,6.241,11.78,FAULT,imbalance,0.9635
2025-01-02 19:52:00,11,1478.9,57.79,6.339,12.07,FAULT,imbalance,0.968
2025-01-02 19:53:00,11,1474.8,58.07,6.306,11.58,FAULT,imbalance,0.9726
2025-01-02 19:54:00,11,1481.4,57.58,6.807,11.74,FAULT,imbalance,0.9772
2025-01-02 19:55:00,11,1484.6,56.86,6.539,11.87,FAULT,imbalance,0.9817
2025-01-02 19:56:00,11,1477.2,57.43,6.927,11.66,FAULT,imbalance,0.9863
2025-01-02 19:57:00,11,1468.3,58.39,6.604,11.8,FAULT,imbalance,0.9909
2025-01-02 19:58:00,11,1474.2,57.98,6.919,12.12,FAULT,imbalance,0.9954
2025-01-02 19:59:00,11,1478.1,57.77,6.833,11.5,FAULT,imbalance,1.0
2025-01-02 20:00:00,12,1486.4,55.06,1.842,11.96,NORMAL,bearing_degradation,0.0
2025-01-02 20:01:00,12,1482.9,55.83,1.863,11.89,NORMAL,bearing_degradation,0.0046
2025-01-02 20:02:00,12,1486.6,55.22,1.858,11.84,NORMAL,bearing_degradation,0.0091
2025-01-02 20:03:00,12,1478.4,55.47,1.811,11.63,NORMAL,bearing_degradation,0.0137
2025-01-02 20:04:00,12,1486.4,55.05,1.856,11.93,NORMAL,bearing_degradation,0.0183
2025-01-02 20:05:00,12,1481.5,55.41,1.801,12.24,NORMAL,bearing_degradation,0.0228
2025-01-02 20:06:00,12,1485.5,55.24,1.727,12.21,NORMAL,bearing_degradation,0.0274
2025-01-02 20:07:00,12,1479.5,56.0,1.893,12.42,NORMAL,bearing_degradation,0.032
2025-01-02 20:08:00,12,1482.1,55.09,1.819,12.14,NORMAL,bearing_degradation,0.0365
2025-01-02 20:09:00,12,1486.7,55.54,1.807,12.35,NORMAL,bearing_degradation,0.0411
2025-01-02 20:10:00,12,1473.8,55.75,1.764,12.64,NORMAL,bearing_degradation,0.0457
2025-01-02 20:11:00,12,1477.1,56.26,1.835,12.54,NORMAL,bearing_degradation,0.0502
2025-01-02 20:12:00,12,1472.7,56.17,1.985,12.54,NORMAL,bearing_degradation,0.0548
2025-01-02 20:13:00,12,1474.0,55.46,1.944,12.44,NORMAL,bearing_degradation,0.0594
2025-01-02 20:14:00,12,1478.8,55.23,2.121,12.34,NORMAL,bearing_degradation,0.0639
2025-01-02 20:15:00,12,1475.0,56.13,2.017,12.57,NORMAL,bearing_degradation,0.0685
2025-01-02 20:16:00,12,1481.2,56.29,1.982,12.16,NORMAL,bearing_degradation,0.0731
2025-01-02 20:17:00,12,1481.4,56.05,2.001,12.47,NORMAL,bearing_degradation,0.0776
2025-01-02 20:18:00,12,1480.3,56.59,1.755,11.83,NORMAL,bearing_degradation,0.0822
2025-01-02 20:19:00,12,1478.1,57.35,1.881,12.64,NORMAL,bearing_degradation,0.0868
2025-01-02 20:20:00,12,1482.7,57.46,2.071,12.57,NORMAL,bearing_degradation,0.0913
2025-01-02 20:21:00,12,1481.2,56.2,1.811,12.7,NORMAL,bearing_degradation,0.0959
2025-01-02 20:22:00,12,1477.1,56.15,1.929,12.27,NORMAL,bearing_degradation,0.1005
2025-01-02 20:23:00,12,1489.2,56.11,2.029,12.31,NORMAL,bearing_degradation,0.105
2025-01-02 20:24:00,12,1473.6,55.35,2.005,12.43,NORMAL,bearing_degradation,0.1096
2025-01-02 20:25:00,12,1480.5,55.67,1.991,12.74,NORMAL,bearing_degradation,0.1142
2025-01-02 20:26:00,12,1478.1,56.35,2.132,12.51,NORMAL,bearing_degradation,0.1187
2025-01-02 20:27:00,12,1477.3,56.36,2.032,12.15,NORMAL,bearing_degradation,0.1233
2025-01-02 20:28:00,12,1474.0,56.31,1.931,12.84,NORMAL,bearing_degradation,0.1279
2025-01-02 20:29:00,12,1483.6,57.09,2.123,12.52,NORMAL,bearing_degradation,0.1324
2025-01-02 20:30:00,12,1482.7,58.19,2.013,12.72,NORMAL,bearing_degradation,0.137
2025-01-02 20:31:00,12,1476.8,58.72,1.93,12.28,NORMAL,bearing_degradation,0.1416
2025-01-02 20:32:00,12,1485.6,58.35,1.977,12.0,NORMAL,bearing_degradation,0.1461
2025-01-02 20:33:00,12,1482.7,58.13,2.028,12.58,NORMAL,bearing_degradation,0.1507
2025-01-02 20:34:00,12,1485.1,58.3,2.075,12.68,NORMAL,bearing_degradation,0.1553
2025-01-02 20:35:00,12,1482.6,58.57,2.096,12.3,NORMAL,bearing_degradation,0.1598
2025-01-02 20:36:00,12,1484.0,58.14,2.168,12.63,NORMAL,bearing_degradation,0.1644
2025-01-02 20:37:00,12,1475.9,58.22,2.039,12.56,NORMAL,bearing_degradation,0.1689
2025-01-02 20:38:00,12,1474.4,56.8,1.989,11.99,NORMAL,bearing_degradation,0.1735
2025-01-02 20:39:00,12,1479.3,56.68,2.307,12.95,NORMAL,bearing_degradation,0.1781
2025-01-02 20:40:00,12,1480.7,56.49,1.981,12.17,NORMAL,bearing_degradation,0.1826
2025-01-02 20:41:00,12,1478.9,57.27,2.108,12.55,NORMAL,bearing_degradation,0.1872
2025-01-02 20:42:00,12,1478.3,56.95,2.139,12.2,NORMAL,bearing_degradation,0.1918
2025-01-02 20:43:00,12,1472.5,56.43,2.207,12.38,NORMAL,bearing_degradation,0.1963
2025-01-02 20:44:00,12,1479.7,56.65,2.047,12.86,NORMAL,bearing_degradation,0.2009
2025-01-02 20:45:00,12,1483.4,57.18,2.272,12.19,NORMAL,bearing_degradation,0.2055
2025-01-02 20:46:00,12,1482.8,56.94,2.196,12.51,NORMAL,bearing_degradation,0.21
2025-01-02 20:47:00,12,1482.8,57.87,2.153,12.49,NORMAL,bearing_degradation,0.2146
2025-01-02 20:48:00,12,1483.3,58.56,2.243,12.55,NORMAL,bearing_degradation,0.2192
2025-01-02 20:49:00,12,1487.5,59.29,2.22,12.41,NORMAL,bearing_degradation,0.2237
2025-01-02 20:50:00,12,1477.5,59.35,2.112,12.47,NORMAL,bearing_degradation,0.2283
2025-01-02 20:51:00,12,1474.0,58.71,2.296,12.69,NORMAL,bearing_degradation,0.2329
2025-01-02 20:52:00,12,1485.1,59.92,2.025,12.21,NORMAL,bearing_degradation,0.2374
2025-01-02 20:53:00,12,1478.4,59.18,2.285,12.48,NORMAL,bearing_degradation,0.242
2025-01-02 20:54:00,12,1480.4,58.81,2.296,12.74,NORMAL,bearing_degradation,0.2466
2025-01-02 20:55:00,12,1478.1,59.69,2.215,11.99,NORMAL,bearing_degradation,0.2511
2025-01-02 20:56:00,12,1480.1,59.61,2.264,12.1,NORMAL,bearing_degradation,0.2557
2025-01-02 20:57:00,12,1477.6,59.66,2.21,12.14,NORMAL,bearing_degradation,0.2603
2025-01-02 20:58:00,12,1476.2,59.62,2.36,12.25,NORMAL,bearing_degradation,0.2648
2025-01-02 20:59:00,12,1479.3,59.35,2.568,12.7,NORMAL,bearing_degradation,0.2694
2025-01-02 21:00:00,12,1475.4,59.47,2.271,12.41,NORMAL,bearing_degradation,0.274
2025-01-02 21:01:00,12,1481.2,60.14,2.583,12.12,NORMAL,bearing_degradation,0.2785
2025-01-02 21:02:00,12,1482.6,59.95,2.345,12.37,NORMAL,bearing_degradation,0.2831
2025-01-02 21:03:00,12,1486.7,59.68,2.359,11.96,NORMAL,bearing_degradation,0.2877
2025-01-02 21:04:00,12,1475.4,59.9,2.39,11.45,NORMAL,bearing_degradation,0.2922
2025-01-02 21:05:00,12,1477.5,59.86,2.525,12.14,NORMAL,bearing_degradation,0.2968
2025-01-02 21:06:00,12,1477.7,59.79,2.438,12.39,NORMAL,bearing_degradation,0.3014
2025-01-02 21:07:00,12,1476.4,60.31,2.364,11.63,NORMAL,bearing_degradation,0.3059
2025-01-02 21:08:00,12,1481.0,61.82,2.621,12.24,NORMAL,bearing_degradation,0.3105
2025-01-02 21:09:00,12,1479.6,62.27,2.481,11.63,NORMAL,bearing_degradation,0.3151
2025-01-02 21:10:00,12,1480.6,62.5,2.589,11.66,NORMAL,bearing_degradation,0.3196
2025-01-02 21:11:00,12,1481.0,63.13,2.553,11.75,NORMAL,bearing_degradation,0.3242
2025-01-02 21:12:00,12,1490.3,61.66,2.44,12.09,NORMAL,bearing_degradation,0.3288
2025-01-02 21:13:00,12,1483.3,61.21,2.377,11.76,NORMAL,bearing_degradation,0.3333
2025-01-02 21:14:00,12,1478.9,61.32,2.673,11.41,NORMAL,bearing_degradation,0.3379
2025-01-02 21:15:00,12,1477.4,61.03,2.766,11.97,NORMAL,bearing_degradation,0.3425
2025-01-02 21:16:00,12,1477.6,60.93,2.78,12.03,NORMAL,bearing_degradation,0.347
2025-01-02 21:17:00,12,1478.7,60.48,2.609,11.7,WARNING,bearing_degradation,0.3516
2025-01-02 21:18:00,12,1476.6,60.92,2.797,11.73,WARNING,bearing_degradation,0.3562
2025-01-02 21:19:00,12,1480.7,61.92,2.902,11.82,WARNING,bearing_degradation,0.3607
2025-01-02 21:20:00,12,1477.0,61.86,2.656,11.81,WARNING,bearing_degradation,0.3653
2025-01-02 21:21:00,12,1479.0,62.22,2.795,11.6,WARNING,bearing_degradation,0.3699
2025-01-02 21:22:00,12,1483.5,62.58,2.628,12.06,WARNING,bearing_degradation,0.3744
2025-01-02 21:23:00,12,1479.2,63.06,2.516,11.69,WARNING,bearing_degradation,0.379
2025-01-02 21:24:00,12,1488.7,62.71,2.812,12.06,WARNING,bearing_degradation,0.3836
2025-01-02 21:25:00,12,1479.4,63.52,2.9,11.56,WARNING,bearing_degradation,0.3881
2025-01-02 21:26:00,12,1483.7,63.26,2.814,11.69,WARNING,bearing_degradation,0.3927
2025-01-02 21:27:00,12,1488.9,63.36,2.871,11.86,WARNING,bearing_degradation,0.3973
2025-01-02 21:28:00,12,1480.2,64.04,2.837,11.88,WARNING,bearing_degradation,0.4018
2025-01-02 21:29:00,12,1476.1,63.41,2.673,11.8,WARNING,bearing_degradation,0.4064
2025-01-02 21:30:00,12,1478.4,64.77,2.797,11.91,WARNING,bearing_degradation,0.411
2025-01-02 21:31:00,12,1470.3,65.14,3.126,11.73,WARNING,bearing_degradation,0.4155
2025-01-02 21:32:00,12,1472.9,65.28,3.001,11.81,WARNING,bearing_degradation,0.4201
2025-01-02 21:33:00,12,1470.3,65.34,2.915,12.01,WARNING,bearing_degradation,0.4247
2025-01-02 21:34:00,12,1485.9,66.34,3.054,11.65,WARNING,bearing_degradation,0.4292
2025-01-02 21:35:00,12,1480.2,66.46,2.949,11.85,WARNING,bearing_degradation,0.4338
2025-01-02 21:36:00,12,1466.8,67.37,2.94,11.49,WARNING,bearing_degradation,0.4384
2025-01-02 21:37:00,12,1487.9,66.86,3.077,11.79,WARNING,bearing_degradation,0.4429
2025-01-02 21:38:00,12,1476.7,65.79,3.223,11.69,WARNING,bearing_degradation,0.4475
2025-01-02 21:39:00,12,1485.2,66.61,3.191,12.29,WARNING,bearing_degradation,0.4521
2025-01-02 21:40:00,12,1486.0,66.84,3.04,11.37,WARNING,bearing_degradation,0.4566
2025-01-02 21:41:00,12,1483.1,66.57,3.037,11.87,WARNING,bearing_degradation,0.4612
2025-01-02 21:42:00,12,1475.0,66.86,3.289,12.4,WARNING,bearing_degradation,0.4658
2025-01-02 21:43:00,12,1481.4,68.02,2.974,12.11,WARNING,bearing_degradation,0.4703
2025-01-02 21:44:00,12,1472.4,68.43,3.164,12.11,WARNING,bearing_degradation,0.4749
2025-01-02 21:45:00,12,1488.2,68.89,3.372,11.93,WARNING,bearing_degradation,0.4795
2025-01-02 21:46:00,12,1480.4,69.31,3.071,12.08,WARNING,bearing_degradation,0.484
2025-01-02 21:47:00,12,1481.1,69.15,3.059,11.92,WARNING,bearing_degradation,0.4886
2025-01-02 21:48:00,12,1475.8,69.77,3.223,12.17,WARNING,bearing_degradation,0.4932
2025-01-02 21:49:00,12,1475.7,69.76,3.134,12.48,WARNING,bearing_degradation,0.4977
2025-01-02 21:50:00,12,1480.2,70.46,3.202,12.4,WARNING,bearing_degradation,0.5023
2025-01-02 21:51:00,12,1485.6,71.47,3.247,11.92,WARNING,bearing_degradation,0.5068
2025-01-02 21:52:00,12,1484.3,71.14,3.206,12.53,WARNING,bearing_degradation,0.5114
2025-01-02 21:53:00,12,1487.1,71.46,3.467,11.97,WARNING,bearing_degradation,0.516
2025-01-02 21:54:00,12,1483.9,72.2,3.629,12.04,WARNING,bearing_degradation,0.5205
2025-01-02 21:55:00,12,1480.1,72.15,3.166,12.23,WARNING,bearing_degradation,0.5251
2025-01-02 21:56:00,12,1474.7,72.27,3.381,12.53,WARNING,bearing_degradation,0.5297
2025-01-02 21:57:00,12,1477.3,72.4,3.343,12.31,WARNING,bearing_degradation,0.5342
2025-01-02 21:58:00,12,1485.5,72.16,3.417,11.99,WARNING,bearing_degradation,0.5388
2025-01-02 21:59:00,12,1480.8,73.17,3.546,12.7,WARNING,bearing_degradation,0.5434
2025-01-02 22:00:00,12,1480.7,73.4,3.521,12.04,WARNING,bearing_degradation,0.5479
2025-01-02 22:01:00,12,1474.6,73.57,3.435,13.19,WARNING,bearing_degradation,0.5525
2025-01-02 22:02:00,12,1475.7,73.13,3.516,12.34,WARNING,bearing_degradation,0.5571
2025-01-02 22:03:00,12,1490.5,73.08,3.623,12.58,WARNING,bearing_degradation,0.5616
2025-01-02 22:04:00,12,1478.4,71.73,3.706,12.6,WARNING,bearing_degradation,0.5662
2025-01-02 22:05:00,12,1492.1,72.71,3.549,12.64,WARNING,bearing_degradation,0.5708
2025-01-02 22:06:00,12,1482.3,72.43,3.644,12.48,WARNING,bearing_degradation,0.5753
2025-01-02 22:07:00,12,1481.4,72.49,3.757,12.45,WARNING,bearing_degradation,0.5799
2025-01-02 22:08:00,12,1486.1,72.76,3.526,12.54,WARNING,bearing_degradation,0.5845
2025-01-02 22:09:00,12,1479.7,73.33,3.397,12.54,WARNING,bearing_degradation,0.589
2025-01-02 22:10:00,12,1481.1,74.5,3.786,13.16,WARNING,bearing_degradation,0.5936
2025-01-02 22:11:00,12,1484.6,74.79,3.63,12.57,WARNING,bearing_degradation,0.5982
2025-01-02 22:12:00,12,1482.9,75.01,3.784,12.91,WARNING,bearing_degradation,0.6027
2025-01-02 22:13:00,12,1483.9,75.28,3.866,13.0,WARNING,bearing_degradation,0.6073
2025-01-02 22:14:00,12,1475.8,75.7,3.597,12.63,WARNING,bearing_degradation,0.6119
2025-01-02 22:15:00,12,1482.6,76.09,3.541,12.7,WARNING,bearing_degradation,0.6164
2025-01-02 22:16:00,12,1475.5,75.98,3.818,12.77,WARNING,bearing_degradation,0.621
2025-01-02 22:17:00,12,1480.3,76.17,3.834,12.66,WARNING,bearing_degradation,0.6256
2025-01-02 22:18:00,12,1482.3,75.72,3.694,12.47,WARNING,bearing_degradation,0.6301
2025-01-02 22:19:00,12,1477.9,76.98,3.637,12.82,WARNING,bearing_degradation,0.6347
2025-01-02 22:20:00,12,1473.1,77.47,3.805,13.46,WARNING,bearing_degradation,0.6393
2025-01-02 22:21:00,12,1478.2,78.57,3.844,13.05,WARNING,bearing_degradation,0.6438
2025-01-02 22:22:00,12,1477.3,78.75,3.78,12.62,WARNING,bearing_degradation,0.6484
2025-01-02 22:23:00,12,1473.0,79.43,3.844,12.75,WARNING,bearing_degradation,0.653
2025-01-02 22:24:00,12,1477.5,79.57,3.99,12.59,WARNING,bearing_degradation,0.6575
2025-01-02 22:25:00,12,1474.0,80.13,3.893,13.56,WARNING,bearing_degradation,0.6621
2025-01-02 22:26:00,12,1479.4,80.76,4.442,12.79,WARNING,bearing_degradation,0.6667
2025-01-02 22:27:00,12,1472.3,80.88,3.964,12.69,WARNING,bearing_degradation,0.6712
2025-01-02 22:28:00,12,1480.3,80.61,3.977,13.31,WARNING,bearing_degradation,0.6758
2025-01-02 22:29:00,12,1481.6,80.33,4.166,12.67,WARNING,bearing_degradation,0.6804
2025-01-02 22:30:00,12,1480.3,80.4,4.161,13.4,WARNING,bearing_degradation,0.6849
2025-01-02 22:31:00,12,1478.4,80.46,3.96,13.13,WARNING,bearing_degradation,0.6895
2025-01-02 22:32:00,12,1478.6,80.41,4.099,13.19,WARNING,bearing_degradation,0.6941
2025-01-02 22:33:00,12,1476.1,80.39,4.201,12.3,WARNING,bearing_degradation,0.6986
2025-01-02 22:34:00,12,1474.2,80.43,4.34,12.95,FAULT,bearing_degradation,0.7032
2025-01-02 22:35:00,12,1479.8,80.83,4.092,12.96,FAULT,bearing_degradation,0.7078
2025-01-02 22:36:00,12,1477.9,80.58,4.14,12.81,FAULT,bearing_degradation,0.7123
2025-01-02 22:37:00,12,1480.3,81.36,4.275,12.7,FAULT,bearing_degradation,0.7169
2025-01-02 22:38:00,12,1483.8,82.0,4.401,13.13,FAULT,bearing_degradation,0.7215
2025-01-02 22:39:00,12,1490.9,81.49,4.228,12.78,FAULT,bearing_degradation,0.726
2025-01-02 22:40:00,12,1488.8,81.5,4.572,12.81,FAULT,bearing_degradation,0.7306
2025-01-02 22:41:00,12,1478.4,80.92,4.512,12.71,FAULT,bearing_degradation,0.7352
2025-01-02 22:42:00,12,1490.8,81.35,4.394,13.14,FAULT,bearing_degradation,0.7397
2025-01-02 22:43:00,12,1482.3,81.9,4.131,12.8,FAULT,bearing_degradation,0.7443
2025-01-02 22:44:00,12,1468.6,82.2,4.344,12.91,FAULT,bearing_degradation,0.7489
2025-01-02 22:45:00,12,1477.2,82.71,4.258,12.54,FAULT,bearing_degradation,0.7534
2025-01-02 22:46:00,12,1478.5,82.96,4.221,13.0,FAULT,bearing_degradation,0.758
2025-01-02 22:47:00,12,1477.7,82.74,4.119,13.14,FAULT,bearing_degradation,0.7626
2025-01-02 22:48:00,12,1480.3,83.78,4.358,12.86,FAULT,bearing_degradation,0.7671
2025-01-02 22:49:00,12,1482.7,84.32,4.694,13.02,FAULT,bearing_degradation,0.7717
2025-01-02 22:50:00,12,1471.1,85.23,4.484,12.87,FAULT,bearing_degradation,0.7763
2025-01-02 22:51:00,12,1477.5,86.0,4.603,12.96,FAULT,bearing_degradation,0.7808
2025-01-02 22:52:00,12,1479.3,85.3,4.719,12.47,FAULT,bearing_degradation,0.7854
2025-01-02 22:53:00,12,1468.6,86.0,4.738,13.04,FAULT,bearing_degradation,0.79
2025-01-02 22:54:00,12,1476.6,86.9,4.54,12.83,FAULT,bearing_degradation,0.7945
2025-01-02 22:55:00,12,1488.5,87.64,4.789,12.92,FAULT,bearing_degradation,0.7991
2025-01-02 22:56:00,12,1478.7,87.15,4.617,12.79,FAULT,bearing_degradation,0.8037
2025-01-02 22:57:00,12,1479.1,87.53,4.52,13.06,FAULT,bearing_degradation,0.8082
2025-01-02 22:58:00,12,1487.1,86.83,4.457,13.26,FAULT,bearing_degradation,0.8128
2025-01-02 22:59:00,12,1474.0,87.16,4.651,13.09,FAULT,bearing_degradation,0.8174
2025-01-02 23:00:00,12,1478.8,87.93,4.646,12.4,FAULT,bearing_degradation,0.8219
2025-01-02 23:01:00,12,1484.0,86.73,5.036,12.83,FAULT,bearing_degradation,0.8265
2025-01-02 23:02:00,12,1473.8,86.79,4.91,12.61,FAULT,bearing_degradation,0.8311
2025-01-02 23:03:00,12,1474.5,87.4,5.018,12.8,FAULT,bearing_degradation,0.8356
2025-01-02 23:04:00,12,1476.8,87.64,4.911,12.34,FAULT,bearing_degradation,0.8402
2025-01-02 23:05:00,12,1467.4,89.13,4.634,12.57,FAULT,bearing_degradation,0.8447
2025-01-02 23:06:00,12,1471.0,90.13,4.715,12.69,FAULT,bearing_degradation,0.8493
2025-01-02 23:07:00,12,1481.0,89.88,5.079,12.53,FAULT,bearing_degradation,0.8539
2025-01-02 23:08:00,12,1480.4,89.15,4.866,12.78,FAULT,bearing_degradation,0.8584
2025-01-02 23:09:00,12,1484.4,88.55,5.014,12.53,FAULT,bearing_degradation,0.863
2025-01-02 23:10:00,12,1475.1,89.04,5.245,12.52,FAULT,bearing_degradation,0.8676
2025-01-02 23:11:00,12,1475.6,89.4,5.053,12.21,FAULT,bearing_degradation,0.8721
2025-01-02 23:12:00,12,1481.9,89.52,5.141,12.31,FAULT,bearing_degradation,0.8767
2025-01-02 23:13:00,12,1482.7,90.78,5.071,12.45,FAULT,bearing_degradation,0.8813
2025-01-02 23:14:00,12,1475.2,91.27,5.33,12.22,FAULT,bearing_degradation,0.8858
2025-01-02 23:15:00,12,1483.5,90.41,5.069,12.2,FAULT,bearing_degradation,0.8904
2025-01-02 23:16:00,12,1476.9,90.75,5.282,12.22,FAULT,bearing_degradation,0.895
2025-01-02 23:17:00,12,1472.6,90.99,5.17,12.19,FAULT,bearing_degradation,0.8995
2025-01-02 23:18:00,12,1477.5,90.81,5.021,12.31,FAULT,bearing_degradation,0.9041
2025-01-02 23:19:00,12,1473.4,90.06,5.464,12.37,FAULT,bearing_degradation,0.9087
2025-01-02 23:20:00,12,1476.9,91.31,5.46,12.27,FAULT,bearing_degradation,0.9132
2025-01-02 23:21:00,12,1475.7,91.89,5.411,12.71,FAULT,bearing_degradation,0.9178
2025-01-02 23:22:00,12,1473.1,91.8,5.168,12.74,FAULT,bearing_degradation,0.9224
2025-01-02 23:23:00,12,1484.9,91.47,5.289,12.48,FAULT,bearing_degradation,0.9269
2025-01-02 23:24:00,12,1477.0,91.97,5.232,12.5,FAULT,bearing_degradation,0.9315
2025-01-02 23:25:00,12,1482.3,92.48,5.33,12.21,FAULT,bearing_degradation,0.9361
2025-01-02 23:26:00,12,1474.9,92.71,5.654,12.41,FAULT,bearing_degradation,0.9406
2025-01-02 23:27:00,12,1482.3,92.58,5.461,12.03,FAULT,bearing_degradation,0.9452
2025-01-02 23:28:00,12,1485.3,93.22,5.518,12.03,FAULT,bearing_degradation,0.9498
2025-01-02 23:29:00,12,1477.2,94.13,5.361,12.17,FAULT,bearing_degradation,0.9543
2025-01-02 23:30:00,12,1470.2,95.24,5.395,12.49,FAULT,bearing_degradation,0.9589
2025-01-02 23:31:00,12,1482.8,94.76,5.419,12.85,FAULT,bearing_degradation,0.9635
2025-01-02 23:32:00,12,1481.3,95.42,5.705,12.25,FAULT,bearing_degradation,0.968
2025-01-02 23:33:00,12,1477.4,95.85,5.772,12.03,FAULT,bearing_degradation,0.9726
2025-01-02 23:34:00,12,1477.9,96.72,5.889,12.49,FAULT,bearing_degradation,0.9772
2025-01-02 23:35:00,12,1482.5,97.28,5.666,12.71,FAULT,bearing_degradation,0.9817
2025-01-02 23:36:00,12,1482.4,98.1,5.265,12.28,FAULT,bearing_degradation,0.9863
2025-01-02 23:37:00,12,1473.7,97.79,5.92,12.71,FAULT,bearing_degradation,0.9909
2025-01-02 23:38:00,12,1470.0,97.51,5.659,13.07,FAULT,bearing_degradation,0.9954
2025-01-02 23:39:00,12,1476.0,97.63,5.6,12.88,FAULT,bearing_degradation,1.0
2025-01-02 23:40:00,13,1476.9,54.54,1.913,12.14,NORMAL,overspeed,0.0
2025-01-02 23:41:00,13,1473.9,53.84,1.893,12.03,NORMAL,overspeed,0.0046
2025-01-02 23:42:00,13,1471.3,53.01,1.712,11.74,NORMAL,overspeed,0.0091
2025-01-02 23:43:00,13,1474.8,54.18,1.729,11.96,NORMAL,overspeed,0.0137
2025-01-02 23:44:00,13,1479.1,54.22,1.791,12.23,NORMAL,overspeed,0.0183
2025-01-02 23:45:00,13,1482.7,55.76,1.829,12.16,NORMAL,overspeed,0.0228
2025-01-02 23:46:00,13,1485.4,55.3,1.721,12.24,NORMAL,overspeed,0.0274
2025-01-02 23:47:00,13,1483.3,55.48,1.7,11.9,NORMAL,overspeed,0.032
2025-01-02 23:48:00,13,1486.3,55.66,1.853,12.41,NORMAL,overspeed,0.0365
2025-01-02 23:49:00,13,1482.4,56.15,1.774,12.43,NORMAL,overspeed,0.0411
2025-01-02 23:50:00,13,1481.5,56.05,1.808,12.64,NORMAL,overspeed,0.0457
2025-01-02 23:51:00,13,1482.5,55.57,1.859,12.24,NORMAL,overspeed,0.0502
2025-01-02 23:52:00,13,1484.3,55.98,1.82,12.75,NORMAL,overspeed,0.0548
2025-01-02 23:53:00,13,1479.8,56.59,1.885,12.39,NORMAL,overspeed,0.0594
2025-01-02 23:54:00,13,1480.4,56.49,1.844,12.3,NORMAL,overspeed,0.0639
2025-01-02 23:55:00,13,1479.0,57.03,1.879,12.45,NORMAL,overspeed,0.0685
2025-01-02 23:56:00,13,1483.7,56.45,1.802,12.56,NORMAL,overspeed,0.0731
2025-01-02 23:57:00,13,1489.5,56.55,1.927,12.7,NORMAL,overspeed,0.0776
2025-01-02 23:58:00,13,1482.0,56.18,1.851,12.5,NORMAL,overspeed,0.0822
2025-01-02 23:59:00,13,1491.5,57.09,1.893,12.19,NORMAL,overspeed,0.0868
2025-01-03 00:00:00,13,1485.7,57.67,1.761,12.22,NORMAL,overspeed,0.0913
2025-01-03 00:01:00,13,1494.8,58.03,1.936,12.77,NORMAL,overspeed,0.0959
2025-01-03 00:02:00,13,1488.8,58.1,1.884,12.59,NORMAL,overspeed,0.1005
2025-01-03 00:03:00,13,1482.8,57.7,1.921,12.83,NORMAL,overspeed,0.105
2025-01-03 00:04:00,13,1485.3,56.81,1.904,12.31,NORMAL,overspeed,0.1096
2025-01-03 00:05:00,13,1493.1,56.41,1.832,12.49,NORMAL,overspeed,0.1142
2025-01-03 00:06:00,13,1494.2,55.79,1.944,12.43,NORMAL,overspeed,0.1187
2025-01-03 00:07:00,13,1486.5,55.91,1.925,12.54,NORMAL,overspeed,0.1233
2025-01-03 00:08:00,13,1489.7,56.18,1.945,12.49,NORMAL,overspeed,0.1279
2025-01-03 00:09:00,13,1484.2,56.29,2.098,12.43,NORMAL,overspeed,0.1324
2025-01-03 00:10:00,13,1492.5,56.28,1.857,12.51,NORMAL,overspeed,0.137
2025-01-03 00:11:00,13,1485.5,57.15,1.932,12.09,NORMAL,overspeed,0.1416
2025-01-03 00:12:00,13,1494.6,56.62,1.954,12.07,NORMAL,overspeed,0.1461
2025-01-03 00:13:00,13,1498.1,57.09,2.25,12.8,NORMAL,overspeed,0.1507
2025-01-03 00:14:00,13,1494.2,56.42,1.84,12.75,NORMAL,overspeed,0.1553
2025-01-03 00:15:00,13,1486.1,56.37,1.809,12.74,NORMAL,overspeed,0.1598
2025-01-03 00:16:00,13,1493.2,56.02,1.919,12.21,NORMAL,overspeed,0.1644
2025-01-03 00:17:00,13,1490.1,55.52,1.807,12.36,NORMAL,overspeed,0.1689
2025-01-03 00:18:00,13,1496.6,55.48,1.986,12.15,NORMAL,overspeed,0.1735
2025-01-03 00:19:00,13,1503.6,55.65,1.853,12.57,NORMAL,overspeed,0.1781
2025-01-03 00:20:00,13,1500.3,55.77,1.965,12.35,NORMAL,overspeed,0.1826
2025-01-03 00:21:00,13,1495.8,56.46,1.938,12.11,NORMAL,overspeed,0.1872
2025-01-03 00:22:00,13,1501.3,56.31,1.863,12.36,NORMAL,overspeed,0.1918
2025-01-03 00:23:00,13,1490.7,56.12,1.798,12.25,NORMAL,overspeed,0.1963
2025-01-03 00:24:00,13,1489.9,56.55,1.977,12.69,NORMAL,overspeed,0.2009
2025-01-03 00:25:00,13,1497.1,56.57,1.811,12.56,NORMAL,overspeed,0.2055
2025-01-03 00:26:00,13,1500.4,55.07,2.138,12.16,NORMAL,overspeed,0.21
2025-01-03 00:27:00,13,1493.6,54.62,2.02,12.36,NORMAL,overspeed,0.2146
2025-01-03 00:28:00,13,1492.4,55.1,1.954,12.02,NORMAL,overspeed,0.2192
2025-01-03 00:29:00,13,1498.1,55.38,1.937,12.12,NORMAL,overspeed,0.2237
2025-01-03 00:30:00,13,1500.9,55.44,2.014,12.34,NORMAL,overspeed,0.2283
2025-01-03 00:31:00,13,1496.2,56.56,1.939,12.18,NORMAL,overspeed,0.2329
2025-01-03 00:32:00,13,1495.2,56.32,1.972,12.28,NORMAL,overspeed,0.2374
2025-01-03 00:33:00,13,1508.0,56.67,1.988,12.17,NORMAL,overspeed,0.242
2025-01-03 00:34:00,13,1512.3,56.53,2.142,12.18,NORMAL,overspeed,0.2466
2025-01-03 00:35:00,13,1504.1,56.9,2.039,11.98,NORMAL,overspeed,0.2511
2025-01-03 00:36:00,13,1505.6,56.77,2.029,11.85,NORMAL,overspeed,0.2557
2025-01-03 00:37:00,13,1495.8,56.77,1.988,12.0,NORMAL,overspeed,0.2603
2025-01-03 00:38:00,13,1515.3,56.95,2.095,12.48,NORMAL,overspeed,0.2648
2025-01-03 00:39:00,13,1512.2,56.37,2.214,11.91,NORMAL,overspeed,0.2694
2025-01-03 00:40:00,13,1510.6,56.15,2.058,12.13,NORMAL,overspeed,0.274
2025-01-03 00:41:00,13,1504.9,56.42,2.207,11.77,NORMAL,overspeed,0.2785
2025-01-03 00:42:00,13,1511.2,55.97,1.932,11.82,NORMAL,overspeed,0.2831
2025-01-03 00:43:00,13,1512.1,55.19,2.045,11.98,NORMAL,overspeed,0.2877
2025-01-03 00:44:00,13,1521.6,54.98,2.091,12.1,NORMAL,overspeed,0.2922
2025-01-03 00:45:00,13,1507.5,55.2,2.261,11.48,NORMAL,overspeed,0.2968
2025-01-03 00:46:00,13,1505.4,54.75,2.062,11.77,NORMAL,overspeed,0.3014
2025-01-03 00:47:00,13,1512.3,54.82,1.876,11.83,NORMAL,overspeed,0.3059
2025-01-03 00:48:00,13,1506.1,54.8,2.247,11.74,NORMAL,overspeed,0.3105
2025-01-03 00:49:00,13,1510.6,56.13,2.111,12.2,NORMAL,overspeed,0.3151
2025-01-03 00:50:00,13,1518.1,56.15,2.223,12.28,NORMAL,overspeed,0.3196
2025-01-03 00:51:00,13,1522.9,56.21,2.204,11.87,NORMAL,overspeed,0.3242
2025-01-03 00:52:00,13,1506.7,55.27,2.166,11.43,NORMAL,overspeed,0.3288
2025-01-03 00:53:00,13,1517.5,55.35,2.046,11.79,NORMAL,overspeed,0.3333
2025-01-03 00:54:00,13,1518.2,55.3,2.072,12.0,NORMAL,overspeed,0.3379
2025-01-03 00:55:00,13,1520.3,55.85,2.052,11.72,NORMAL,overspeed,0.3425
2025-01-03 00:56:00,13,1523.7,55.27,2.095,11.61,NORMAL,overspeed,0.347
2025-01-03 00:57:00,13,1516.3,55.59,2.048,11.7,WARNING,overspeed,0.3516
2025-01-03 00:58:00,13,1516.5,56.07,2.174,11.66,WARNING,overspeed,0.3562
2025-01-03 00:59:00,13,1518.1,55.38,2.137,11.49,WARNING,overspeed,0.3607
2025-01-03 01:00:00,13,1524.6,56.0,2.185,11.71,WARNING,overspeed,0.3653
2025-01-03 01:01:00,13,1529.4,56.0,2.053,11.85,WARNING,overspeed,0.3699
2025-01-03 01:02:00,13,1521.2,56.62,2.243,11.24,WARNING,overspeed,0.3744
2025-01-03 01:03:00,13,1526.9,55.56,2.14,11.52,WARNING,overspeed,0.379
2025-01-03 01:04:00,13,1523.6,55.9,2.183,11.33,WARNING,overspeed,0.3836
2025-01-03 01:05:00,13,1532.3,56.02,2.233,11.58,WARNING,overspeed,0.3881
2025-01-03 01:06:00,13,1526.7,55.76,2.142,11.49,WARNING,overspeed,0.3927
2025-01-03 01:07:00,13,1528.8,54.92,2.252,11.7,WARNING,overspeed,0.3973
2025-01-03 01:08:00,13,1531.7,54.78,2.259,12.29,WARNING,overspeed,0.4018
2025-01-03 01:09:00,13,1530.8,54.82,2.532,11.7,WARNING,overspeed,0.4064
2025-01-03 01:10:00,13,1525.1,55.11,2.418,11.36,WARNING,overspeed,0.411
2025-01-03 01:11:00,13,1528.5,55.82,2.264,11.3,WARNING,overspeed,0.4155
2025-01-03 01:12:00,13,1530.3,55.5,2.175,11.97,WARNING,overspeed,0.4201
2025-01-03 01:13:00,13,1534.3,54.39,2.378,11.78,WARNING,overspeed,0.4247
2025-01-03 01:14:00,13,1536.9,54.49,2.297,11.59,WARNING,overspeed,0.4292
2025-01-03 01:15:00,13,1526.2,54.49,2.333,11.34,WARNING,overspeed,0.4338
2025-01-03 01:16:00,13,1535.9,55.37,2.425,11.48,WARNING,overspeed,0.4384
2025-01-03 01:17:00,13,1540.7,54.67,2.289,11.42,WARNING,overspeed,0.4429
2025-01-03 01:18:00,13,1538.2,54.47,2.268,12.01,WARNING,overspeed,0.4475
2025-01-03 01:19:00,13,1533.2,54.65,2.37,11.55,WARNING,overspeed,0.4521
2025-01-03 01:20:00,13,1543.6,54.91,2.367,11.77,WARNING,overspeed,0.4566
2025-01-03 01:21:00,13,1531.0,55.48,2.402,11.79,WARNING,overspeed,0.4612
2025-01-03 01:22:00,13,1543.4,55.38,2.353,12.03,WARNING,overspeed,0.4658
2025-01-03 01:23:00,13,1542.5,55.26,2.35,11.9,WARNING,overspeed,0.4703
2025-01-03 01:24:00,13,1550.4,56.13,2.586,12.03,WARNING,overspeed,0.4749
2025-01-03 01:25:00,13,1535.4,56.12,2.258,11.75,WARNING,overspeed,0.4795
2025-01-03 01:26:00,13,1543.0,57.18,2.245,12.14,WARNING,overspeed,0.484
2025-01-03 01:27:00,13,1551.3,56.59,2.522,11.93,WARNING,overspeed,0.4886
2025-01-03 01:28:00,13,1546.2,56.3,2.631,11.8,WARNING,overspeed,0.4932
2025-01-03 01:29:00,13,1552.3,56.16,2.548,11.7,WARNING,overspeed,0.4977
2025-01-03 01:30:00,13,1545.1,55.78,2.448,12.21,WARNING,overspeed,0.5023
2025-01-03 01:31:00,13,1554.0,56.02,2.46,12.54,WARNING,overspeed,0.5068
2025-01-03 01:32:00,13,1549.0,55.18,2.516,11.9,WARNING,overspeed,0.5114
2025-01-03 01:33:00,13,1549.2,55.34,2.442,11.62,WARNING,overspeed,0.516
2025-01-03 01:34:00,13,1541.0,55.57,2.441,12.1,WARNING,overspeed,0.5205
2025-01-03 01:35:00,13,1550.2,55.74,2.476,11.87,WARNING,overspeed,0.5251
2025-01-03 01:36:00,13,1553.5,56.02,2.403,12.16,WARNING,overspeed,0.5297
2025-01-03 01:37:00,13,1553.4,56.0,2.748,12.08,WARNING,overspeed,0.5342
2025-01-03 01:38:00,13,1553.0,55.79,2.414,12.32,WARNING,overspeed,0.5388
2025-01-03 01:39:00,13,1553.3,55.09,2.466,11.93,WARNING,overspeed,0.5434
2025-01-03 01:40:00,13,1554.8,56.16,2.619,12.25,WARNING,overspeed,0.5479
2025-01-03 01:41:00,13,1561.8,56.25,2.593,12.7,WARNING,overspeed,0.5525
2025-01-03 01:42:00,13,1559.3,56.39,2.547,12.64,WARNING,overspeed,0.5571
2025-01-03 01:43:00,13,1556.7,56.79,2.618,12.08,WARNING,overspeed,0.5616
2025-01-03 01:44:00,13,1563.0,56.13,2.547,12.45,WARNING,overspeed,0.5662
2025-01-03 01:45:00,13,1562.7,56.4,2.528,13.06,WARNING,overspeed,0.5708
2025-01-03 01:46:00,13,1559.9,56.39,2.443,12.69,WARNING,overspeed,0.5753
2025-01-03 01:47:00,13,1559.9,56.88,2.63,12.56,WARNING,overspeed,0.5799
2025-01-03 01:48:00,13,1565.0,57.16,2.621,12.48,WARNING,overspeed,0.5845
2025-01-03 01:49:00,13,1568.0,56.83,2.728,12.46,WARNING,overspeed,0.589
2025-01-03 01:50:00,13,1566.2,56.08,2.702,12.02,WARNING,overspeed,0.5936
2025-01-03 01:51:00,13,1572.5,56.4,2.792,12.18,WARNING,overspeed,0.5982
2025-01-03 01:52:00,13,1566.9,55.98,2.615,12.59,WARNING,overspeed,0.6027
2025-01-03 01:53:00,13,1564.4,55.72,2.62,12.5,WARNING,overspeed,0.6073
2025-01-03 01:54:00,13,1574.9,56.21,2.617,12.46,WARNING,overspeed,0.6119
2025-01-03 01:55:00,13,1571.3,55.8,2.76,12.35,WARNING,overspeed,0.6164
2025-01-03 01:56:00,13,1571.4,55.46,2.687,12.29,WARNING,overspeed,0.621
2025-01-03 01:57:00,13,1574.9,56.36,2.61,12.26,WARNING,overspeed,0.6256
2025-01-03 01:58:00,13,1571.9,56.8,2.823,12.65,WARNING,overspeed,0.6301
2025-01-03 01:59:00,13,1575.0,56.97,2.425,12.37,WARNING,overspeed,0.6347
2025-01-03 02:00:00,13,1578.9,56.63,2.527,12.66,WARNING,overspeed,0.6393
2025-01-03 02:01:00,13,1579.3,57.44,2.728,12.87,WARNING,overspeed,0.6438
2025-01-03 02:02:00,13,1581.5,59.01,2.833,12.61,WARNING,overspeed,0.6484
2025-01-03 02:03:00,13,1574.2,59.32,2.692,12.94,WARNING,overspeed,0.653
2025-01-03 02:04:00,13,1583.7,60.01,2.833,12.2,WARNING,overspeed,0.6575
2025-01-03 02:05:00,13,1581.3,59.94,2.906,12.22,WARNING,overspeed,0.6621
2025-01-03 02:06:00,13,1580.6,59.94,2.842,12.82,WARNING,overspeed,0.6667
2025-01-03 02:07:00,13,1579.2,60.01,2.784,12.7,WARNING,overspeed,0.6712
2025-01-03 02:08:00,13,1590.5,59.88,2.817,12.44,WARNING,overspeed,0.6758
2025-01-03 02:09:00,13,1599.7,59.75,2.992,12.02,WARNING,overspeed,0.6804
2025-01-03 02:10:00,13,1592.4,59.48,2.8,12.65,WARNING,overspeed,0.6849
2025-01-03 02:11:00,13,1591.5,59.36,2.703,13.06,WARNING,overspeed,0.6895
2025-01-03 02:12:00,13,1585.2,59.01,2.966,12.38,WARNING,overspeed,0.6941
2025-01-03 02:13:00,13,1588.1,57.92,3.09,12.59,WARNING,overspeed,0.6986
2025-01-03 02:14:00,13,1589.1,59.21,2.912,12.96,FAULT,overspeed,0.7032
2025-01-03 02:15:00,13,1600.2,59.98,2.893,12.54,FAULT,overspeed,0.7078
2025-01-03 02:16:00,13,1592.4,59.2,2.808,12.65,FAULT,overspeed,0.7123
2025-01-03 02:17:00,13,1593.0,58.97,2.866,12.93,FAULT,overspeed,0.7169
2025-01-03 02:18:00,13,1590.1,59.01,2.722,12.8,FAULT,overspeed,0.7215
2025-01-03 02:19:00,13,1594.8,59.7,2.861,12.83,FAULT,overspeed,0.726
2025-01-03 02:20:00,13,1594.7,59.21,2.934,12.97,FAULT,overspeed,0.7306
2025-01-03 02:21:00,13,1599.7,59.26,2.93,12.39,FAULT,overspeed,0.7352
2025-01-03 02:22:00,13,1601.0,59.22,3.009,12.41,FAULT,overspeed,0.7397
2025-01-03 02:23:00,13,1608.9,58.6,3.194,13.01,FAULT,overspeed,0.7443
2025-01-03 02:24:00,13,1605.4,58.27,2.911,12.75,FAULT,overspeed,0.7489
2025-01-03 02:25:00,13,1595.7,58.52,2.937,12.85,FAULT,overspeed,0.7534
2025-01-03 02:26:00,13,1607.4,58.85,3.013,12.75,FAULT,overspeed,0.758
2025-01-03 02:27:00,13,1605.1,58.94,3.008,13.07,FAULT,overspeed,0.7626
2025-01-03 02:28:00,13,1607.9,58.72,3.021,12.56,FAULT,overspeed,0.7671
2025-01-03 02:29:00,13,1609.8,58.36,2.961,12.56,FAULT,overspeed,0.7717
2025-01-03 02:30:00,13,1610.5,57.44,3.099,12.53,FAULT,overspeed,0.7763
2025-01-03 02:31:00,13,1614.0,58.05,3.056,12.31,FAULT,overspeed,0.7808
2025-01-03 02:32:00,13,1605.3,57.04,3.176,12.53,FAULT,overspeed,0.7854
2025-01-03 02:33:00,13,1614.3,56.95,3.016,12.38,FAULT,overspeed,0.79
2025-01-03 02:34:00,13,1613.9,57.87,3.017,12.04,FAULT,overspeed,0.7945
2025-01-03 02:35:00,13,1614.5,58.4,2.999,12.2,FAULT,overspeed,0.7991
2025-01-03 02:36:00,13,1610.4,58.2,3.113,12.31,FAULT,overspeed,0.8037
2025-01-03 02:37:00,13,1612.5,58.41,3.034,12.44,FAULT,overspeed,0.8082
2025-01-03 02:38:00,13,1615.3,57.63,3.108,12.64,FAULT,overspeed,0.8128
2025-01-03 02:39:00,13,1620.4,57.93,3.016,12.13,FAULT,overspeed,0.8174
2025-01-03 02:40:00,13,1618.9,58.51,2.995,12.7,FAULT,overspeed,0.8219
2025-01-03 02:41:00,13,1613.1,58.4,2.975,12.5,FAULT,overspeed,0.8265
2025-01-03 02:42:00,13,1631.4,57.93,3.238,12.4,FAULT,overspeed,0.8311
2025-01-03 02:43:00,13,1627.6,58.25,3.02,12.63,FAULT,overspeed,0.8356
2025-01-03 02:44:00,13,1622.2,58.2,3.284,12.85,FAULT,overspeed,0.8402
2025-01-03 02:45:00,13,1630.3,57.51,3.145,12.29,FAULT,overspeed,0.8447
2025-01-03 02:46:00,13,1628.7,56.78,3.214,12.69,FAULT,overspeed,0.8493
2025-01-03 02:47:00,13,1628.5,56.97,3.378,12.16,FAULT,overspeed,0.8539
2025-01-03 02:48:00,13,1627.0,56.9,3.117,11.75,FAULT,overspeed,0.8584
2025-01-03 02:49:00,13,1627.4,56.91,3.258,11.99,FAULT,overspeed,0.863
2025-01-03 02:50:00,13,1631.3,56.62,3.249,12.03,FAULT,overspeed,0.8676
2025-01-03 02:51:00,13,1635.2,56.6,3.398,12.18,FAULT,overspeed,0.8721
2025-01-03 02:52:00,13,1635.4,56.69,3.023,12.09,FAULT,overspeed,0.8767
2025-01-03 02:53:00,13,1632.5,57.46,3.195,12.01,FAULT,overspeed,0.8813
2025-01-03 02:54:00,13,1643.9,57.37,3.185,11.97,FAULT,overspeed,0.8858
2025-01-03 02:55:00,13,1643.7,57.81,3.331,12.1,FAULT,overspeed,0.8904
2025-01-03 02:56:00,13,1637.9,57.48,3.495,12.07,FAULT,overspeed,0.895
2025-01-03 02:57:00,13,1641.0,58.11,3.491,11.95,FAULT,overspeed,0.8995
2025-01-03 02:58:00,13,1640.2,57.73,3.251,12.21,FAULT,overspeed,0.9041
2025-01-03 02:59:00,13,1648.7,57.81,3.404,11.81,FAULT,overspeed,0.9087
2025-01-03 03:00:00,13,1643.1,57.73,3.415,12.49,FAULT,overspeed,0.9132
2025-01-03 03:01:00,13,1649.7,57.76,3.386,12.02,FAULT,overspeed,0.9178
2025-01-03 03:02:00,13,1644.0,57.42,3.437,11.93,FAULT,overspeed,0.9224
2025-01-03 03:03:00,13,1654.6,58.26,3.419,11.94,FAULT,overspeed,0.9269
2025-01-03 03:04:00,13,1641.6,58.41,3.582,11.77,FAULT,overspeed,0.9315
2025-01-03 03:05:00,13,1649.1,59.36,3.311,12.32,FAULT,overspeed,0.9361
2025-01-03 03:06:00,13,1652.2,60.11,3.485,12.0,FAULT,overspeed,0.9406
2025-01-03 03:07:00,13,1644.0,58.71,3.503,11.8,FAULT,overspeed,0.9452
2025-01-03 03:08:00,13,1654.1,59.09,3.706,11.82,FAULT,overspeed,0.9498
2025-01-03 03:09:00,13,1663.1,58.17,3.476,12.02,FAULT,overspeed,0.9543
2025-01-03 03:10:00,13,1654.8,58.43,3.609,12.0,FAULT,overspeed,0.9589
2025-01-03 03:11:00,13,1660.4,59.28,3.79,11.89,FAULT,overspeed,0.9635
2025-01-03 03:12:00,13,1661.6,59.3,3.737,11.69,FAULT,overspeed,0.968
2025-01-03 03:13:00,13,1660.3,59.42,3.545,12.31,FAULT,overspeed,0.9726
2025-01-03 03:14:00,13,1669.6,59.34,3.45,11.81,FAULT,overspeed,0.9772
2025-01-03 03:15:00,13,1664.6,59.87,3.526,11.78,FAULT,overspeed,0.9817
2025-01-03 03:16:00,13,1664.3,60.06,3.753,12.04,FAULT,overspeed,0.9863
2025-01-03 03:17:00,13,1670.2,60.86,3.466,12.14,FAULT,overspeed,0.9909
2025-01-03 03:18:00,13,1670.0,60.74,3.708,12.23,FAULT,overspeed,0.9954
2025-01-03 03:19:00,13,1670.9,59.82,3.673,12.26,FAULT,overspeed,1.0
2025-01-03 03:20:00,14,1481.2,55.65,1.785,11.9,NORMAL,normal,0.0
2025-01-03 03:21:00,14,1476.3,54.85,1.688,12.22,NORMAL,normal,0.0
2025-01-03 03:22:00,14,1470.4,55.12,1.873,12.09,NORMAL,normal,0.0
2025-01-03 03:23:00,14,1477.8,54.99,1.689,11.78,NORMAL,normal,0.0
2025-01-03 03:24:00,14,1473.6,55.12,1.825,11.98,NORMAL,normal,0.0
2025-01-03 03:25:00,14,1480.8,54.97,1.831,12.25,NORMAL,normal,0.0
2025-01-03 03:26:00,14,1480.9,55.34,1.819,11.54,NORMAL,normal,0.0
2025-01-03 03:27:00,14,1480.7,55.18,1.845,11.85,NORMAL,normal,0.0
2025-01-03 03:28:00,14,1474.5,54.75,1.86,11.84,NORMAL,normal,0.0
2025-01-03 03:29:00,14,1482.7,55.31,1.75,11.99,NORMAL,normal,0.0
2025-01-03 03:30:00,14,1484.7,55.22,1.858,12.45,NORMAL,normal,0.0
2025-01-03 03:31:00,14,1479.0,55.0,1.748,12.3,NORMAL,normal,0.0
2025-01-03 03:32:00,14,1477.8,55.29,1.848,12.58,NORMAL,normal,0.0
2025-01-03 03:33:00,14,1489.0,55.7,1.744,11.84,NORMAL,normal,0.0
2025-01-03 03:34:00,14,1476.1,55.25,1.778,11.88,NORMAL,normal,0.0
2025-01-03 03:35:00,14,1472.5,55.36,1.765,12.24,NORMAL,normal,0.0
2025-01-03 03:36:00,14,1486.2,55.72,1.854,11.95,NORMAL,normal,0.0
2025-01-03 03:37:00,14,1480.6,55.83,1.792,12.37,NORMAL,normal,0.0
2025-01-03 03:38:00,14,1476.5,55.47,1.785,12.68,NORMAL,normal,0.0
2025-01-03 03:39:00,14,1474.9,54.66,1.795,12.12,NORMAL,normal,0.0
2025-01-03 03:40:00,14,1478.3,54.93,1.916,12.41,NORMAL,normal,0.0
2025-01-03 03:41:00,14,1469.3,54.74,1.835,12.45,NORMAL,normal,0.0
2025-01-03 03:42:00,14,1480.9,55.08,1.814,12.17,NORMAL,normal,0.0
2025-01-03 03:43:00,14,1486.0,55.12,1.782,12.23,NORMAL,normal,0.0
2025-01-03 03:44:00,14,1484.3,54.91,1.702,12.6,NORMAL,normal,0.0
2025-01-03 03:45:00,14,1481.2,55.83,1.755,12.32,NORMAL,normal,0.0
2025-01-03 03:46:00,14,1473.0,56.19,1.839,12.9,NORMAL,normal,0.0
2025-01-03 03:47:00,14,1473.3,56.24,1.697,12.29,NORMAL,normal,0.0
2025-01-03 03:48:00,14,1481.1,55.8,1.698,12.26,NORMAL,normal,0.0
2025-01-03 03:49:00,14,1479.1,55.34,1.959,12.25,NORMAL,normal,0.0
2025-01-03 03:50:00,14,1474.3,54.99,1.851,12.47,NORMAL,normal,0.0
2025-01-03 03:51:00,14,1478.2,56.48,1.737,12.55,NORMAL,normal,0.0
2025-01-03 03:52:00,14,1482.8,55.74,1.793,12.31,NORMAL,normal,0.0
2025-01-03 03:53:00,14,1483.7,56.38,1.854,12.36,NORMAL,normal,0.0
2025-01-03 03:54:00,14,1480.1,56.23,1.862,12.54,NORMAL,normal,0.0
2025-01-03 03:55:00,14,1475.2,55.94,1.788,12.67,NORMAL,normal,0.0
2025-01-03 03:56:00,14,1482.2,56.1,1.713,12.65,NORMAL,normal,0.0
2025-01-03 03:57:00,14,1474.0,55.45,1.782,12.68,NORMAL,normal,0.0
2025-01-03 03:58:00,14,1474.6,55.18,1.794,12.97,NORMAL,normal,0.0
2025-01-03 03:59:00,14,1482.5,55.37,1.821,12.28,NORMAL,normal,0.0
2025-01-03 04:00:00,14,1477.8,55.43,1.771,12.0,NORMAL,normal,0.0
2025-01-03 04:01:00,14,1484.5,55.78,1.805,12.68,NORMAL,normal,0.0
2025-01-03 04:02:00,14,1479.7,55.05,1.75,12.27,NORMAL,normal,0.0
2025-01-03 04:03:00,14,1478.7,55.42,1.812,12.8,NORMAL,normal,0.0
2025-01-03 04:04:00,14,1475.7,55.87,1.685,12.31,NORMAL,normal,0.0
2025-01-03 04:05:00,14,1478.9,56.2,1.843,12.29,NORMAL,normal,0.0
2025-01-03 04:06:00,14,1472.0,56.52,1.928,12.04,NORMAL,normal,0.0
2025-01-03 04:07:00,14,1478.6,56.51,1.791,12.24,NORMAL,normal,0.0
2025-01-03 04:08:00,14,1482.3,56.54,1.885,12.63,NORMAL,normal,0.0
2025-01-03 04:09:00,14,1488.6,56.61,1.807,12.53,NORMAL,normal,0.0
2025-01-03 04:10:00,14,1477.3,56.43,1.814,12.37,NORMAL,normal,0.0
2025-01-03 04:11:00,14,1482.1,54.81,1.869,12.21,NORMAL,normal,0.0
2025-01-03 04:12:00,14,1488.4,54.34,1.776,11.99,NORMAL,normal,0.0
2025-01-03 04:13:00,14,1478.3,54.15,1.755,11.99,NORMAL,normal,0.0
2025-01-03 04:14:00,14,1482.6,54.89,1.962,12.35,NORMAL,normal,0.0
2025-01-03 04:15:00,14,1478.1,54.62,1.808,12.23,NORMAL,normal,0.0
2025-01-03 04:16:00,14,1477.9,54.74,1.868,12.37,NORMAL,normal,0.0
2025-01-03 04:17:00,14,1474.0,54.84,1.776,11.71,NORMAL,normal,0.0
2025-01-03 04:18:00,14,1481.3,55.09,1.778,12.11,NORMAL,normal,0.0
2025-01-03 04:19:00,14,1481.3,55.29,1.704,11.96,NORMAL,normal,0.0
2025-01-03 04:20:00,14,1487.9,55.69,1.778,12.14,NORMAL,normal,0.0
2025-01-03 04:21:00,14,1479.0,56.27,1.892,12.28,NORMAL,normal,0.0
2025-01-03 04:22:00,14,1482.3,57.13,1.989,11.8,NORMAL,normal,0.0
2025-01-03 04:23:00,14,1483.8,57.21,1.907,11.84,NORMAL,normal,0.0
2025-01-03 04:24:00,14,1487.1,55.78,1.713,11.86,NORMAL,normal,0.0
2025-01-03 04:25:00,14,1479.1,57.09,1.735,11.82,NORMAL,normal,0.0
2025-01-03 04:26:00,14,1488.6,57.13,1.685,11.99,NORMAL,normal,0.0
2025-01-03 04:27:00,14,1478.3,56.08,1.814,11.9,NORMAL,normal,0.0
2025-01-03 04:28:00,14,1474.8,55.5,1.814,11.83,NORMAL,normal,0.0
2025-01-03 04:29:00,14,1476.0,55.32,1.793,12.0,NORMAL,normal,0.0
2025-01-03 04:30:00,14,1488.1,55.02,1.744,11.81,NORMAL,normal,0.0
2025-01-03 04:31:00,14,1482.9,54.09,1.737,12.22,NORMAL,normal,0.0
2025-01-03 04:32:00,14,1488.6,54.81,1.807,11.86,NORMAL,normal,0.0
2025-01-03 04:33:00,14,1484.3,55.68,1.742,11.85,NORMAL,normal,0.0
2025-01-03 04:34:00,14,1475.6,55.26,1.969,11.78,NORMAL,normal,0.0
2025-01-03 04:35:00,14,1475.5,54.91,1.782,11.17,NORMAL,normal,0.0
2025-01-03 04:36:00,14,1478.7,54.7,1.714,11.83,NORMAL,normal,0.0
2025-01-03 04:37:00,14,1476.8,54.67,1.774,11.72,NORMAL,normal,0.0
2025-01-03 04:38:00,14,1476.5,54.03,1.81,11.6,NORMAL,normal,0.0
2025-01-03 04:39:00,14,1478.6,53.93,1.846,11.74,NORMAL,normal,0.0
2025-01-03 04:40:00,14,1483.4,53.83,1.722,11.35,NORMAL,normal,0.0
2025-01-03 04:41:00,14,1487.5,54.64,1.813,11.5,NORMAL,normal,0.0
2025-01-03 04:42:00,14,1478.6,54.05,1.979,11.43,NORMAL,normal,0.0
2025-01-03 04:43:00,14,1479.2,55.35,1.78,11.35,NORMAL,normal,0.0
2025-01-03 04:44:00,14,1481.6,54.87,1.837,11.43,NORMAL,normal,0.0
2025-01-03 04:45:00,14,1485.1,54.62,1.666,11.25,NORMAL,normal,0.0
2025-01-03 04:46:00,14,1486.8,54.54,1.77,11.63,NORMAL,normal,0.0
2025-01-03 04:47:00,14,1486.5,54.36,1.673,11.71,NORMAL,normal,0.0
2025-01-03 04:48:00,14,1484.6,54.26,1.734,11.53,NORMAL,normal,0.0
2025-01-03 04:49:00,14,1475.0,54.29,1.698,11.38,NORMAL,normal,0.0
2025-01-03 04:50:00,14,1476.2,54.06,1.774,11.05,NORMAL,normal,0.0
2025-01-03 04:51:00,14,1485.1,54.17,1.856,11.5,NORMAL,normal,0.0
2025-01-03 04:52:00,14,1475.9,54.23,1.93,12.04,NORMAL,normal,0.0
2025-01-03 04:53:00,14,1493.0,53.84,1.746,11.21,NORMAL,normal,0.0
2025-01-03 04:54:00,14,1478.9,53.44,1.985,11.46,NORMAL,normal,0.0
2025-01-03 04:55:00,14,1475.5,53.29,1.891,11.79,NORMAL,normal,0.0
2025-01-03 04:56:00,14,1470.6,53.75,1.71,11.97,NORMAL,normal,0.0
2025-01-03 04:57:00,14,1480.3,53.78,1.95,12.04,NORMAL,normal,0.0
2025-01-03 04:58:00,14,1479.9,53.08,1.753,11.49,NORMAL,normal,0.0
2025-01-03 04:59:00,14,1472.5,52.45,1.662,11.84,NORMAL,normal,0.0
2025-01-03 05:00:00,14,1489.7,52.52,1.742,12.02,NORMAL,normal,0.0
2025-01-03 05:01:00,14,1472.2,52.31,1.903,11.95,NORMAL,normal,0.0
2025-01-03 05:02:00,14,1478.3,52.65,1.728,11.58,NORMAL,normal,0.0
2025-01-03 05:03:00,14,1478.2,53.24,1.654,11.48,NORMAL,normal,0.0
2025-01-03 05:04:00,14,1479.0,53.09,1.774,11.41,NORMAL,normal,0.0
2025-01-03 05:05:00,14,1487.0,53.29,1.709,11.84,NORMAL,normal,0.0
2025-01-03 05:06:00,14,1481.2,53.44,1.741,11.59,NORMAL,normal,0.0
2025-01-03 05:07:00,14,1477.4,54.67,1.827,11.81,NORMAL,normal,0.0
2025-01-03 05:08:00,14,1481.4,54.53,1.647,12.01,NORMAL,normal,0.0
2025-01-03 05:09:00,14,1490.1,54.88,1.918,11.61,NORMAL,normal,0.0
2025-01-03 05:10:00,14,1477.0,55.38,1.8,11.93,NORMAL,normal,0.0
2025-01-03 05:11:00,14,1484.5,55.07,1.806,12.4,NORMAL,normal,0.0
2025-01-03 05:12:00,14,1472.0,54.96,1.687,12.17,NORMAL,normal,0.0
2025-01-03 05:13:00,14,1480.8,54.52,1.757,11.71,NORMAL,normal,0.0
2025-01-03 05:14:00,14,1482.4,54.72,1.792,11.96,NORMAL,normal,0.0
2025-01-03 05:15:00,14,1477.9,56.24,1.683,11.49,NORMAL,normal,0.0
2025-01-03 05:16:00,14,1487.4,56.03,1.907,11.73,NORMAL,normal,0.0
2025-01-03 05:17:00,14,1475.9,56.52,1.695,11.78,NORMAL,normal,0.0
2025-01-03 05:18:00,14,1484.2,56.65,1.722,11.87,NORMAL,normal,0.0
2025-01-03 05:19:00,14,1477.1,56.59,1.806,12.08,NORMAL,normal,0.0
2025-01-03 05:20:00,14,1481.3,55.78,1.748,11.86,NORMAL,normal,0.0
2025-01-03 05:21:00,14,1472.2,54.98,1.791,12.23,NORMAL,normal,0.0
2025-01-03 05:22:00,14,1481.4,54.86,1.863,11.59,NORMAL,normal,0.0
2025-01-03 05:23:00,14,1488.2,55.23,1.844,11.61,NORMAL,normal,0.0
2025-01-03 05:24:00,14,1476.3,55.2,1.855,11.93,NORMAL,normal,0.0
2025-01-03 05:25:00,14,1477.3,55.1,1.8,11.98,NORMAL,normal,0.0
2025-01-03 05:26:00,14,1474.1,54.32,1.839,12.19,NORMAL,normal,0.0
2025-01-03 05:27:00,14,1485.0,54.86,1.786,12.21,NORMAL,normal,0.0
2025-01-03 05:28:00,14,1481.6,55.46,1.893,12.12,NORMAL,normal,0.0
2025-01-03 05:29:00,14,1480.6,56.08,1.841,12.32,NORMAL,normal,0.0
2025-01-03 05:30:00,14,1483.6,55.97,1.765,12.08,NORMAL,normal,0.0
2025-01-03 05:31:00,14,1476.2,55.13,1.716,11.73,NORMAL,normal,0.0
2025-01-03 05:32:00,14,1489.9,55.4,1.747,12.76,NORMAL,normal,0.0
2025-01-03 05:33:00,14,1479.8,56.38,1.68,12.3,NORMAL,normal,0.0
2025-01-03 05:34:00,14,1487.8,55.79,1.822,12.03,NORMAL,normal,0.0
2025-01-03 05:35:00,14,1475.7,55.88,1.902,12.75,NORMAL,normal,0.0
2025-01-03 05:36:00,14,1478.5,55.89,1.924,12.11,NORMAL,normal,0.0
2025-01-03 05:37:00,14,1482.3,55.52,1.731,12.21,NORMAL,normal,0.0
2025-01-03 05:38:00,14,1487.1,55.43,1.953,12.42,NORMAL,normal,0.0
2025-01-03 05:39:00,14,1477.0,55.44,1.8,12.27,NORMAL,normal,0.0
2025-01-03 05:40:00,14,1482.1,55.41,1.768,12.37,NORMAL,normal,0.0
2025-01-03 05:41:00,14,1478.4,54.6,1.765,12.62,NORMAL,normal,0.0
2025-01-03 05:42:00,14,1487.9,55.16,1.811,12.59,NORMAL,normal,0.0
2025-01-03 05:43:00,14,1476.5,55.15,1.727,12.19,NORMAL,normal,0.0
2025-01-03 05:44:00,14,1483.5,54.09,1.753,12.61,NORMAL,normal,0.0
2025-01-03 05:45:00,14,1478.1,53.96,1.893,12.42,NORMAL,normal,0.0
2025-01-03 05:46:00,14,1476.7,54.79,1.558,12.22,NORMAL,normal,0.0
2025-01-03 05:47:00,14,1477.1,54.15,1.763,11.89,NORMAL,normal,0.0
2025-01-03 05:48:00,14,1486.0,54.11,1.849,12.15,NORMAL,normal,0.0
2025-01-03 05:49:00,14,1479.9,54.31,1.704,11.98,NORMAL,normal,0.0
2025-01-03 05:50:00,14,1482.9,53.79,1.847,12.7,NORMAL,normal,0.0
2025-01-03 05:51:00,14,1480.3,54.02,1.779,12.46,NORMAL,normal,0.0
2025-01-03 05:52:00,14,1476.7,54.48,1.559,12.77,NORMAL,normal,0.0
2025-01-03 05:53:00,14,1472.6,54.5,1.838,12.36,NORMAL,normal,0.0
2025-01-03 05:54:00,14,1476.2,54.17,1.843,12.27,NORMAL,normal,0.0
2025-01-03 05:55:00,14,1485.7,54.79,1.786,12.43,NORMAL,normal,0.0
2025-01-03 05:56:00,14,1476.7,54.19,1.763,12.53,NORMAL,normal,0.0
2025-01-03 05:57:00,14,1481.1,54.72,1.74,12.66,NORMAL,normal,0.0
2025-01-03 05:58:00,14,1482.1,54.31,1.671,12.41,NORMAL,normal,0.0
2025-01-03 05:59:00,14,1479.8,55.14,1.615,12.04,NORMAL,normal,0.0
2025-01-03 06:00:00,14,1481.8,54.71,1.772,12.19,NORMAL,normal,0.0
2025-01-03 06:01:00,14,1481.0,54.79,1.773,12.79,NORMAL,normal,0.0
2025-01-03 06:02:00,14,1480.3,55.03,1.689,12.3,NORMAL,normal,0.0
2025-01-03 06:03:00,14,1478.1,55.9,1.761,12.45,NORMAL,normal,0.0
2025-01-03 06:04:00,14,1480.7,56.42,1.892,12.51,NORMAL,normal,0.0
2025-01-03 06:05:00,14,1477.0,56.59,1.783,12.29,NORMAL,normal,0.0
2025-01-03 06:06:00,14,1484.0,56.17,1.81,12.54,NORMAL,normal,0.0
2025-01-03 06:07:00,14,1484.4,56.16,1.881,12.47,NORMAL,normal,0.0
2025-01-03 06:08:00,14,1483.6,56.22,1.728,12.33,NORMAL,normal,0.0
2025-01-03 06:09:00,14,1473.4,55.9,1.838,11.95,NORMAL,normal,0.0
2025-01-03 06:10:00,14,1480.2,55.87,1.742,12.26,NORMAL,normal,0.0
2025-01-03 06:11:00,14,1475.9,56.95,1.845,12.03,NORMAL,normal,0.0
2025-01-03 06:12:00,14,1479.5,57.29,1.706,11.95,NORMAL,normal,0.0
2025-01-03 06:13:00,14,1478.0,56.79,1.691,12.39,NORMAL,normal,0.0
2025-01-03 06:14:00,14,1483.3,57.77,1.875,12.22,NORMAL,normal,0.0
2025-01-03 06:15:00,14,1471.4,58.52,1.735,12.06,NORMAL,normal,0.0
2025-01-03 06:16:00,14,1489.0,57.68,1.903,11.9,NORMAL,normal,0.0
2025-01-03 06:17:00,14,1475.9,57.18,1.737,12.45,NORMAL,normal,0.0
2025-01-03 06:18:00,14,1479.4,56.9,1.862,11.63,NORMAL,normal,0.0
2025-01-03 06:19:00,14,1474.5,56.3,1.776,11.88,NORMAL,normal,0.0
2025-01-03 06:20:00,14,1481.1,56.29,1.818,11.95,NORMAL,normal,0.0
2025-01-03 06:21:00,14,1475.7,55.85,1.855,11.92,NORMAL,normal,0.0
2025-01-03 06:22:00,14,1476.0,55.68,1.781,12.42,NORMAL,normal,0.0
2025-01-03 06:23:00,14,1474.3,55.7,1.874,11.81,NORMAL,normal,0.0
2025-01-03 06:24:00,14,1477.0,56.26,1.902,11.75,NORMAL,normal,0.0
2025-01-03 06:25:00,14,1474.8,56.12,1.777,12.23,NORMAL,normal,0.0
2025-01-03 06:26:00,14,1491.4,56.86,1.778,11.92,NORMAL,normal,0.0
2025-01-03 06:27:00,14,1472.4,56.93,1.669,11.63,NORMAL,normal,0.0
2025-01-03 06:28:00,14,1472.0,57.59,1.848,11.94,NORMAL,normal,0.0
2025-01-03 06:29:00,14,1485.2,57.4,1.829,12.12,NORMAL,normal,0.0
2025-01-03 06:30:00,14,1477.7,56.94,1.708,11.62,NORMAL,normal,0.0
2025-01-03 06:31:00,14,1480.9,56.58,1.629,11.68,NORMAL,normal,0.0
2025-01-03 06:32:00,14,1482.7,55.8,1.93,11.76,NORMAL,normal,0.0
2025-01-03 06:33:00,14,1470.9,56.02,1.855,11.48,NORMAL,normal,0.0
2025-01-03 06:34:00,14,1487.0,56.41,1.676,11.82,NORMAL,normal,0.0
2025-01-03 06:35:00,14,1485.1,55.45,1.632,11.45,NORMAL,normal,0.0
2025-01-03 06:36:00,14,1482.6,55.12,1.833,10.97,NORMAL,normal,0.0
2025-01-03 06:37:00,14,1484.0,54.8,1.812,11.66,NORMAL,normal,0.0
2025-01-03 06:38:00,14,1474.7,55.02,1.799,11.62,NORMAL,normal,0.0
2025-01-03 06:39:00,14,1483.5,54.7,1.807,11.87,NORMAL,normal,0.0
2025-01-03 06:40:00,14,1472.8,54.86,1.838,11.62,NORMAL,normal,0.0
2025-01-03 06:41:00,14,1473.7,54.6,1.943,11.75,NORMAL,normal,0.0
2025-01-03 06:42:00,14,1475.3,55.65,1.886,11.29,NORMAL,normal,0.0
2025-01-03 06:43:00,14,1476.9,56.2,1.938,11.51,NORMAL,normal,0.0
2025-01-03 06:44:00,14,1476.3,56.21,1.802,11.74,NORMAL,normal,0.0
2025-01-03 06:45:00,14,1485.5,56.51,1.761,11.56,NORMAL,normal,0.0
2025-01-03 06:46:00,14,1476.5,56.24,1.846,11.48,NORMAL,normal,0.0
2025-01-03 06:47:00,14,1480.4,55.98,1.737,11.46,NORMAL,normal,0.0
2025-01-03 06:48:00,14,1479.5,55.83,1.926,11.78,NORMAL,normal,0.0
2025-01-03 06:49:00,14,1476.2,55.05,1.734,12.01,NORMAL,normal,0.0
2025-01-03 06:50:00,14,1480.6,54.39,1.829,11.44,NORMAL,normal,0.0
2025-01-03 06:51:00,14,1476.1,55.0,1.756,11.34,NORMAL,normal,0.0
2025-01-03 06:52:00,14,1480.0,55.18,1.758,11.55,NORMAL,normal,0.0
2025-01-03 06:53:00,14,1478.3,55.59,1.872,11.21,NORMAL,normal,0.0
2025-01-03 06:54:00,14,1480.0,54.74,1.796,11.36,NORMAL,normal,0.0
2025-01-03 06:55:00,14,1471.7,54.15,1.739,11.68,NORMAL,normal,0.0
2025-01-03 06:56:00,14,1472.3,53.96,1.727,11.45,NORMAL,normal,0.0
2025-01-03 06:57:00,14,1479.4,54.98,1.883,11.86,NORMAL,normal,0.0
2025-01-03 06:58:00,14,1471.9,54.62,1.732,11.74,NORMAL,normal,0.0
2025-01-03 06:59:00,14,1484.3,55.06,1.817,11.97,NORMAL,normal,0.0
2025-01-03 07:00:00,15,1485.3,54.85,1.767,11.98,NORMAL,normal,0.0
2025-01-03 07:01:00,15,1472.5,54.71,1.918,12.21,NORMAL,normal,0.0
2025-01-03 07:02:00,15,1486.5,55.27,1.75,11.59,NORMAL,normal,0.0
2025-01-03 07:03:00,15,1473.6,55.45,1.784,12.13,NORMAL,normal,0.0
2025-01-03 07:04:00,15,1484.2,55.02,1.846,12.24,NORMAL,normal,0.0
2025-01-03 07:05:00,15,1481.5,54.35,1.68,12.51,NORMAL,normal,0.0
2025-01-03 07:06:00,15,1478.3,54.5,1.694,11.97,NORMAL,normal,0.0
2025-01-03 07:07:00,15,1477.4,54.4,1.892,12.23,NORMAL,normal,0.0
2025-01-03 07:08:00,15,1479.3,53.98,1.898,12.42,NORMAL,normal,0.0
2025-01-03 07:09:00,15,1476.6,53.68,1.838,12.31,NORMAL,normal,0.0
2025-01-03 07:10:00,15,1483.7,54.22,1.729,12.57,NORMAL,normal,0.0
2025-01-03 07:11:00,15,1474.3,54.5,1.758,12.12,NORMAL,normal,0.0
2025-01-03 07:12:00,15,1479.0,54.94,1.708,11.93,NORMAL,normal,0.0
2025-01-03 07:13:00,15,1481.4,54.73,1.808,12.37,NORMAL,normal,0.0
2025-01-03 07:14:00,15,1480.9,54.73,2.003,12.61,NORMAL,normal,0.0
2025-01-03 07:15:00,15,1477.4,55.27,1.571,12.61,NORMAL,normal,0.0
2025-01-03 07:16:00,15,1477.3,55.56,1.685,12.07,NORMAL,normal,0.0
2025-01-03 07:17:00,15,1479.6,56.08,1.855,12.39,NORMAL,normal,0.0
2025-01-03 07:18:00,15,1481.8,55.42,1.866,11.87,NORMAL,normal,0.0
2025-01-03 07:19:00,15,1478.2,55.4,1.886,12.87,NORMAL,normal,0.0
2025-01-03 07:20:00,15,1476.9,55.19,1.644,12.63,NORMAL,normal,0.0
2025-01-03 07:21:00,15,1494.8,55.67,1.741,12.95,NORMAL,normal,0.0
2025-01-03 07:22:00,15,1474.9,55.59,1.819,12.63,NORMAL,normal,0.0
2025-01-03 07:23:00,15,1484.2,55.63,1.865,12.6,NORMAL,normal,0.0
2025-01-03 07:24:00,15,1474.1,54.74,1.794,12.5,NORMAL,normal,0.0
2025-01-03 07:25:00,15,1480.8,54.76,1.792,12.14,NORMAL,normal,0.0
2025-01-03 07:26:00,15,1478.4,55.46,1.954,12.52,NORMAL,normal,0.0
2025-01-03 07:27:00,15,1479.4,55.21,1.65,12.64,NORMAL,normal,0.0
2025-01-03 07:28:00,15,1478.3,55.86,1.716,12.5,NORMAL,normal,0.0
2025-01-03 07:29:00,15,1484.7,54.86,1.927,12.91,NORMAL,normal,0.0
2025-01-03 07:30:00,15,1474.0,54.68,1.655,12.64,NORMAL,normal,0.0
2025-01-03 07:31:00,15,1477.6,54.14,1.783,12.57,NORMAL,normal,0.0
2025-01-03 07:32:00,15,1473.7,54.41,1.8,12.78,NORMAL,normal,0.0
2025-01-03 07:33:00,15,1476.0,54.28,1.628,12.71,NORMAL,normal,0.0
2025-01-03 07:34:00,15,1474.3,54.05,1.663,12.11,NORMAL,normal,0.0
2025-01-03 07:35:00,15,1478.8,54.21,1.703,12.51,NORMAL,normal,0.0
2025-01-03 07:36:00,15,1491.1,54.56,1.664,12.5,NORMAL,normal,0.0
2025-01-03 07:37:00,15,1474.8,54.81,1.808,12.64,NORMAL,normal,0.0
2025-01-03 07:38:00,15,1486.9,55.71,1.626,12.23,NORMAL,normal,0.0
2025-01-03 07:39:00,15,1484.6,54.78,1.843,12.74,NORMAL,normal,0.0
2025-01-03 07:40:00,15,1484.0,56.26,1.885,12.25,NORMAL,normal,0.0
2025-01-03 07:41:00,15,1481.0,55.84,1.625,12.5,NORMAL,normal,0.0
2025-01-03 07:42:00,15,1485.8,56.59,1.844,12.24,NORMAL,normal,0.0
2025-01-03 07:43:00,15,1484.7,56.73,1.734,12.34,NORMAL,normal,0.0
2025-01-03 07:44:00,15,1478.2,56.05,1.773,12.37,NORMAL,normal,0.0
2025-01-03 07:45:00,15,1468.8,55.5,1.819,11.84,NORMAL,normal,0.0
2025-01-03 07:46:00,15,1471.1,55.41,1.668,12.43,NORMAL,normal,0.0
2025-01-03 07:47:00,15,1478.7,55.63,1.695,12.14,NORMAL,normal,0.0
2025-01-03 07:48:00,15,1479.7,55.5,1.866,12.52,NORMAL,normal,0.0
2025-01-03 07:49:00,15,1470.7,55.12,1.739,12.24,NORMAL,normal,0.0
2025-01-03 07:50:00,15,1474.7,54.93,1.806,12.85,NORMAL,normal,0.0
2025-01-03 07:51:00,15,1480.0,55.45,1.695,12.53,NORMAL,normal,0.0
2025-01-03 07:52:00,15,1484.0,55.29,1.909,12.09,NORMAL,normal,0.0
2025-01-03 07:53:00,15,1488.5,55.53,1.851,11.62,NORMAL,normal,0.0
2025-01-03 07:54:00,15,1477.1,54.63,1.872,12.25,NORMAL,normal,0.0
2025-01-03 07:55:00,15,1481.3,55.01,1.817,12.22,NORMAL,normal,0.0
2025-01-03 07:56:00,15,1487.5,55.61,1.833,12.11,NORMAL,normal,0.0
2025-01-03 07:57:00,15,1491.2,55.76,1.873,12.13,NORMAL,normal,0.0
2025-01-03 07:58:00,15,1481.3,55.29,1.801,12.59,NORMAL,normal,0.0
2025-01-03 07:59:00,15,1485.8,55.16,1.79,11.66,NORMAL,normal,0.0
2025-01-03 08:00:00,15,1477.3,54.62,1.846,12.02,NORMAL,normal,0.0
2025-01-03 08:01:00,15,1487.4,54.79,1.887,12.37,NORMAL,normal,0.0
2025-01-03 08:02:00,15,1479.8,54.87,1.856,11.81,NORMAL,normal,0.0
2025-01-03 08:03:00,15,1479.1,54.65,1.683,11.96,NORMAL,normal,0.0
2025-01-03 08:04:00,15,1478.8,54.25,1.829,12.22,NORMAL,normal,0.0
2025-01-03 08:05:00,15,1478.3,54.03,1.739,11.67,NORMAL,normal,0.0
2025-01-03 08:06:00,15,1479.0,53.6,1.847,11.93,NORMAL,normal,0.0
2025-01-03 08:07:00,15,1486.5,54.37,1.876,11.6,NORMAL,normal,0.0
2025-01-03 08:08:00,15,1481.6,54.39,1.787,11.89,NORMAL,normal,0.0
2025-01-03 08:09:00,15,1482.7,53.4,1.815,11.7,NORMAL,normal,0.0
2025-01-03 08:10:00,15,1482.6,53.81,1.77,11.95,NORMAL,normal,0.0
2025-01-03 08:11:00,15,1478.3,53.99,1.882,11.79,NORMAL,normal,0.0
2025-01-03 08:12:00,15,1479.3,53.89,1.935,11.54,NORMAL,normal,0.0
2025-01-03 08:13:00,15,1473.8,53.73,1.858,11.55,NORMAL,normal,0.0
2025-01-03 08:14:00,15,1477.4,52.7,1.805,11.37,NORMAL,normal,0.0
2025-01-03 08:15:00,15,1482.3,53.72,1.631,11.87,NORMAL,normal,0.0
2025-01-03 08:16:00,15,1479.2,54.6,1.904,11.64,NORMAL,normal,0.0
2025-01-03 08:17:00,15,1477.7,55.4,1.611,11.61,NORMAL,normal,0.0
2025-01-03 08:18:00,15,1482.7,55.7,1.759,11.69,NORMAL,normal,0.0
2025-01-03 08:19:00,15,1479.6,55.97,2.01,11.47,NORMAL,normal,0.0
2025-01-03 08:20:00,15,1483.8,56.2,1.744,11.48,NORMAL,normal,0.0
2025-01-03 08:21:00,15,1480.7,56.21,1.827,11.16,NORMAL,normal,0.0
2025-01-03 08:22:00,15,1481.4,55.69,1.795,11.65,NORMAL,normal,0.0
2025-01-03 08:23:00,15,1477.0,56.54,1.781,11.44,NORMAL,normal,0.0
2025-01-03 08:24:00,15,1484.6,55.95,1.723,12.05,NORMAL,normal,0.0
2025-01-03 08:25:00,15,1480.1,55.54,1.872,11.04,NORMAL,normal,0.0
2025-01-03 08:26:00,15,1477.1,55.27,1.816,11.62,NORMAL,normal,0.0
2025-01-03 08:27:00,15,1479.4,55.1,1.885,11.6,NORMAL,normal,0.0
2025-01-03 08:28:00,15,1480.7,54.68,1.947,11.57,NORMAL,normal,0.0
2025-01-03 08:29:00,15,1470.5,54.52,1.685,11.4,NORMAL,normal,0.0
2025-01-03 08:30:00,15,1477.2,53.98,1.828,11.38,NORMAL,normal,0.0
2025-01-03 08:31:00,15,1483.1,54.11,1.91,11.24,NORMAL,normal,0.0
2025-01-03 08:32:00,15,1470.5,54.66,1.682,11.38,NORMAL,normal,0.0
2025-01-03 08:33:00,15,1476.1,54.58,1.735,11.53,NORMAL,normal,0.0
2025-01-03 08:34:00,15,1476.1,54.55,1.959,11.46,NORMAL,normal,0.0
2025-01-03 08:35:00,15,1478.0,55.3,1.835,11.85,NORMAL,normal,0.0
2025-01-03 08:36:00,15,1476.2,55.6,1.888,11.68,NORMAL,normal,0.0
2025-01-03 08:37:00,15,1479.5,55.85,1.785,11.79,NORMAL,normal,0.0
2025-01-03 08:38:00,15,1487.8,54.36,1.816,11.53,NORMAL,normal,0.0
2025-01-03 08:39:00,15,1471.9,54.73,1.768,11.3,NORMAL,normal,0.0
2025-01-03 08:40:00,15,1473.4,55.24,1.76,11.47,NORMAL,normal,0.0
2025-01-03 08:41:00,15,1477.0,55.53,1.836,11.65,NORMAL,normal,0.0
2025-01-03 08:42:00,15,1484.3,55.21,1.797,11.19,NORMAL,normal,0.0
2025-01-03 08:43:00,15,1479.9,55.63,1.823,11.44,NORMAL,normal,0.0
2025-01-03 08:44:00,15,1480.1,56.39,1.726,11.53,NORMAL,normal,0.0
2025-01-03 08:45:00,15,1483.3,55.73,1.884,11.4,NORMAL,normal,0.0
2025-01-03 08:46:00,15,1476.6,55.28,1.815,11.64,NORMAL,normal,0.0
2025-01-03 08:47:00,15,1478.2,55.7,1.736,11.65,NORMAL,normal,0.0
2025-01-03 08:48:00,15,1472.4,55.42,1.828,12.06,NORMAL,normal,0.0
2025-01-03 08:49:00,15,1477.4,55.26,1.874,11.49,NORMAL,normal,0.0
2025-01-03 08:50:00,15,1474.8,54.51,1.65,11.72,NORMAL,normal,0.0
2025-01-03 08:51:00,15,1479.9,54.56,1.889,12.25,NORMAL,normal,0.0
2025-01-03 08:52:00,15,1485.1,53.6,1.832,11.71,NORMAL,normal,0.0
2025-01-03 08:53:00,15,1488.1,54.02,1.716,12.17,NORMAL,normal,0.0
2025-01-03 08:54:00,15,1475.1,54.89,1.825,12.38,NORMAL,normal,0.0
2025-01-03 08:55:00,15,1477.4,54.78,1.743,11.9,NORMAL,normal,0.0
2025-01-03 08:56:00,15,1486.0,55.01,1.859,11.48,NORMAL,normal,0.0
2025-01-03 08:57:00,15,1479.1,55.58,1.803,11.99,NORMAL,normal,0.0
2025-01-03 08:58:00,15,1484.9,55.25,1.74,11.94,NORMAL,normal,0.0
2025-01-03 08:59:00,15,1471.6,54.35,1.791,12.44,NORMAL,normal,0.0
2025-01-03 09:00:00,15,1479.9,53.97,1.796,12.07,NORMAL,normal,0.0
2025-01-03 09:01:00,15,1472.9,53.64,1.69,12.36,NORMAL,normal,0.0
2025-01-03 09:02:00,15,1477.5,54.03,1.968,11.87,NORMAL,normal,0.0
2025-01-03 09:03:00,15,1485.3,53.84,1.881,11.74,NORMAL,normal,0.0
2025-01-03 09:04:00,15,1481.5,53.8,1.954,11.91,NORMAL,normal,0.0
2025-01-03 09:05:00,15,1482.1,53.6,1.85,12.29,NORMAL,normal,0.0
2025-01-03 09:06:00,15,1477.3,53.74,1.817,12.46,NORMAL,normal,0.0
2025-01-03 09:07:00,15,1479.9,54.06,1.718,12.64,NORMAL,normal,0.0
2025-01-03 09:08:00,15,1485.4,53.51,1.802,12.22,NORMAL,normal,0.0
2025-01-03 09:09:00,15,1469.2,53.9,1.9,12.24,NORMAL,normal,0.0
2025-01-03 09:10:00,15,1473.8,55.01,1.728,12.51,NORMAL,normal,0.0
2025-01-03 09:11:00,15,1476.9,55.03,1.854,12.31,NORMAL,normal,0.0
2025-01-03 09:12:00,15,1489.3,55.3,1.764,12.59,NORMAL,normal,0.0
2025-01-03 09:13:00,15,1479.9,55.3,1.91,12.37,NORMAL,normal,0.0
2025-01-03 09:14:00,15,1486.9,53.41,1.9,12.62,NORMAL,normal,0.0
2025-01-03 09:15:00,15,1482.2,54.06,1.817,12.33,NORMAL,normal,0.0
2025-01-03 09:16:00,15,1481.3,55.06,1.854,12.29,NORMAL,normal,0.0
2025-01-03 09:17:00,15,1483.9,55.75,1.843,12.5,NORMAL,normal,0.0
2025-01-03 09:18:00,15,1485.1,55.85,1.791,12.64,NORMAL,normal,0.0
2025-01-03 09:19:00,15,1489.6,57.01,1.888,12.25,NORMAL,normal,0.0
2025-01-03 09:20:00,15,1469.5,57.78,1.851,12.24,NORMAL,normal,0.0
2025-01-03 09:21:00,15,1481.3,57.14,1.736,12.36,NORMAL,normal,0.0
2025-01-03 09:22:00,15,1478.5,57.09,1.774,12.25,NORMAL,normal,0.0
2025-01-03 09:23:00,15,1482.0,57.07,1.72,12.03,NORMAL,normal,0.0
2025-01-03 09:24:00,15,1482.7,57.69,1.858,12.59,NORMAL,normal,0.0
2025-01-03 09:25:00,15,1485.0,56.55,2.014,13.24,NORMAL,normal,0.0
2025-01-03 09:26:00,15,1469.0,56.43,1.799,12.6,NORMAL,normal,0.0
2025-01-03 09:27:00,15,1483.5,56.09,1.778,12.3,NORMAL,normal,0.0
2025-01-03 09:28:00,15,1479.0,55.93,1.867,12.36,NORMAL,normal,0.0
2025-01-03 09:29:00,15,1482.9,55.48,1.784,12.76,NORMAL,normal,0.0
2025-01-03 09:30:00,15,1474.3,55.13,1.824,12.58,NORMAL,normal,0.0
2025-01-03 09:31:00,15,1486.7,56.0,1.954,12.32,NORMAL,normal,0.0
2025-01-03 09:32:00,15,1468.1,56.49,1.886,12.26,NORMAL,normal,0.0
2025-01-03 09:33:00,15,1475.2,56.31,1.795,12.27,NORMAL,normal,0.0
2025-01-03 09:34:00,15,1489.1,56.07,1.791,13.0,NORMAL,normal,0.0
2025-01-03 09:35:00,15,1487.5,55.79,1.67,12.39,NORMAL,normal,0.0
2025-01-03 09:36:00,15,1487.7,55.16,1.815,11.93,NORMAL,normal,0.0
2025-01-03 09:37:00,15,1474.9,55.13,1.875,12.65,NORMAL,normal,0.0
2025-01-03 09:38:00,15,1477.3,55.48,1.857,12.16,NORMAL,normal,0.0
2025-01-03 09:39:00,15,1481.9,55.59,1.778,12.53,NORMAL,normal,0.0
2025-01-03 09:40:00,15,1482.5,56.14,1.693,12.57,NORMAL,normal,0.0
2025-01-03 09:41:00,15,1481.6,56.54,1.848,12.38,NORMAL,normal,0.0
2025-01-03 09:42:00,15,1480.3,55.61,1.708,12.59,NORMAL,normal,0.0
2025-01-03 09:43:00,15,1481.4,55.72,1.769,12.26,NORMAL,normal,0.0
2025-01-03 09:44:00,15,1476.5,55.41,1.841,12.37,NORMAL,normal,0.0
2025-01-03 09:45:00,15,1486.7,56.16,1.816,12.5,NORMAL,normal,0.0
2025-01-03 09:46:00,15,1487.0,55.37,1.846,12.25,NORMAL,normal,0.0
2025-01-03 09:47:00,15,1481.0,53.69,1.888,12.39,NORMAL,normal,0.0
2025-01-03 09:48:00,15,1484.4,54.47,1.875,12.21,NORMAL,normal,0.0
2025-01-03 09:49:00,15,1483.1,54.0,1.745,12.58,NORMAL,normal,0.0
2025-01-03 09:50:00,15,1479.7,54.38,1.787,12.03,NORMAL,normal,0.0
2025-01-03 09:51:00,15,1486.6,53.69,1.9,12.4,NORMAL,normal,0.0
2025-01-03 09:52:00,15,1473.3,53.7,1.813,12.19,NORMAL,normal,0.0
2025-01-03 09:53:00,15,1489.5,54.44,1.808,12.31,NORMAL,normal,0.0
2025-01-03 09:54:00,15,1480.3,54.27,2.007,11.91,NORMAL,normal,0.0
2025-01-03 09:55:00,15,1475.3,54.15,1.925,12.32,NORMAL,normal,0.0
2025-01-03 09:56:00,15,1475.7,55.01,1.911,12.19,NORMAL,normal,0.0
2025-01-03 09:57:00,15,1479.7,54.72,1.841,12.15,NORMAL,normal,0.0
2025-01-03 09:58:00,15,1479.3,55.16,1.705,12.17,NORMAL,normal,0.0
2025-01-03 09:59:00,15,1485.0,55.92,1.853,11.99,NORMAL,normal,0.0
2025-01-03 10:00:00,15,1484.5,55.72,1.911,12.36,NORMAL,normal,0.0
2025-01-03 10:01:00,15,1481.9,55.04,1.862,11.69,NORMAL,normal,0.0
2025-01-03 10:02:00,15,1473.5,54.3,1.791,11.87,NORMAL,normal,0.0
2025-01-03 10:03:00,15,1480.7,55.39,1.792,12.22,NORMAL,normal,0.0
2025-01-03 10:04:00,15,1482.3,55.3,1.744,12.06,NORMAL,normal,0.0
2025-01-03 10:05:00,15,1478.8,55.13,1.731,11.76,NORMAL,normal,0.0
2025-01-03 10:06:00,15,1484.0,55.4,1.841,12.31,NORMAL,normal,0.0
2025-01-03 10:07:00,15,1482.1,55.0,1.776,11.57,NORMAL,normal,0.0
2025-01-03 10:08:00,15,1476.5,55.74,1.595,11.55,NORMAL,normal,0.0
2025-01-03 10:09:00,15,1481.8,54.58,1.77,11.88,NORMAL,normal,0.0
2025-01-03 10:10:00,15,1481.4,53.68,1.902,11.73,NORMAL,normal,0.0
2025-01-03 10:11:00,15,1477.9,53.09,1.902,11.8,NORMAL,normal,0.0
2025-01-03 10:12:00,15,1491.8,52.77,1.7,11.66,NORMAL,normal,0.0
2025-01-03 10:13:00,15,1474.8,53.66,1.764,11.86,NORMAL,normal,0.0
2025-01-03 10:14:00,15,1478.1,54.01,1.719,11.8,NORMAL,normal,0.0
2025-01-03 10:15:00,15,1481.2,54.1,1.822,11.63,NORMAL,normal,0.0
2025-01-03 10:16:00,15,1479.1,54.21,1.886,12.2,NORMAL,normal,0.0
2025-01-03 10:17:00,15,1480.0,54.59,1.82,11.46,NORMAL,normal,0.0
2025-01-03 10:18:00,15,1482.2,54.54,1.766,11.84,NORMAL,normal,0.0
2025-01-03 10:19:00,15,1475.1,54.96,1.828,11.66,NORMAL,normal,0.0
2025-01-03 10:20:00,15,1484.2,54.84,1.791,11.47,NORMAL,normal,0.0
2025-01-03 10:21:00,15,1481.8,54.68,1.839,11.65,NORMAL,normal,0.0
2025-01-03 10:22:00,15,1485.0,54.97,1.746,12.18,NORMAL,normal,0.0
2025-01-03 10:23:00,15,1474.4,54.66,1.815,11.75,NORMAL,normal,0.0
2025-01-03 10:24:00,15,1472.5,53.69,1.717,11.68,NORMAL,normal,0.0
2025-01-03 10:25:00,15,1472.8,53.39,1.843,11.48,NORMAL,normal,0.0
2025-01-03 10:26:00,15,1477.5,53.08,1.682,11.65,NORMAL,normal,0.0
2025-01-03 10:27:00,15,1477.3,52.87,1.828,11.46,NORMAL,normal,0.0
2025-01-03 10:28:00,15,1470.1,52.78,1.829,11.54,NORMAL,normal,0.0
2025-01-03 10:29:00,15,1474.8,53.01,1.801,11.64,NORMAL,normal,0.0
2025-01-03 10:30:00,15,1488.2,53.53,1.856,11.49,NORMAL,normal,0.0
2025-01-03 10:31:00,15,1480.2,53.15,1.804,11.84,NORMAL,normal,0.0
2025-01-03 10:32:00,15,1480.1,53.09,1.895,11.6,NORMAL,normal,0.0
2025-01-03 10:33:00,15,1471.5,53.38,1.618,12.04,NORMAL,normal,0.0
2025-01-03 10:34:00,15,1477.1,53.31,1.828,11.29,NORMAL,normal,0.0
2025-01-03 10:35:00,15,1475.3,52.62,1.687,11.01,NORMAL,normal,0.0
2025-01-03 10:36:00,15,1485.1,53.31,1.721,11.68,NORMAL,normal,0.0
2025-01-03 10:37:00,15,1480.1,53.22,1.776,11.59,NORMAL,normal,0.0
2025-01-03 10:38:00,15,1486.0,52.27,1.95,11.92,NORMAL,normal,0.0
2025-01-03 10:39:00,15,1477.8,51.68,1.8,11.69,NORMAL,normal,0.0
2025-01-03 10:40:00,16,1471.3,54.26,1.905,11.86,NORMAL,misalignment,0.0
2025-01-03 10:41:00,16,1474.5,54.5,1.832,11.82,NORMAL,misalignment,0.0046
2025-01-03 10:42:00,16,1475.1,54.79,1.664,12.41,NORMAL,misalignment,0.0091
2025-01-03 10:43:00,16,1478.3,55.14,1.765,12.44,NORMAL,misalignment,0.0137
2025-01-03 10:44:00,16,1485.7,55.36,1.763,12.12,NORMAL,misalignment,0.0183
2025-01-03 10:45:00,16,1477.2,55.55,1.806,11.99,NORMAL,misalignment,0.0228
2025-01-03 10:46:00,16,1473.4,55.42,1.864,12.24,NORMAL,misalignment,0.0274
2025-01-03 10:47:00,16,1482.2,55.69,1.793,12.02,NORMAL,misalignment,0.032
2025-01-03 10:48:00,16,1482.9,55.57,1.787,12.06,NORMAL,misalignment,0.0365
2025-01-03 10:49:00,16,1477.2,55.57,1.957,12.31,NORMAL,misalignment,0.0411
2025-01-03 10:50:00,16,1475.3,55.25,1.899,12.11,NORMAL,misalignment,0.0457
2025-01-03 10:51:00,16,1483.9,55.24,1.877,11.66,NORMAL,misalignment,0.0502
2025-01-03 10:52:00,16,1480.6,54.41,1.824,12.35,NORMAL,misalignment,0.0548
2025-01-03 10:53:00,16,1465.8,53.01,1.778,12.4,NORMAL,misalignment,0.0594
2025-01-03 10:54:00,16,1475.8,54.42,1.707,12.29,NORMAL,misalignment,0.0639
2025-01-03 10:55:00,16,1478.9,54.66,1.863,12.59,NORMAL,misalignment,0.0685
2025-01-03 10:56:00,16,1478.9,55.0,1.955,12.51,NORMAL,misalignment,0.0731
2025-01-03 10:57:00,16,1479.3,54.99,1.858,12.65,NORMAL,misalignment,0.0776
2025-01-03 10:58:00,16,1486.2,55.39,1.808,12.79,NORMAL,misalignment,0.0822
2025-01-03 10:59:00,16,1475.2,55.52,1.944,12.29,NORMAL,misalignment,0.0868
2025-01-03 11:00:00,16,1477.6,55.88,1.899,12.71,NORMAL,misalignment,0.0913
2025-01-03 11:01:00,16,1474.4,56.11,1.83,12.55,NORMAL,misalignment,0.0959
2025-01-03 11:02:00,16,1476.6,55.83,2.061,12.71,NORMAL,misalignment,0.1005
2025-01-03 11:03:00,16,1476.4,56.53,1.917,12.43,NORMAL,misalignment,0.105
2025-01-03 11:04:00,16,1484.9,56.92,1.948,12.7,NORMAL,misalignment,0.1096
2025-01-03 11:05:00,16,1480.3,57.09,1.988,12.69,NORMAL,misalignment,0.1142
2025-01-03 11:06:00,16,1476.1,56.64,1.906,12.48,NORMAL,misalignment,0.1187
2025-01-03 11:07:00,16,1472.6,55.95,2.031,12.65,NORMAL,misalignment,0.1233
2025-01-03 11:08:00,16,1478.8,55.5,1.967,12.61,NORMAL,misalignment,0.1279
2025-01-03 11:09:00,16,1473.2,55.55,2.037,12.19,NORMAL,misalignment,0.1324
2025-01-03 11:10:00,16,1478.4,56.51,1.992,12.64,NORMAL,misalignment,0.137
2025-01-03 11:11:00,16,1472.0,57.23,2.089,11.96,NORMAL,misalignment,0.1416
2025-01-03 11:12:00,16,1469.8,57.79,2.235,12.49,NORMAL,misalignment,0.1461
2025-01-03 11:13:00,16,1485.4,57.21,1.996,12.5,NORMAL,misalignment,0.1507
2025-01-03 11:14:00,16,1483.9,57.4,2.008,12.39,NORMAL,misalignment,0.1553
2025-01-03 11:15:00,16,1475.5,56.98,2.027,12.62,NORMAL,misalignment,0.1598
2025-01-03 11:16:00,16,1477.5,56.77,2.202,12.54,NORMAL,misalignment,0.1644
2025-01-03 11:17:00,16,1479.1,56.98,2.118,12.33,NORMAL,misalignment,0.1689
2025-01-03 11:18:00,16,1481.3,57.68,1.931,13.03,NORMAL,misalignment,0.1735
2025-01-03 11:19:00,16,1476.0,56.83,2.001,12.63,NORMAL,misalignment,0.1781
2025-01-03 11:20:00,16,1486.8,56.41,2.07,12.98,NORMAL,misalignment,0.1826
2025-01-03 11:21:00,16,1479.4,56.61,2.238,12.48,NORMAL,misalignment,0.1872
2025-01-03 11:22:00,16,1485.5,55.91,2.086,12.24,NORMAL,misalignment,0.1918
2025-01-03 11:23:00,16,1482.9,55.91,2.183,12.81,NORMAL,misalignment,0.1963
2025-01-03 11:24:00,16,1472.8,56.31,1.947,13.25,NORMAL,misalignment,0.2009
2025-01-03 11:25:00,16,1480.7,55.99,2.198,12.17,NORMAL,misalignment,0.2055
2025-01-03 11:26:00,16,1488.7,55.5,2.245,12.32,NORMAL,misalignment,0.21
2025-01-03 11:27:00,16,1477.4,55.6,2.169,13.01,NORMAL,misalignment,0.2146
2025-01-03 11:28:00,16,1474.1,55.14,2.205,12.55,NORMAL,misalignment,0.2192
2025-01-03 11:29:00,16,1482.0,54.99,2.335,12.51,NORMAL,misalignment,0.2237
2025-01-03 11:30:00,16,1477.4,55.42,2.082,12.42,NORMAL,misalignment,0.2283
2025-01-03 11:31:00,16,1475.5,54.73,2.431,12.64,NORMAL,misalignment,0.2329
2025-01-03 11:32:00,16,1471.1,55.49,2.17,12.82,NORMAL,misalignment,0.2374
2025-01-03 11:33:00,16,1488.1,55.06,2.277,12.36,NORMAL,misalignment,0.242
2025-01-03 11:34:00,16,1481.7,56.13,2.271,12.33,NORMAL,misalignment,0.2466
2025-01-03 11:35:00,16,1479.4,57.57,2.43,11.98,NORMAL,misalignment,0.2511
2025-01-03 11:36:00,16,1478.1,57.2,2.385,12.57,NORMAL,misalignment,0.2557
2025-01-03 11:37:00,16,1484.1,56.78,2.415,12.16,NORMAL,misalignment,0.2603
2025-01-03 11:38:00,16,1480.2,57.13,2.334,12.67,NORMAL,misalignment,0.2648
2025-01-03 11:39:00,16,1479.6,56.76,2.418,11.79,NORMAL,misalignment,0.2694
2025-01-03 11:40:00,16,1481.4,57.48,2.482,12.34,NORMAL,misalignment,0.274
2025-01-03 11:41:00,16,1484.3,57.57,2.34,12.23,NORMAL,misalignment,0.2785
2025-01-03 11:42:00,16,1477.8,57.6,2.553,11.97,NORMAL,misalignment,0.2831
2025-01-03 11:43:00,16,1483.7,57.43,2.386,12.1,NORMAL,misalignment,0.2877
2025-01-03 11:44:00,16,1484.1,57.89,2.382,11.95,NORMAL,misalignment,0.2922
2025-01-03 11:45:00,16,1482.0,58.8,2.547,12.39,NORMAL,misalignment,0.2968
2025-01-03 11:46:00,16,1485.6,58.2,2.389,12.3,NORMAL,misalignment,0.3014
2025-01-03 11:47:00,16,1477.7,58.24,2.335,12.09,NORMAL,misalignment,0.3059
2025-01-03 11:48:00,16,1479.7,59.06,2.381,11.77,NORMAL,misalignment,0.3105
2025-01-03 11:49:00,16,1481.6,59.8,2.424,12.25,NORMAL,misalignment,0.3151
2025-01-03 11:50:00,16,1483.1,58.41,2.239,12.78,NORMAL,misalignment,0.3196
2025-01-03 11:51:00,16,1479.0,58.29,2.423,11.92,NORMAL,misalignment,0.3242
2025-01-03 11:52:00,16,1469.6,57.63,2.545,12.38,NORMAL,misalignment,0.3288
2025-01-03 11:53:00,16,1473.0,57.19,2.555,12.0,NORMAL,misalignment,0.3333
2025-01-03 11:54:00,16,1474.1,56.58,2.639,12.22,NORMAL,misalignment,0.3379
2025-01-03 11:55:00,16,1475.4,56.69,2.616,11.82,NORMAL,misalignment,0.3425
2025-01-03 11:56:00,16,1487.3,56.89,2.611,11.75,NORMAL,misalignment,0.347
2025-01-03 11:57:00,16,1479.1,57.21,2.618,12.16,WARNING,misalignment,0.3516
2025-01-03 11:58:00,16,1480.2,57.74,2.644,12.55,WARNING,misalignment,0.3562
2025-01-03 11:59:00,16,1484.2,58.16,2.681,11.78,WARNING,misalignment,0.3607
2025-01-03 12:00:00,16,1480.7,57.47,2.622,11.97,WARNING,misalignment,0.3653
2025-01-03 12:01:00,16,1485.3,57.35,2.773,12.07,WARNING,misalignment,0.3699
2025-01-03 12:02:00,16,1476.6,56.9,2.487,11.67,WARNING,misalignment,0.3744
2025-01-03 12:03:00,16,1475.5,56.83,2.765,12.22,WARNING,misalignment,0.379
2025-01-03 12:04:00,16,1487.0,56.81,2.665,11.98,WARNING,misalignment,0.3836
2025-01-03 12:05:00,16,1485.5,56.0,2.779,12.05,WARNING,misalignment,0.3881
2025-01-03 12:06:00,16,1475.5,56.82,2.904,11.5,WARNING,misalignment,0.3927
2025-01-03 12:07:00,16,1482.5,57.8,2.719,11.82,WARNING,misalignment,0.3973
2025-01-03 12:08:00,16,1487.1,57.37,2.806,12.07,WARNING,misalignment,0.4018
2025-01-03 12:09:00,16,1480.7,58.24,2.761,12.02,WARNING,misalignment,0.4064
2025-01-03 12:10:00,16,1479.5,58.14,2.737,11.71,WARNING,misalignment,0.411
2025-01-03 12:11:00,16,1476.2,58.35,2.899,11.65,WARNING,misalignment,0.4155
2025-01-03 12:12:00,16,1474.7,59.05,2.894,11.98,WARNING,misalignment,0.4201
2025-01-03 12:13:00,16,1480.9,59.51,3.127,12.22,WARNING,misalignment,0.4247
2025-01-03 12:14:00,16,1479.0,59.65,2.964,12.4,WARNING,misalignment,0.4292
2025-01-03 12:15:00,16,1482.7,59.89,2.905,12.07,WARNING,misalignment,0.4338
2025-01-03 12:16:00,16,1486.7,59.08,2.893,11.94,WARNING,misalignment,0.4384
2025-01-03 12:17:00,16,1484.1,59.13,2.872,12.35,WARNING,misalignment,0.4429
2025-01-03 12:18:00,16,1477.3,59.74,3.179,11.79,WARNING,misalignment,0.4475
2025-01-03 12:19:00,16,1481.6,59.93,2.774,12.58,WARNING,misalignment,0.4521
2025-01-03 12:20:00,16,1477.9,60.82,2.921,11.81,WARNING,misalignment,0.4566
2025-01-03 12:21:00,16,1475.4,59.57,2.904,12.29,WARNING,misalignment,0.4612
2025-01-03 12:22:00,16,1475.1,59.14,3.189,12.36,WARNING,misalignment,0.4658
2025-01-03 12:23:00,16,1480.1,58.6,3.038,12.26,WARNING,misalignment,0.4703
2025-01-03 12:24:00,16,1477.1,59.06,3.036,12.12,WARNING,misalignment,0.4749
2025-01-03 12:25:00,16,1483.9,58.86,3.016,12.03,WARNING,misalignment,0.4795
2025-01-03 12:26:00,16,1490.8,58.83,3.023,12.31,WARNING,misalignment,0.484
2025-01-03 12:27:00,16,1479.5,59.0,3.111,12.67,WARNING,misalignment,0.4886
2025-01-03 12:28:00,16,1484.2,59.73,3.257,12.63,WARNING,misalignment,0.4932
2025-01-03 12:29:00,16,1486.7,59.24,3.488,12.75,WARNING,misalignment,0.4977
2025-01-03 12:30:00,16,1484.2,58.69,3.311,12.95,WARNING,misalignment,0.5023
2025-01-03 12:31:00,16,1482.8,58.61,3.159,12.63,WARNING,misalignment,0.5068
2025-01-03 12:32:00,16,1482.4,58.77,3.088,12.73,WARNING,misalignment,0.5114
2025-01-03 12:33:00,16,1480.8,58.99,3.525,12.47,WARNING,misalignment,0.516
2025-01-03 12:34:00,16,1480.5,59.05,3.327,13.16,WARNING,misalignment,0.5205
2025-01-03 12:35:00,16,1477.2,58.29,3.557,12.56,WARNING,misalignment,0.5251
2025-01-03 12:36:00,16,1476.3,58.28,3.185,12.22,WARNING,misalignment,0.5297
2025-01-03 12:37:00,16,1479.6,58.76,3.512,12.86,WARNING,misalignment,0.5342
2025-01-03 12:38:00,16,1475.5,59.09,3.495,13.09,WARNING,misalignment,0.5388
2025-01-03 12:39:00,16,1482.1,60.08,3.24,13.04,WARNING,misalignment,0.5434
2025-01-03 12:40:00,16,1481.6,59.84,3.346,12.77,WARNING,misalignment,0.5479
2025-01-03 12:41:00,16,1478.2,60.36,3.527,12.92,WARNING,misalignment,0.5525
2025-01-03 12:42:00,16,1481.9,60.04,3.351,12.76,WARNING,misalignment,0.5571
2025-01-03 12:43:00,16,1479.1,60.48,3.718,13.41,WARNING,misalignment,0.5616
2025-01-03 12:44:00,16,1480.6,60.06,3.326,13.01,WARNING,misalignment,0.5662
2025-01-03 12:45:00,16,1488.2,59.68,3.313,13.08,WARNING,misalignment,0.5708
2025-01-03 12:46:00,16,1480.0,59.78,3.634,13.28,WARNING,misalignment,0.5753
2025-01-03 12:47:00,16,1483.8,60.41,3.478,13.12,WARNING,misalignment,0.5799
2025-01-03 12:48:00,16,1481.7,60.97,3.517,13.02,WARNING,misalignment,0.5845
2025-01-03 12:49:00,16,1474.5,60.74,3.482,13.27,WARNING,misalignment,0.589
2025-01-03 12:50:00,16,1472.7,60.68,3.812,12.88,WARNING,misalignment,0.5936
2025-01-03 12:51:00,16,1476.9,61.1,3.61,12.97,WARNING,misalignment,0.5982
2025-01-03 12:52:00,16,1480.6,62.18,3.806,13.07,WARNING,misalignment,0.6027
2025-01-03 12:53:00,16,1470.5,62.29,3.476,13.69,WARNING,misalignment,0.6073
2025-01-03 12:54:00,16,1481.7,62.31,3.774,13.42,WARNING,misalignment,0.6119
2025-01-03 12:55:00,16,1475.2,62.9,3.849,13.47,WARNING,misalignment,0.6164
2025-01-03 12:56:00,16,1488.8,63.59,3.803,13.03,WARNING,misalignment,0.621
2025-01-03 12:57:00,16,1474.9,63.09,3.826,13.3,WARNING,misalignment,0.6256
2025-01-03 12:58:00,16,1483.8,62.49,3.835,13.52,WARNING,misalignment,0.6301
2025-01-03 12:59:00,16,1479.1,62.34,3.714,13.36,WARNING,misalignment,0.6347
2025-01-03 13:00:00,16,1489.2,62.99,3.808,12.91,WARNING,misalignment,0.6393
2025-01-03 13:01:00,16,1482.2,62.38,3.848,13.35,WARNING,misalignment,0.6438
2025-01-03 13:02:00,16,1489.7,62.51,3.896,13.05,WARNING,misalignment,0.6484
2025-01-03 13:03:00,16,1486.0,61.98,3.933,13.28,WARNING,misalignment,0.653
2025-01-03 13:04:00,16,1475.4,61.2,4.152,13.5,WARNING,misalignment,0.6575
2025-01-03 13:05:00,16,1481.9,60.87,3.975,13.43,WARNING,misalignment,0.6621
2025-01-03 13:06:00,16,1474.7,61.36,4.135,13.62,WARNING,misalignment,0.6667
2025-01-03 13:07:00,16,1481.2,61.44,4.048,13.46,WARNING,misalignment,0.6712
2025-01-03 13:08:00,16,1485.8,61.52,4.23,13.28,WARNING,misalignment,0.6758
2025-01-03 13:09:00,16,1484.2,61.3,4.322,14.05,WARNING,misalignment,0.6804
2025-01-03 13:10:00,16,1486.4,61.92,4.076,13.87,WARNING,misalignment,0.6849
2025-01-03 13:11:00,16,1473.7,62.05,4.172,13.88,WARNING,misalignment,0.6895
2025-01-03 13:12:00,16,1478.8,62.29,3.878,13.8,WARNING,misalignment,0.6941
2025-01-03 13:13:00,16,1475.4,62.12,4.087,13.68,WARNING,misalignment,0.6986
2025-01-03 13:14:00,16,1480.0,62.27,3.895,13.99,FAULT,misalignment,0.7032
2025-01-03 13:15:00,16,1474.5,62.68,3.809,13.91,FAULT,misalignment,0.7078
2025-01-03 13:16:00,16,1481.1,62.85,4.336,13.87,FAULT,misalignment,0.7123
2025-01-03 13:17:00,16,1478.7,63.6,4.164,13.77,FAULT,misalignment,0.7169
2025-01-03 13:18:00,16,1479.5,63.74,4.478,13.76,FAULT,misalignment,0.7215
2025-01-03 13:19:00,16,1492.0,63.28,4.529,14.08,FAULT,misalignment,0.726
2025-01-03 13:20:00,16,1491.0,62.21,4.285,13.61,FAULT,misalignment,0.7306
2025-01-03 13:21:00,16,1481.6,61.81,4.153,13.77,FAULT,misalignment,0.7352
2025-01-03 13:22:00,16,1489.0,61.54,4.431,14.23,FAULT,misalignment,0.7397
2025-01-03 13:23:00,16,1487.7,61.52,4.085,13.71,FAULT,misalignment,0.7443
2025-01-03 13:24:00,16,1477.8,61.19,4.311,13.42,FAULT,misalignment,0.7489
2025-01-03 13:25:00,16,1477.8,61.69,4.434,13.94,FAULT,misalignment,0.7534
2025-01-03 13:26:00,16,1485.8,62.33,4.204,13.53,FAULT,misalignment,0.758
2025-01-03 13:27:00,16,1481.7,62.26,4.326,13.87,FAULT,misalignment,0.7626
2025-01-03 13:28:00,16,1476.1,62.21,4.566,13.63,FAULT,misalignment,0.7671
2025-01-03 13:29:00,16,1477.2,62.98,4.339,13.52,FAULT,misalignment,0.7717
2025-01-03 13:30:00,16,1481.2,62.78,4.691,13.74,FAULT,misalignment,0.7763
2025-01-03 13:31:00,16,1471.8,62.55,4.409,13.43,FAULT,misalignment,0.7808
2025-01-03 13:32:00,16,1484.9,62.35,4.743,14.14,FAULT,misalignment,0.7854
2025-01-03 13:33:00,16,1488.0,62.8,4.87,13.52,FAULT,misalignment,0.79
2025-01-03 13:34:00,16,1486.2,62.64,4.623,13.53,FAULT,misalignment,0.7945
2025-01-03 13:35:00,16,1468.2,62.28,4.669,13.38,FAULT,misalignment,0.7991
2025-01-03 13:36:00,16,1482.1,62.76,4.44,13.74,FAULT,misalignment,0.8037
2025-01-03 13:37:00,16,1478.0,63.3,4.696,13.23,FAULT,misalignment,0.8082
2025-01-03 13:38:00,16,1480.9,63.07,4.775,13.64,FAULT,misalignment,0.8128
2025-01-03 13:39:00,16,1472.4,62.93,4.917,13.68,FAULT,misalignment,0.8174
2025-01-03 13:40:00,16,1482.0,62.8,4.994,13.77,FAULT,misalignment,0.8219
2025-01-03 13:41:00,16,1472.6,63.71,4.581,13.4,FAULT,misalignment,0.8265
2025-01-03 13:42:00,16,1476.4,63.49,4.728,13.31,FAULT,misalignment,0.8311
2025-01-03 13:43:00,16,1479.9,63.5,4.636,13.72,FAULT,misalignment,0.8356
2025-01-03 13:44:00,16,1492.4,64.28,4.678,13.84,FAULT,misalignment,0.8402
2025-01-03 13:45:00,16,1477.9,63.79,4.837,13.2,FAULT,misalignment,0.8447
2025-01-03 13:46:00,16,1480.0,64.98,4.934,13.02,FAULT,misalignment,0.8493
2025-01-03 13:47:00,16,1478.7,64.72,4.968,13.25,FAULT,misalignment,0.8539
2025-01-03 13:48:00,16,1478.2,65.04,4.981,13.39,FAULT,misalignment,0.8584
2025-01-03 13:49:00,16,1481.1,65.02,5.131,13.38,FAULT,misalignment,0.863
2025-01-03 13:50:00,16,1478.8,64.82,5.21,13.46,FAULT,misalignment,0.8676
2025-01-03 13:51:00,16,1479.1,64.7,5.039,13.38,FAULT,misalignment,0.8721
2025-01-03 13:52:00,16,1477.2,65.53,5.22,13.57,FAULT,misalignment,0.8767
2025-01-03 13:53:00,16,1477.0,65.76,5.229,12.88,FAULT,misalignment,0.8813
2025-01-03 13:54:00,16,1472.7,65.24,4.958,13.43,FAULT,misalignment,0.8858
2025-01-03 13:55:00,16,1476.2,64.64,5.073,13.52,FAULT,misalignment,0.8904
2025-01-03 13:56:00,16,1479.7,65.03,5.118,13.54,FAULT,misalignment,0.895
2025-01-03 13:57:00,16,1470.8,65.06,5.403,13.18,FAULT,misalignment,0.8995
2025-01-03 13:58:00,16,1475.3,65.04,5.307,13.97,FAULT,misalignment,0.9041
2025-01-03 13:59:00,16,1477.7,65.69,5.222,12.96,FAULT,misalignment,0.9087
2025-01-03 14:00:00,16,1481.6,65.54,5.097,13.08,FAULT,misalignment,0.9132
2025-01-03 14:01:00,16,1484.7,65.36,5.104,13.61,FAULT,misalignment,0.9178
2025-01-03 14:02:00,16,1475.3,64.57,5.256,13.77,FAULT,misalignment,0.9224
2025-01-03 14:03:00,16,1476.3,64.21,5.548,13.39,FAULT,misalignment,0.9269
2025-01-03 14:04:00,16,1484.8,64.0,5.586,13.42,FAULT,misalignment,0.9315
2025-01-03 14:05:00,16,1477.7,64.8,5.476,13.02,FAULT,misalignment,0.9361
2025-01-03 14:06:00,16,1488.5,65.42,5.404,13.44,FAULT,misalignment,0.9406
2025-01-03 14:07:00,16,1489.8,65.21,5.772,12.93,FAULT,misalignment,0.9452
2025-01-03 14:08:00,16,1482.5,66.01,5.408,13.82,FAULT,misalignment,0.9498
2025-01-03 14:09:00,16,1475.9,65.79,5.498,13.2,FAULT,misalignment,0.9543
2025-01-03 14:10:00,16,1478.9,64.4,5.74,13.18,FAULT,misalignment,0.9589
2025-01-03 14:11:00,16,1472.0,64.64,5.384,13.25,FAULT,misalignment,0.9635
2025-01-03 14:12:00,16,1474.6,64.2,5.374,13.2,FAULT,misalignment,0.968
2025-01-03 14:13:00,16,1477.2,63.9,5.52,13.62,FAULT,misalignment,0.9726
2025-01-03 14:14:00,16,1478.2,64.08,5.557,13.66,FAULT,misalignment,0.9772
2025-01-03 14:15:00,16,1485.3,64.04,5.464,13.47,FAULT,misalignment,0.9817
2025-01-03 14:16:00,16,1473.9,63.88,5.705,13.94,FAULT,misalignment,0.9863
2025-01-03 14:17:00,16,1479.4,63.79,5.485,13.16,FAULT,misalignment,0.9909
2025-01-03 14:18:00,16,1477.8,63.3,5.692,13.49,FAULT,misalignment,0.9954
2025-01-03 14:19:00,16,1476.9,63.54,5.9,13.23,FAULT,misalignment,1.0
2025-01-03 14:20:00,17,1481.5,54.24,1.737,12.09,NORMAL,overspeed,0.0
2025-01-03 14:21:00,17,1484.5,54.92,1.83,12.04,NORMAL,overspeed,0.0046
2025-01-03 14:22:00,17,1478.5,55.87,1.752,12.39,NORMAL,overspeed,0.0091
2025-01-03 14:23:00,17,1476.8,55.73,1.794,12.34,NORMAL,overspeed,0.0137
2025-01-03 14:24:00,17,1483.4,55.86,1.867,11.96,NORMAL,overspeed,0.0183
2025-01-03 14:25:00,17,1480.6,55.45,1.709,11.88,NORMAL,overspeed,0.0228
2025-01-03 14:26:00,17,1485.5,55.65,1.885,12.34,NORMAL,overspeed,0.0274
2025-01-03 14:27:00,17,1483.1,55.85,1.833,12.28,NORMAL,overspeed,0.032
2025-01-03 14:28:00,17,1474.3,56.34,1.749,11.94,NORMAL,overspeed,0.0365
2025-01-03 14:29:00,17,1489.9,56.26,1.64,12.61,NORMAL,overspeed,0.0411
2025-01-03 14:30:00,17,1486.9,56.26,1.858,12.6,NORMAL,overspeed,0.0457
2025-01-03 14:31:00,17,1475.3,56.05,1.812,12.4,NORMAL,overspeed,0.0502
2025-01-03 14:32:00,17,1485.7,55.45,1.818,12.14,NORMAL,overspeed,0.0548
2025-01-03 14:33:00,17,1480.8,55.1,1.843,11.82,NORMAL,overspeed,0.0594
2025-01-03 14:34:00,17,1473.1,54.6,1.779,12.63,NORMAL,overspeed,0.0639
2025-01-03 14:35:00,17,1486.9,54.85,2.063,12.71,NORMAL,overspeed,0.0685
2025-01-03 14:36:00,17,1488.0,55.01,1.725,11.97,NORMAL,overspeed,0.0731
2025-01-03 14:37:00,17,1486.1,55.24,1.928,12.24,NORMAL,overspeed,0.0776
2025-01-03 14:38:00,17,1485.3,54.92,1.832,12.38,NORMAL,overspeed,0.0822
2025-01-03 14:39:00,17,1486.3,55.41,1.862,12.31,NORMAL,overspeed,0.0868
2025-01-03 14:40:00,17,1490.4,55.55,1.905,12.17,NORMAL,overspeed,0.0913
2025-01-03 14:41:00,17,1481.1,56.26,1.861,12.22,NORMAL,overspeed,0.0959
2025-01-03 14:42:00,17,1490.0,56.1,1.952,12.72,NORMAL,overspeed,0.1005
2025-01-03 14:43:00,17,1484.3,55.42,2.004,12.42,NORMAL,overspeed,0.105
2025-01-03 14:44:00,17,1491.9,55.65,1.877,12.85,NORMAL,overspeed,0.1096
2025-01-03 14:45:00,17,1487.2,55.43,1.995,12.1,NORMAL,overspeed,0.1142
2025-01-03 14:46:00,17,1483.3,55.26,1.693,12.71,NORMAL,overspeed,0.1187
2025-01-03 14:47:00,17,1492.8,55.17,1.91,12.65,NORMAL,overspeed,0.1233
2025-01-03 14:48:00,17,1484.9,55.3,1.89,12.73,NORMAL,overspeed,0.1279
2025-01-03 14:49:00,17,1485.6,55.16,1.788,12.55,NORMAL,overspeed,0.1324
2025-01-03 14:50:00,17,1489.3,55.47,1.872,12.39,NORMAL,overspeed,0.137
2025-01-03 14:51:00,17,1492.9,56.39,2.059,12.7,NORMAL,overspeed,0.1416
2025-01-03 14:52:00,17,1486.5,56.8,1.768,12.5,NORMAL,overspeed,0.1461
2025-01-03 14:53:00,17,1494.6,57.35,2.006,11.87,NORMAL,overspeed,0.1507
2025-01-03 14:54:00,17,1493.3,57.27,1.781,12.68,NORMAL,overspeed,0.1553
2025-01-03 14:55:00,17,1494.0,56.39,1.998,12.6,NORMAL,overspeed,0.1598
2025-01-03 14:56:00,17,1491.9,57.07,1.785,12.65,NORMAL,overspeed,0.1644
2025-01-03 14:57:00,17,1487.0,56.72,1.869,12.26,NORMAL,overspeed,0.1689
2025-01-03 14:58:00,17,1495.8,57.19,1.893,12.64,NORMAL,overspeed,0.1735
2025-01-03 14:59:00,17,1499.8,57.78,1.841,12.81,NORMAL,overspeed,0.1781
2025-01-03 15:00:00,17,1502.6,57.06,1.927,12.27,NORMAL,overspeed,0.1826
2025-01-03 15:01:00,17,1489.9,57.59,1.947,12.66,NORMAL,overspeed,0.1872
2025-01-03 15:02:00,17,1493.5,57.07,1.948,12.4,NORMAL,overspeed,0.1918
2025-01-03 15:03:00,17,1500.2,57.12,1.987,12.45,NORMAL,overspeed,0.1963
2025-01-03 15:04:00,17,1500.2,57.43,2.013,12.19,NORMAL,overspeed,0.2009
2025-01-03 15:05:00,17,1499.0,57.41,1.931,12.44,NORMAL,overspeed,0.2055
2025-01-03 15:06:00,17,1503.7,57.23,1.884,12.7,NORMAL,overspeed,0.21
2025-01-03 15:07:00,17,1496.4,56.19,1.933,12.1,NORMAL,overspeed,0.2146
2025-01-03 15:08:00,17,1502.9,55.7,2.154,11.93,NORMAL,overspeed,0.2192
2025-01-03 15:09:00,17,1503.9,55.71,1.987,12.52,NORMAL,overspeed,0.2237
2025-01-03 15:10:00,17,1497.8,55.19,1.977,11.7,NORMAL,overspeed,0.2283
2025-01-03 15:11:00,17,1506.1,55.53,2.105,12.63,NORMAL,overspeed,0.2329
2025-01-03 15:12:00,17,1490.7,56.41,1.953,12.58,NORMAL,overspeed,0.2374
2025-01-03 15:13:00,17,1509.4,56.32,1.994,11.9,NORMAL,overspeed,0.242
2025-01-03 15:14:00,17,1503.3,56.27,2.156,12.27,NORMAL,overspeed,0.2466
2025-01-03 15:15:00,17,1504.3,55.85,2.061,12.34,NORMAL,overspeed,0.2511
2025-01-03 15:16:00,17,1499.3,56.67,2.152,11.75,NORMAL,overspeed,0.2557
2025-01-03 15:17:00,17,1495.7,56.54,1.988,12.38,NORMAL,overspeed,0.2603
2025-01-03 15:18:00,17,1499.3,56.32,2.083,12.14,NORMAL,overspeed,0.2648
2025-01-03 15:19:00,17,1503.4,57.45,2.049,11.95,NORMAL,overspeed,0.2694
2025-01-03 15:20:00,17,1506.0,58.08,2.025,11.94,NORMAL,overspeed,0.274
2025-01-03 15:21:00,17,1499.7,57.01,2.096,11.99,NORMAL,overspeed,0.2785
2025-01-03 15:22:00,17,1504.5,56.94,2.099,11.81,NORMAL,overspeed,0.2831
2025-01-03 15:23:00,17,1518.0,56.32,2.093,11.64,NORMAL,overspeed,0.2877
2025-01-03 15:24:00,17,1508.6,56.37,2.053,12.02,NORMAL,overspeed,0.2922
2025-01-03 15:25:00,17,1519.4,56.82,2.091,11.67,NORMAL,overspeed,0.2968
2025-01-03 15:26:00,17,1517.7,56.94,2.118,11.87,NORMAL,overspeed,0.3014
2025-01-03 15:27:00,17,1511.1,57.17,1.921,12.05,NORMAL,overspeed,0.3059
2025-01-03 15:28:00,17,1520.1,57.04,2.046,11.95,NORMAL,overspeed,0.3105
2025-01-03 15:29:00,17,1514.0,56.9,2.129,11.88,NORMAL,overspeed,0.3151
2025-01-03 15:30:00,17,1518.0,56.59,2.235,11.66,NORMAL,overspeed,0.3196
2025-01-03 15:31:00,17,1513.0,56.42,2.081,11.43,NORMAL,overspeed,0.3242
2025-01-03 15:32:00,17,1518.2,56.47,2.125,11.81,NORMAL,overspeed,0.3288
2025-01-03 15:33:00,17,1523.6,56.25,2.108,11.5,NORMAL,overspeed,0.3333
2025-01-03 15:34:00,17,1526.7,56.69,2.048,11.94,NORMAL,overspeed,0.3379
2025-01-03 15:35:00,17,1506.3,56.35,2.198,11.91,NORMAL,overspeed,0.3425
2025-01-03 15:36:00,17,1515.6,56.04,2.114,11.66,NORMAL,overspeed,0.347
2025-01-03 15:37:00,17,1517.2,55.32,2.144,12.03,WARNING,overspeed,0.3516
2025-01-03 15:38:00,17,1511.6,55.12,2.293,11.67,WARNING,overspeed,0.3562
2025-01-03 15:39:00,17,1520.6,55.39,2.209,11.57,WARNING,overspeed,0.3607
2025-01-03 15:40:00,17,1517.1,55.95,2.17,11.14,WARNING,overspeed,0.3653
2025-01-03 15:41:00,17,1521.9,56.12,2.267,11.8,WARNING,overspeed,0.3699
2025-01-03 15:42:00,17,1523.5,55.4,2.248,11.44,WARNING,overspeed,0.3744
2025-01-03 15:43:00,17,1523.8,55.56,2.157,12.02,WARNING,overspeed,0.379
2025-01-03 15:44:00,17,1521.6,55.48,2.202,11.7,WARNING,overspeed,0.3836
2025-01-03 15:45:00,17,1527.3,54.37,2.242,11.31,WARNING,overspeed,0.3881
2025-01-03 15:46:00,17,1524.9,55.12,2.295,11.56,WARNING,overspeed,0.3927
2025-01-03 15:47:00,17,1527.3,55.67,2.378,11.94,WARNING,overspeed,0.3973
2025-01-03 15:48:00,17,1522.4,55.75,2.26,11.96,WARNING,overspeed,0.4018
2025-01-03 15:49:00,17,1532.0,55.29,2.136,12.13,WARNING,overspeed,0.4064
2025-01-03 15:50:00,17,1520.1,54.75,2.241,11.04,WARNING,overspeed,0.411
2025-01-03 15:51:00,17,1543.7,54.85,2.246,11.3,WARNING,overspeed,0.4155
2025-01-03 15:52:00,17,1527.2,55.06,2.372,11.44,WARNING,overspeed,0.4201
2025-01-03 15:53:00,17,1526.8,55.04,2.545,11.79,WARNING,overspeed,0.4247
2025-01-03 15:54:00,17,1532.0,54.7,2.253,11.48,WARNING,overspeed,0.4292
2025-01-03 15:55:00,17,1542.7,54.23,2.262,11.15,WARNING,overspeed,0.4338
2025-01-03 15:56:00,17,1539.8,55.01,2.298,11.66,WARNING,overspeed,0.4384
2025-01-03 15:57:00,17,1532.1,55.38,2.391,11.53,WARNING,overspeed,0.4429
2025-01-03 15:58:00,17,1534.9,55.78,2.316,11.92,WARNING,overspeed,0.4475
2025-01-03 15:59:00,17,1536.9,56.05,2.302,12.12,WARNING,overspeed,0.4521
2025-01-03 16:00:00,17,1536.7,56.05,2.292,11.99,WARNING,overspeed,0.4566
2025-01-03 16:01:00,17,1538.7,55.97,2.375,11.84,WARNING,overspeed,0.4612
2025-01-03 16:02:00,17,1546.4,56.63,2.495,11.9,WARNING,overspeed,0.4658
2025-01-03 16:03:00,17,1541.3,57.02,2.448,12.04,WARNING,overspeed,0.4703
2025-01-03 16:04:00,17,1546.8,56.58,2.451,12.3,WARNING,overspeed,0.4749
2025-01-03 16:05:00,17,1542.3,55.49,2.377,11.73,WARNING,overspeed,0.4795
2025-01-03 16:06:00,17,1550.9,54.86,2.305,11.89,WARNING,overspeed,0.484
2025-01-03 16:07:00,17,1548.0,55.14,2.337,11.58,WARNING,overspeed,0.4886
2025-01-03 16:08:00,17,1542.3,55.69,2.367,11.93,WARNING,overspeed,0.4932
2025-01-03 16:09:00,17,1542.6,56.04,2.334,11.92,WARNING,overspeed,0.4977
2025-01-03 16:10:00,17,1554.9,56.66,2.334,11.86,WARNING,overspeed,0.5023
2025-01-03 16:11:00,17,1558.4,56.8,2.351,11.78,WARNING,overspeed,0.5068
2025-01-03 16:12:00,17,1546.6,57.52,2.383,12.05,WARNING,overspeed,0.5114
2025-01-03 16:13:00,17,1543.9,57.54,2.617,11.87,WARNING,overspeed,0.516
2025-01-03 16:14:00,17,1559.3,57.75,2.509,11.97,WARNING,overspeed,0.5205
2025-01-03 16:15:00,17,1551.4,58.01,2.537,12.01,WARNING,overspeed,0.5251
2025-01-03 16:16:00,17,1546.3,57.79,2.392,11.74,WARNING,overspeed,0.5297
2025-01-03 16:17:00,17,1546.5,58.38,2.433,11.84,WARNING,overspeed,0.5342
2025-01-03 16:18:00,17,1550.2,59.0,2.382,12.21,WARNING,overspeed,0.5388
2025-01-03 16:19:00,17,1555.5,59.13,2.517,12.5,WARNING,overspeed,0.5434
2025-01-03 16:20:00,17,1559.2,58.13,2.471,12.32,WARNING,overspeed,0.5479
2025-01-03 16:21:00,17,1554.9,58.2,2.686,12.56,WARNING,overspeed,0.5525
2025-01-03 16:22:00,17,1549.4,57.96,2.425,12.09,WARNING,overspeed,0.5571
2025-01-03 16:23:00,17,1553.7,58.06,2.532,12.73,WARNING,overspeed,0.5616
2025-01-03 16:24:00,17,1562.0,57.34,2.462,11.9,WARNING,overspeed,0.5662
2025-01-03 16:25:00,17,1553.5,56.87,2.584,12.44,WARNING,overspeed,0.5708
2025-01-03 16:26:00,17,1563.7,57.35,2.738,12.86,WARNING,overspeed,0.5753
2025-01-03 16:27:00,17,1563.0,56.38,2.672,12.73,WARNING,overspeed,0.5799
2025-01-03 16:28:00,17,1572.3,56.39,2.548,12.28,WARNING,overspeed,0.5845
2025-01-03 16:29:00,17,1567.5,56.85,2.498,12.37,WARNING,overspeed,0.589
2025-01-03 16:30:00,17,1568.0,57.34,2.663,12.39,WARNING,overspeed,0.5936
2025-01-03 16:31:00,17,1573.2,57.89,2.737,12.6,WARNING,overspeed,0.5982
2025-01-03 16:32:00,17,1573.3,57.85,2.924,12.82,WARNING,overspeed,0.6027
2025-01-03 16:33:00,17,1565.4,58.13,2.624,12.46,WARNING,overspeed,0.6073
2025-01-03 16:34:00,17,1567.4,57.3,2.788,12.21,WARNING,overspeed,0.6119
2025-01-03 16:35:00,17,1571.3,57.11,2.582,12.27,WARNING,overspeed,0.6164
2025-01-03 16:36:00,17,1569.2,57.0,2.682,12.45,WARNING,overspeed,0.621
2025-01-03 16:37:00,17,1574.0,57.26,2.799,12.99,WARNING,overspeed,0.6256
2025-01-03 16:38:00,17,1576.2,57.61,2.681,12.76,WARNING,overspeed,0.6301
2025-01-03 16:39:00,17,1582.7,57.89,2.508,12.6,WARNING,overspeed,0.6347
2025-01-03 16:40:00,17,1577.0,58.37,2.619,12.35,WARNING,overspeed,0.6393
2025-01-03 16:41:00,17,1574.4,58.62,2.541,12.9,WARNING,overspeed,0.6438
2025-01-03 16:42:00,17,1578.6,59.21,2.641,12.67,WARNING,overspeed,0.6484
2025-01-03 16:43:00,17,1572.2,59.1,2.58,12.55,WARNING,overspeed,0.653
2025-01-03 16:44:00,17,1578.8,59.17,2.83,13.0,WARNING,overspeed,0.6575
2025-01-03 16:45:00,17,1585.2,58.45,2.799,12.74,WARNING,overspeed,0.6621
2025-01-03 16:46:00,17,1578.3,58.6,2.632,12.7,WARNING,overspeed,0.6667
2025-01-03 16:47:00,17,1577.2,58.09,2.798,12.53,WARNING,overspeed,0.6712
2025-01-03 16:48:00,17,1582.4,58.11,2.677,12.91,WARNING,overspeed,0.6758
2025-01-03 16:49:00,17,1590.7,59.15,2.761,12.66,WARNING,overspeed,0.6804
2025-01-03 16:50:00,17,1579.6,59.49,2.962,13.18,WARNING,overspeed,0.6849
2025-01-03 16:51:00,17,1587.1,59.04,2.989,12.69,WARNING,overspeed,0.6895
2025-01-03 16:52:00,17,1587.9,59.57,2.777,12.53,WARNING,overspeed,0.6941
2025-01-03 16:53:00,17,1587.1,59.49,2.848,12.41,WARNING,overspeed,0.6986
2025-01-03 16:54:00,17,1586.3,59.93,2.729,12.74,FAULT,overspeed,0.7032
2025-01-03 16:55:00,17,1595.3,59.61,2.929,12.73,FAULT,overspeed,0.7078
2025-01-03 16:56:00,17,1598.2,60.13,2.819,12.97,FAULT,overspeed,0.7123
2025-01-03 16:57:00,17,1591.1,59.22,2.814,12.62,FAULT,overspeed,0.7169
2025-01-03 16:58:00,17,1594.1,59.85,3.05,12.48,FAULT,overspeed,0.7215
2025-01-03 16:59:00,17,1595.4,59.65,3.153,12.57,FAULT,overspeed,0.726
2025-01-03 17:00:00,17,1594.1,59.79,2.846,13.06,FAULT,overspeed,0.7306
2025-01-03 17:01:00,17,1604.9,59.18,2.785,12.88,FAULT,overspeed,0.7352
2025-01-03 17:02:00,17,1594.2,59.18,2.972,12.76,FAULT,overspeed,0.7397
2025-01-03 17:03:00,17,1605.6,58.56,3.056,13.06,FAULT,overspeed,0.7443
2025-01-03 17:04:00,17,1610.6,57.79,3.183,12.59,FAULT,overspeed,0.7489
2025-01-03 17:05:00,17,1597.3,57.98,2.924,13.17,FAULT,overspeed,0.7534
2025-01-03 17:06:00,17,1602.3,58.57,2.909,12.32,FAULT,overspeed,0.758
2025-01-03 17:07:00,17,1606.1,59.04,3.242,12.79,FAULT,overspeed,0.7626
2025-01-03 17:08:00,17,1606.4,58.34,2.883,12.4,FAULT,overspeed,0.7671
2025-01-03 17:09:00,17,1613.4,58.5,2.975,12.84,FAULT,overspeed,0.7717
2025-01-03 17:10:00,17,1608.5,58.45,2.894,12.66,FAULT,overspeed,0.7763
2025-01-03 17:11:00,17,1615.6,59.34,2.958,12.72,FAULT,overspeed,0.7808
2025-01-03 17:12:00,17,1613.6,60.22,3.145,12.69,FAULT,overspeed,0.7854
2025-01-03 17:13:00,17,1615.3,59.63,3.146,12.51,FAULT,overspeed,0.79
2025-01-03 17:14:00,17,1608.5,59.89,3.225,12.25,FAULT,overspeed,0.7945
2025-01-03 17:15:00,17,1617.8,59.34,3.195,12.35,FAULT,overspeed,0.7991
2025-01-03 17:16:00,17,1618.8,60.23,3.062,12.15,FAULT,overspeed,0.8037
2025-01-03 17:17:00,17,1614.1,60.64,2.989,12.38,FAULT,overspeed,0.8082
2025-01-03 17:18:00,17,1608.4,60.49,3.259,12.19,FAULT,overspeed,0.8128
2025-01-03 17:19:00,17,1617.0,59.87,3.369,12.43,FAULT,overspeed,0.8174
2025-01-03 17:20:00,17,1620.1,59.92,3.152,12.42,FAULT,overspeed,0.8219
2025-01-03 17:21:00,17,1622.8,60.04,2.986,12.27,FAULT,overspeed,0.8265
2025-01-03 17:22:00,17,1620.6,59.73,3.245,12.34,FAULT,overspeed,0.8311
2025-01-03 17:23:00,17,1631.1,60.19,2.964,12.14,FAULT,overspeed,0.8356
2025-01-03 17:24:00,17,1635.5,60.19,3.464,12.3,FAULT,overspeed,0.8402
2025-01-03 17:25:00,17,1631.6,60.42,3.353,12.34,FAULT,overspeed,0.8447
2025-01-03 17:26:00,17,1631.0,59.98,3.273,12.01,FAULT,overspeed,0.8493
2025-01-03 17:27:00,17,1627.3,59.56,3.074,11.81,FAULT,overspeed,0.8539
2025-01-03 17:28:00,17,1629.8,59.51,3.245,12.34,FAULT,overspeed,0.8584
2025-01-03 17:29:00,17,1631.0,59.32,3.13,12.4,FAULT,overspeed,0.863
2025-01-03 17:30:00,17,1631.4,58.94,3.232,11.98,FAULT,overspeed,0.8676
2025-01-03 17:31:00,17,1631.9,59.08,3.23,12.31,FAULT,overspeed,0.8721
2025-01-03 17:32:00,17,1643.7,59.28,3.428,12.62,FAULT,overspeed,0.8767
2025-01-03 17:33:00,17,1639.9,58.84,3.228,12.32,FAULT,overspeed,0.8813
2025-01-03 17:34:00,17,1631.1,59.01,3.492,11.78,FAULT,overspeed,0.8858
2025-01-03 17:35:00,17,1635.2,59.2,3.454,12.4,FAULT,overspeed,0.8904
2025-01-03 17:36:00,17,1647.1,59.47,3.325,12.63,FAULT,overspeed,0.895
2025-01-03 17:37:00,17,1637.6,59.2,3.344,12.02,FAULT,overspeed,0.8995
2025-01-03 17:38:00,17,1635.1,57.83,3.396,11.7,FAULT,overspeed,0.9041
2025-01-03 17:39:00,17,1642.9,56.38,3.263,11.82,FAULT,overspeed,0.9087
2025-01-03 17:40:00,17,1641.6,56.89,3.349,11.86,FAULT,overspeed,0.9132
2025-01-03 17:41:00,17,1654.0,57.69,3.449,12.27,FAULT,overspeed,0.9178
2025-01-03 17:42:00,17,1643.2,57.6,3.451,12.25,FAULT,overspeed,0.9224
2025-01-03 17:43:00,17,1645.6,57.2,3.474,11.63,FAULT,overspeed,0.9269
2025-01-03 17:44:00,17,1647.5,57.92,3.476,12.05,FAULT,overspeed,0.9315
2025-01-03 17:45:00,17,1647.5,57.62,3.304,12.12,FAULT,overspeed,0.9361
2025-01-03 17:46:00,17,1650.3,58.54,3.202,12.06,FAULT,overspeed,0.9406
2025-01-03 17:47:00,17,1649.5,57.67,3.587,11.97,FAULT,overspeed,0.9452
2025-01-03 17:48:00,17,1651.4,58.02,3.342,11.91,FAULT,overspeed,0.9498
2025-01-03 17:49:00,17,1666.4,57.67,3.292,11.87,FAULT,overspeed,0.9543
2025-01-03 17:50:00,17,1652.1,56.92,3.503,11.99,FAULT,overspeed,0.9589
2025-01-03 17:51:00,17,1659.8,57.83,3.344,12.0,FAULT,overspeed,0.9635
2025-01-03 17:52:00,17,1663.3,58.0,3.538,11.87,FAULT,overspeed,0.968
2025-01-03 17:53:00,17,1665.1,58.23,3.588,11.98,FAULT,overspeed,0.9726
2025-01-03 17:54:00,17,1656.9,58.74,3.442,12.19,FAULT,overspeed,0.9772
2025-01-03 17:55:00,17,1665.3,58.65,3.747,12.15,FAULT,overspeed,0.9817
2025-01-03 17:56:00,17,1660.0,59.59,3.754,12.23,FAULT,overspeed,0.9863
2025-01-03 17:57:00,17,1678.2,58.07,3.404,11.72,FAULT,overspeed,0.9909
2025-01-03 17:58:00,17,1673.3,57.6,3.675,12.08,FAULT,overspeed,0.9954
2025-01-03 17:59:00,17,1669.6,57.96,3.625,12.27,FAULT,overspeed,1.0
2025-01-03 18:00:00,18,1483.3,55.32,1.79,12.3,NORMAL,misalignment,0.0
2025-01-03 18:01:00,18,1474.1,55.51,1.912,12.33,NORMAL,misalignment,0.0046
2025-01-03 18:02:00,18,1481.4,56.07,1.936,11.64,NORMAL,misalignment,0.0091
2025-01-03 18:03:00,18,1477.6,55.31,1.894,12.11,NORMAL,misalignment,0.0137
2025-01-03 18:04:00,18,1477.5,54.99,1.892,12.05,NORMAL,misalignment,0.0183
2025-01-03 18:05:00,18,1476.9,53.97,1.865,12.57,NORMAL,misalignment,0.0228
2025-01-03 18:06:00,18,1494.0,53.96,1.835,12.3,NORMAL,misalignment,0.0274
2025-01-03 18:07:00,18,1480.0,53.78,1.838,11.92,NORMAL,misalignment,0.032
2025-01-03 18:08:00,18,1485.9,53.85,1.702,12.32,NORMAL,misalignment,0.0365
2025-01-03 18:09:00,18,1475.2,53.54,1.993,12.0,NORMAL,misalignment,0.0411
2025-01-03 18:10:00,18,1479.1,53.93,1.777,12.26,NORMAL,misalignment,0.0457
2025-01-03 18:11:00,18,1481.2,54.51,1.835,12.11,NORMAL,misalignment,0.0502
2025-01-03 18:12:00,18,1479.4,54.63,1.811,12.68,NORMAL,misalignment,0.0548
2025-01-03 18:13:00,18,1485.5,55.15,1.958,12.65,NORMAL,misalignment,0.0594
2025-01-03 18:14:00,18,1480.0,54.17,1.859,12.29,NORMAL,misalignment,0.0639
2025-01-03 18:15:00,18,1483.6,54.37,1.892,12.58,NORMAL,misalignment,0.0685
2025-01-03 18:16:00,18,1483.3,53.37,1.766,12.1,NORMAL,misalignment,0.0731
2025-01-03 18:17:00,18,1479.3,53.94,1.823,12.19,NORMAL,misalignment,0.0776
2025-01-03 18:18:00,18,1477.9,54.24,1.776,13.07,NORMAL,misalignment,0.0822
2025-01-03 18:19:00,18,1474.6,54.44,1.847,12.41,NORMAL,misalignment,0.0868
2025-01-03 18:20:00,18,1486.5,54.49,1.904,12.93,NORMAL,misalignment,0.0913
2025-01-03 18:21:00,18,1482.1,55.41,2.004,12.79,NORMAL,misalignment,0.0959
2025-01-03 18:22:00,18,1478.6,55.44,1.927,11.88,NORMAL,misalignment,0.1005
2025-01-03 18:23:00,18,1485.5,56.42,2.012,12.49,NORMAL,misalignment,0.105
2025-01-03 18:24:00,18,1478.1,55.85,1.885,12.41,NORMAL,misalignment,0.1096
2025-01-03 18:25:00,18,1483.1,55.73,1.979,12.69,NORMAL,misalignment,0.1142
2025-01-03 18:26:00,18,1479.7,55.89,1.779,12.65,NORMAL,misalignment,0.1187
2025-01-03 18:27:00,18,1474.5,56.86,1.964,12.5,NORMAL,misalignment,0.1233
2025-01-03 18:28:00,18,1474.7,56.53,2.011,12.3,NORMAL,misalignment,0.1279
2025-01-03 18:29:00,18,1481.4,56.7,1.975,12.57,NORMAL,misalignment,0.1324
2025-01-03 18:30:00,18,1477.5,56.64,2.079,12.51,NORMAL,misalignment,0.137
2025-01-03 18:31:00,18,1481.8,56.8,2.033,12.75,NORMAL,misalignment,0.1416
2025-01-03 18:32:00,18,1482.3,56.07,1.995,12.32,NORMAL,misalignment,0.1461
2025-01-03 18:33:00,18,1471.6,56.76,2.187,12.04,NORMAL,misalignment,0.1507
2025-01-03 18:34:00,18,1475.9,56.64,2.148,12.04,NORMAL,misalignment,0.1553
2025-01-03 18:35:00,18,1487.3,55.68,2.118,12.51,NORMAL,misalignment,0.1598
2025-01-03 18:36:00,18,1473.4,55.8,2.189,12.5,NORMAL,misalignment,0.1644
2025-01-03 18:37:00,18,1481.4,55.74,1.963,12.69,NORMAL,misalignment,0.1689
2025-01-03 18:38:00,18,1481.5,55.68,2.038,12.19,NORMAL,misalignment,0.1735
2025-01-03 18:39:00,18,1483.2,56.3,2.136,12.59,NORMAL,misalignment,0.1781
2025-01-03 18:40:00,18,1479.0,56.85,2.117,12.45,NORMAL,misalignment,0.1826
2025-01-03 18:41:00,18,1481.5,57.4,2.074,12.19,NORMAL,misalignment,0.1872
2025-01-03 18:42:00,18,1476.3,57.71,2.142,13.14,NORMAL,misalignment,0.1918
2025-01-03 18:43:00,18,1488.1,57.59,2.099,12.81,NORMAL,misalignment,0.1963
2025-01-03 18:44:00,18,1481.8,57.48,2.344,12.47,NORMAL,misalignment,0.2009
2025-01-03 18:45:00,18,1475.5,57.89,2.254,12.39,NORMAL,misalignment,0.2055
2025-01-03 18:46:00,18,1471.8,58.1,2.235,12.35,NORMAL,misalignment,0.21
2025-01-03 18:47:00,18,1479.9,57.48,2.148,12.4,NORMAL,misalignment,0.2146
2025-01-03 18:48:00,18,1484.2,57.55,2.114,12.42,NORMAL,misalignment,0.2192
2025-01-03 18:49:00,18,1488.1,57.58,2.222,12.41,NORMAL,misalignment,0.2237
2025-01-03 18:50:00,18,1469.6,57.11,2.125,12.36,NORMAL,misalignment,0.2283
2025-01-03 18:51:00,18,1472.0,57.13,2.33,12.51,NORMAL,misalignment,0.2329
2025-01-03 18:52:00,18,1476.5,56.95,2.27,12.56,NORMAL,misalignment,0.2374
2025-01-03 18:53:00,18,1482.2,57.5,2.201,12.43,NORMAL,misalignment,0.242
2025-01-03 18:54:00,18,1486.2,57.41,2.415,12.46,NORMAL,misalignment,0.2466
2025-01-03 18:55:00,18,1477.8,57.23,2.132,12.04,NORMAL,misalignment,0.2511
2025-01-03 18:56:00,18,1479.5,56.82,2.452,12.69,NORMAL,misalignment,0.2557
2025-01-03 18:57:00,18,1484.1,57.21,2.285,12.51,NORMAL,misalignment,0.2603
2025-01-03 18:58:00,18,1486.2,56.2,2.298,12.58,NORMAL,misalignment,0.2648
2025-01-03 18:59:00,18,1486.5,55.26,2.357,12.3,NORMAL,misalignment,0.2694
2025-01-03 19:00:00,18,1478.1,55.84,2.505,12.18,NORMAL,misalignment,0.274
2025-01-03 19:01:00,18,1480.2,55.5,2.492,12.32,NORMAL,misalignment,0.2785
2025-01-03 19:02:00,18,1480.3,55.62,2.56,12.38,NORMAL,misalignment,0.2831
2025-01-03 19:03:00,18,1491.3,55.94,2.531,12.44,NORMAL,misalignment,0.2877
2025-01-03 19:04:00,18,1483.7,56.25,2.507,11.67,NORMAL,misalignment,0.2922
2025-01-03 19:05:00,18,1479.2,55.54,2.397,12.15,NORMAL,misalignment,0.2968
2025-01-03 19:06:00,18,1471.0,54.5,2.586,12.3,NORMAL,misalignment,0.3014
2025-01-03 19:07:00,18,1477.1,55.45,2.565,12.1,NORMAL,misalignment,0.3059
2025-01-03 19:08:00,18,1485.2,55.41,2.355,12.11,NORMAL,misalignment,0.3105
2025-01-03 19:09:00,18,1473.1,55.28,2.36,11.93,NORMAL,misalignment,0.3151
2025-01-03 19:10:00,18,1481.4,55.86,2.629,12.25,NORMAL,misalignment,0.3196
2025-01-03 19:11:00,18,1478.7,55.76,2.6,12.07,NORMAL,misalignment,0.3242
2025-01-03 19:12:00,18,1489.5,56.09,2.315,11.63,NORMAL,misalignment,0.3288
2025-01-03 19:13:00,18,1478.7,55.72,2.422,11.82,NORMAL,misalignment,0.3333
2025-01-03 19:14:00,18,1484.5,55.07,2.711,12.48,NORMAL,misalignment,0.3379
2025-01-03 19:15:00,18,1473.2,55.52,2.452,12.38,NORMAL,misalignment,0.3425
2025-01-03 19:16:00,18,1480.4,55.14,2.642,12.04,NORMAL,misalignment,0.347
2025-01-03 19:17:00,18,1482.6,55.66,2.614,11.74,WARNING,misalignment,0.3516
2025-01-03 19:18:00,18,1477.9,56.27,2.674,12.01,WARNING,misalignment,0.3562
2025-01-03 19:19:00,18,1481.1,56.52,2.573,12.11,WARNING,misalignment,0.3607
2025-01-03 19:20:00,18,1482.6,56.89,2.793,11.87,WARNING,misalignment,0.3653
2025-01-03 19:21:00,18,1471.4,57.6,2.687,11.95,WARNING,misalignment,0.3699
2025-01-03 19:22:00,18,1479.2,57.31,2.782,11.58,WARNING,misalignment,0.3744
2025-01-03 19:23:00,18,1475.8,57.28,3.001,11.85,WARNING,misalignment,0.379
2025-01-03 19:24:00,18,1480.6,57.43,2.578,11.89,WARNING,misalignment,0.3836
2025-01-03 19:25:00,18,1480.4,57.87,2.516,11.88,WARNING,misalignment,0.3881
2025-01-03 19:26:00,18,1482.9,58.38,2.918,11.78,WARNING,misalignment,0.3927
2025-01-03 19:27:00,18,1479.8,57.15,2.977,12.03,WARNING,misalignment,0.3973
2025-01-03 19:28:00,18,1484.2,56.41,2.77,11.94,WARNING,misalignment,0.4018
2025-01-03 19:29:00,18,1488.1,56.3,2.778,12.43,WARNING,misalignment,0.4064
2025-01-03 19:30:00,18,1475.4,56.4,3.001,12.03,WARNING,misalignment,0.411
2025-01-03 19:31:00,18,1473.6,55.87,2.82,12.16,WARNING,misalignment,0.4155
2025-01-03 19:32:00,18,1477.3,56.82,2.842,12.08,WARNING,misalignment,0.4201
2025-01-03 19:33:00,18,1478.5,56.68,2.829,12.77,WARNING,misalignment,0.4247
2025-01-03 19:34:00,18,1479.0,56.83,2.884,12.02,WARNING,misalignment,0.4292
2025-01-03 19:35:00,18,1484.6,57.45,2.989,12.38,WARNING,misalignment,0.4338
2025-01-03 19:36:00,18,1481.0,56.91,3.004,12.4,WARNING,misalignment,0.4384
2025-01-03 19:37:00,18,1492.5,56.41,2.92,12.05,WARNING,misalignment,0.4429
2025-01-03 19:38:00,18,1474.1,56.32,3.11,12.73,WARNING,misalignment,0.4475
2025-01-03 19:39:00,18,1481.7,57.64,3.041,12.43,WARNING,misalignment,0.4521
2025-01-03 19:40:00,18,1487.6,57.98,3.006,12.33,WARNING,misalignment,0.4566
2025-01-03 19:41:00,18,1479.9,58.55,2.924,12.02,WARNING,misalignment,0.4612
2025-01-03 19:42:00,18,1486.3,59.07,3.047,12.31,WARNING,misalignment,0.4658
2025-01-03 19:43:00,18,1471.5,59.07,3.037,12.78,WARNING,misalignment,0.4703
2025-01-03 19:44:00,18,1474.4,57.66,3.123,12.55,WARNING,misalignment,0.4749
2025-01-03 19:45:00,18,1480.9,57.79,3.083,11.91,WARNING,misalignment,0.4795
2025-01-03 19:46:00,18,1479.3,57.37,3.144,12.27,WARNING,misalignment,0.484
2025-01-03 19:47:00,18,1472.7,57.65,3.082,12.6,WARNING,misalignment,0.4886
2025-01-03 19:48:00,18,1479.7,58.16,3.059,12.32,WARNING,misalignment,0.4932
2025-01-03 19:49:00,18,1482.5,57.9,3.146,11.79,WARNING,misalignment,0.4977
2025-01-03 19:50:00,18,1477.6,58.44,3.113,12.37,WARNING,misalignment,0.5023
2025-01-03 19:51:00,18,1479.8,58.35,3.365,12.13,WARNING,misalignment,0.5068
2025-01-03 19:52:00,18,1470.3,59.09,3.21,12.27,WARNING,misalignment,0.5114
2025-01-03 19:53:00,18,1482.0,58.58,3.409,12.46,WARNING,misalignment,0.516
2025-01-03 19:54:00,18,1474.7,58.88,3.335,13.06,WARNING,misalignment,0.5205
2025-01-03 19:55:00,18,1478.1,59.96,3.298,12.63,WARNING,misalignment,0.5251
2025-01-03 19:56:00,18,1486.2,60.03,3.375,12.7,WARNING,misalignment,0.5297
2025-01-03 19:57:00,18,1482.5,60.47,3.31,12.49,WARNING,misalignment,0.5342
2025-01-03 19:58:00,18,1480.1,60.61,3.503,13.15,WARNING,misalignment,0.5388
2025-01-03 19:59:00,18,1481.8,59.94,3.812,12.83,WARNING,misalignment,0.5434
2025-01-03 20:00:00,18,1478.6,59.55,3.622,12.49,WARNING,misalignment,0.5479
2025-01-03 20:01:00,18,1485.5,60.15,3.408,12.82,WARNING,misalignment,0.5525
2025-01-03 20:02:00,18,1476.4,60.43,3.272,12.53,WARNING,misalignment,0.5571
2025-01-03 20:03:00,18,1481.3,60.26,3.393,12.63,WARNING,misalignment,0.5616
2025-01-03 20:04:00,18,1485.6,59.67,3.395,12.79,WARNING,misalignment,0.5662
2025-01-03 20:05:00,18,1478.2,59.89,3.569,13.52,WARNING,misalignment,0.5708
2025-01-03 20:06:00,18,1479.7,59.7,3.66,13.2,WARNING,misalignment,0.5753
2025-01-03 20:07:00,18,1491.5,60.12,3.563,13.11,WARNING,misalignment,0.5799
2025-01-03 20:08:00,18,1481.7,60.61,3.791,12.94,WARNING,misalignment,0.5845
2025-01-03 20:09:00,18,1480.8,60.48,3.74,13.07,WARNING,misalignment,0.589
2025-01-03 20:10:00,18,1483.7,61.23,3.678,12.95,WARNING,misalignment,0.5936
2025-01-03 20:11:00,18,1483.7,61.39,3.64,13.07,WARNING,misalignment,0.5982
2025-01-03 20:12:00,18,1483.3,61.69,3.455,13.31,WARNING,misalignment,0.6027
2025-01-03 20:13:00,18,1468.2,61.92,3.72,13.42,WARNING,misalignment,0.6073
2025-01-03 20:14:00,18,1484.0,60.94,3.669,13.02,WARNING,misalignment,0.6119
2025-01-03 20:15:00,18,1485.5,60.66,3.833,13.6,WARNING,misalignment,0.6164
2025-01-03 20:16:00,18,1484.0,60.87,3.549,13.12,WARNING,misalignment,0.621
2025-01-03 20:17:00,18,1483.3,60.56,4.013,13.3,WARNING,misalignment,0.6256
2025-01-03 20:18:00,18,1475.4,61.13,3.705,13.94,WARNING,misalignment,0.6301
2025-01-03 20:19:00,18,1485.6,61.6,3.789,13.41,WARNING,misalignment,0.6347
2025-01-03 20:20:00,18,1477.5,61.44,3.803,13.27,WARNING,misalignment,0.6393
2025-01-03 20:21:00,18,1480.2,61.68,3.75,13.53,WARNING,misalignment,0.6438
2025-01-03 20:22:00,18,1479.1,61.5,3.77,13.51,WARNING,misalignment,0.6484
2025-01-03 20:23:00,18,1480.2,62.7,4.068,13.19,WARNING,misalignment,0.653
2025-01-03 20:24:00,18,1479.6,63.22,3.992,13.33,WARNING,misalignment,0.6575
2025-01-03 20:25:00,18,1479.4,62.97,3.898,13.4,WARNING,misalignment,0.6621
2025-01-03 20:26:00,18,1482.1,62.55,4.002,13.55,WARNING,misalignment,0.6667
2025-01-03 20:27:00,18,1476.2,62.89,3.932,13.69,WARNING,misalignment,0.6712
2025-01-03 20:28:00,18,1484.0,62.77,4.022,13.68,WARNING,misalignment,0.6758
2025-01-03 20:29:00,18,1471.3,62.24,4.013,13.51,WARNING,misalignment,0.6804
2025-01-03 20:30:00,18,1477.2,61.97,4.087,13.33,WARNING,misalignment,0.6849
2025-01-03 20:31:00,18,1487.7,61.52,3.852,13.58,WARNING,misalignment,0.6895
2025-01-03 20:32:00,18,1476.2,62.02,4.083,13.39,WARNING,misalignment,0.6941
2025-01-03 20:33:00,18,1486.8,61.48,4.262,13.9,WARNING,misalignment,0.6986
2025-01-03 20:34:00,18,1478.8,62.59,4.229,13.87,FAULT,misalignment,0.7032
2025-01-03 20:35:00,18,1485.3,62.72,4.317,14.31,FAULT,misalignment,0.7078
2025-01-03 20:36:00,18,1478.6,62.82,4.232,13.43,FAULT,misalignment,0.7123
2025-01-03 20:37:00,18,1471.4,63.35,4.147,13.63,FAULT,misalignment,0.7169
2025-01-03 20:38:00,18,1485.6,63.41,4.103,14.18,FAULT,misalignment,0.7215
2025-01-03 20:39:00,18,1481.2,63.92,4.025,13.51,FAULT,misalignment,0.726
2025-01-03 20:40:00,18,1480.8,63.11,4.315,13.72,FAULT,misalignment,0.7306
2025-01-03 20:41:00,18,1479.5,63.09,4.541,13.93,FAULT,misalignment,0.7352
2025-01-03 20:42:00,18,1487.8,64.07,4.148,13.42,FAULT,misalignment,0.7397
2025-01-03 20:43:00,18,1482.9,63.58,4.323,13.64,FAULT,misalignment,0.7443
2025-01-03 20:44:00,18,1481.4,62.99,4.423,13.66,FAULT,misalignment,0.7489
2025-01-03 20:45:00,18,1481.3,63.71,4.332,13.4,FAULT,misalignment,0.7534
2025-01-03 20:46:00,18,1490.8,63.56,4.749,13.8,FAULT,misalignment,0.758
2025-01-03 20:47:00,18,1479.6,64.23,4.528,13.53,FAULT,misalignment,0.7626
2025-01-03 20:48:00,18,1469.8,63.72,4.44,13.83,FAULT,misalignment,0.7671
2025-01-03 20:49:00,18,1478.8,63.07,4.607,14.0,FAULT,misalignment,0.7717
2025-01-03 20:50:00,18,1473.2,62.43,4.382,13.22,FAULT,misalignment,0.7763
2025-01-03 20:51:00,18,1475.1,62.64,4.761,13.52,FAULT,misalignment,0.7808
2025-01-03 20:52:00,18,1475.2,62.36,4.688,14.06,FAULT,misalignment,0.7854
2025-01-03 20:53:00,18,1488.6,62.77,4.668,13.58,FAULT,misalignment,0.79
2025-01-03 20:54:00,18,1482.0,63.2,4.939,13.69,FAULT,misalignment,0.7945
2025-01-03 20:55:00,18,1477.9,63.35,4.796,13.31,FAULT,misalignment,0.7991
2025-01-03 20:56:00,18,1494.4,63.56,4.265,13.6,FAULT,misalignment,0.8037
2025-01-03 20:57:00,18,1478.9,63.48,4.672,13.55,FAULT,misalignment,0.8082
2025-01-03 20:58:00,18,1481.1,63.42,4.649,14.02,FAULT,misalignment,0.8128
2025-01-03 20:59:00,18,1482.8,63.86,4.643,13.74,FAULT,misalignment,0.8174
2025-01-03 21:00:00,18,1482.1,64.72,4.607,13.3,FAULT,misalignment,0.8219
2025-01-03 21:01:00,18,1476.2,65.11,4.915,13.24,FAULT,misalignment,0.8265
2025-01-03 21:02:00,18,1476.6,64.66,4.666,13.29,FAULT,misalignment,0.8311
2025-01-03 21:03:00,18,1482.0,64.55,4.867,13.18,FAULT,misalignment,0.8356
2025-01-03 21:04:00,18,1474.3,64.46,4.991,13.65,FAULT,misalignment,0.8402
2025-01-03 21:05:00,18,1481.4,63.93,5.209,13.39,FAULT,misalignment,0.8447
2025-01-03 21:06:00,18,1482.9,63.65,4.734,13.36,FAULT,misalignment,0.8493
2025-01-03 21:07:00,18,1476.5,64.27,4.912,13.63,FAULT,misalignment,0.8539
2025-01-03 21:08:00,18,1484.6,63.07,5.041,13.33,FAULT,misalignment,0.8584
2025-01-03 21:09:00,18,1481.8,63.15,4.605,12.9,FAULT,misalignment,0.863
2025-01-03 21:10:00,18,1481.3,63.54,4.953,13.76,FAULT,misalignment,0.8676
2025-01-03 21:11:00,18,1478.8,63.9,5.304,13.76,FAULT,misalignment,0.8721
2025-01-03 21:12:00,18,1476.1,63.93,4.985,13.0,FAULT,misalignment,0.8767
2025-01-03 21:13:00,18,1474.7,62.99,5.05,13.42,FAULT,misalignment,0.8813
2025-01-03 21:14:00,18,1473.7,62.94,5.044,13.33,FAULT,misalignment,0.8858
2025-01-03 21:15:00,18,1478.6,62.89,5.033,12.98,FAULT,misalignment,0.8904
2025-01-03 21:16:00,18,1478.9,63.33,5.13,13.36,FAULT,misalignment,0.895
2025-01-03 21:17:00,18,1483.4,64.14,5.097,12.94,FAULT,misalignment,0.8995
2025-01-03 21:18:00,18,1481.9,64.73,5.064,13.4,FAULT,misalignment,0.9041
2025-01-03 21:19:00,18,1488.6,64.1,5.311,13.59,FAULT,misalignment,0.9087
2025-01-03 21:20:00,18,1479.8,64.98,5.229,13.42,FAULT,misalignment,0.9132
2025-01-03 21:21:00,18,1481.2,65.75,5.143,13.02,FAULT,misalignment,0.9178
2025-01-03 21:22:00,18,1482.6,65.73,5.427,13.25,FAULT,misalignment,0.9224
2025-01-03 21:23:00,18,1475.1,65.41,5.442,13.04,FAULT,misalignment,0.9269
2025-01-03 21:24:00,18,1476.8,64.87,4.784,13.25,FAULT,misalignment,0.9315
2025-01-03 21:25:00,18,1478.9,65.03,5.423,13.79,FAULT,misalignment,0.9361
2025-01-03 21:26:00,18,1481.7,65.25,5.543,13.57,FAULT,misalignment,0.9406
2025-01-03 21:27:00,18,1481.4,66.26,5.611,12.76,FAULT,misalignment,0.9452
2025-01-03 21:28:00,18,1487.9,66.69,5.544,13.02,FAULT,misalignment,0.9498
2025-01-03 21:29:00,18,1476.5,67.58,5.632,13.06,FAULT,misalignment,0.9543
2025-01-03 21:30:00,18,1472.8,67.21,5.569,12.87,FAULT,misalignment,0.9589
2025-01-03 21:31:00,18,1477.9,67.5,5.803,13.31,FAULT,misalignment,0.9635
2025-01-03 21:32:00,18,1474.9,67.44,5.555,13.36,FAULT,misalignment,0.968
2025-01-03 21:33:00,18,1481.8,67.48,5.778,13.51,FAULT,misalignment,0.9726
2025-01-03 21:34:00,18,1475.5,66.36,5.74,13.86,FAULT,misalignment,0.9772
2025-01-03 21:35:00,18,1482.4,66.63,5.824,13.85,FAULT,misalignment,0.9817
2025-01-03 21:36:00,18,1480.5,66.31,5.803,13.32,FAULT,misalignment,0.9863
2025-01-03 21:37:00,18,1473.3,65.79,6.04,13.64,FAULT,misalignment,0.9909
2025-01-03 21:38:00,18,1481.4,65.36,6.004,13.8,FAULT,misalignment,0.9954
2025-01-03 21:39:00,18,1464.3,65.78,5.879,13.35,FAULT,misalignment,1.0
2025-01-03 21:40:00,19,1484.8,55.62,1.889,12.44,NORMAL,imbalance,0.0
2025-01-03 21:41:00,19,1488.7,55.51,1.912,12.39,NORMAL,imbalance,0.0046
2025-01-03 21:42:00,19,1473.6,56.06,2.003,12.07,NORMAL,imbalance,0.0091
2025-01-03 21:43:00,19,1477.2,55.72,1.885,11.46,NORMAL,imbalance,0.0137
2025-01-03 21:44:00,19,1479.5,55.1,1.85,12.37,NORMAL,imbalance,0.0183
2025-01-03 21:45:00,19,1483.3,55.48,1.916,12.71,NORMAL,imbalance,0.0228
2025-01-03 21:46:00,19,1477.7,55.83,1.72,12.61,NORMAL,imbalance,0.0274
2025-01-03 21:47:00,19,1479.9,56.08,1.698,11.94,NORMAL,imbalance,0.032
2025-01-03 21:48:00,19,1481.8,55.2,1.677,12.36,NORMAL,imbalance,0.0365
2025-01-03 21:49:00,19,1486.8,55.74,1.859,12.1,NORMAL,imbalance,0.0411
2025-01-03 21:50:00,19,1481.8,55.78,1.957,12.26,NORMAL,imbalance,0.0457
2025-01-03 21:51:00,19,1478.6,55.5,1.878,12.69,NORMAL,imbalance,0.0502
2025-01-03 21:52:00,19,1483.2,55.62,1.792,11.77,NORMAL,imbalance,0.0548
2025-01-03 21:53:00,19,1481.9,55.78,1.863,11.93,NORMAL,imbalance,0.0594
2025-01-03 21:54:00,19,1481.3,55.65,1.808,11.99,NORMAL,imbalance,0.0639
2025-01-03 21:55:00,19,1483.3,55.74,1.924,12.12,NORMAL,imbalance,0.0685
2025-01-03 21:56:00,19,1484.4,56.42,1.801,12.38,NORMAL,imbalance,0.0731
2025-01-03 21:57:00,19,1473.6,56.23,2.004,12.78,NORMAL,imbalance,0.0776
2025-01-03 21:58:00,19,1478.3,55.0,2.004,12.35,NORMAL,imbalance,0.0822
2025-01-03 21:59:00,19,1479.5,54.7,1.967,12.6,NORMAL,imbalance,0.0868
2025-01-03 22:00:00,19,1478.7,54.13,2.02,12.41,NORMAL,imbalance,0.0913
2025-01-03 22:01:00,19,1486.2,53.71,1.93,12.71,NORMAL,imbalance,0.0959
2025-01-03 22:02:00,19,1479.4,53.47,2.002,12.43,NORMAL,imbalance,0.1005
2025-01-03 22:03:00,19,1468.1,54.44,2.1,12.52,NORMAL,imbalance,0.105
2025-01-03 22:04:00,19,1484.6,54.93,2.032,12.39,NORMAL,imbalance,0.1096
2025-01-03 22:05:00,19,1487.2,54.36,2.0,12.95,NORMAL,imbalance,0.1142
2025-01-03 22:06:00,19,1472.0,55.65,2.09,12.28,NORMAL,imbalance,0.1187
2025-01-03 22:07:00,19,1486.7,55.27,2.154,12.71,NORMAL,imbalance,0.1233
2025-01-03 22:08:00,19,1471.7,56.2,2.158,12.12,NORMAL,imbalance,0.1279
2025-01-03 22:09:00,19,1483.3,56.43,2.034,12.6,NORMAL,imbalance,0.1324
2025-01-03 22:10:00,19,1479.0,56.47,2.178,12.84,NORMAL,imbalance,0.137
2025-01-03 22:11:00,19,1477.0,56.65,2.181,11.99,NORMAL,imbalance,0.1416
2025-01-03 22:12:00,19,1483.7,56.57,2.006,12.74,NORMAL,imbalance,0.1461
2025-01-03 22:13:00,19,1477.3,56.95,2.178,12.22,NORMAL,imbalance,0.1507
2025-01-03 22:14:00,19,1470.1,56.57,2.131,12.5,NORMAL,imbalance,0.1553
2025-01-03 22:15:00,19,1481.9,56.8,2.112,12.75,NORMAL,imbalance,0.1598
2025-01-03 22:16:00,19,1482.3,56.56,2.16,12.36,NORMAL,imbalance,0.1644
2025-01-03 22:17:00,19,1481.2,56.55,2.132,12.75,NORMAL,imbalance,0.1689
2025-01-03 22:18:00,19,1481.9,56.21,2.034,12.7,NORMAL,imbalance,0.1735
2025-01-03 22:19:00,19,1474.8,56.7,2.326,12.62,NORMAL,imbalance,0.1781
2025-01-03 22:20:00,19,1482.3,57.01,2.182,12.37,NORMAL,imbalance,0.1826
2025-01-03 22:21:00,19,1485.7,56.78,2.199,12.94,NORMAL,imbalance,0.1872
2025-01-03 22:22:00,19,1473.0,56.48,2.061,11.99,NORMAL,imbalance,0.1918
2025-01-03 22:23:00,19,1478.8,56.85,2.299,12.39,NORMAL,imbalance,0.1963
2025-01-03 22:24:00,19,1480.2,57.45,2.252,12.24,NORMAL,imbalance,0.2009
2025-01-03 22:25:00,19,1472.3,57.64,2.294,12.32,NORMAL,imbalance,0.2055
2025-01-03 22:26:00,19,1479.9,58.1,2.282,12.28,NORMAL,imbalance,0.21
2025-01-03 22:27:00,19,1480.0,57.8,2.484,12.4,NORMAL,imbalance,0.2146
2025-01-03 22:28:00,19,1479.3,57.6,2.367,12.17,NORMAL,imbalance,0.2192
2025-01-03 22:29:00,19,1480.0,57.56,2.36,12.38,NORMAL,imbalance,0.2237
2025-01-03 22:30:00,19,1480.5,58.62,2.497,12.38,NORMAL,imbalance,0.2283
2025-01-03 22:31:00,19,1480.2,58.91,2.455,12.07,NORMAL,imbalance,0.2329
2025-01-03 22:32:00,19,1476.5,58.68,2.423,12.16,NORMAL,imbalance,0.2374
2025-01-03 22:33:00,19,1478.8,59.02,2.318,12.14,NORMAL,imbalance,0.242
2025-01-03 22:34:00,19,1482.3,58.09,2.285,12.46,NORMAL,imbalance,0.2466
2025-01-03 22:35:00,19,1483.7,58.67,2.484,12.32,NORMAL,imbalance,0.2511
2025-01-03 22:36:00,19,1475.9,57.91,2.507,12.45,NORMAL,imbalance,0.2557
2025-01-03 22:37:00,19,1476.3,56.87,2.435,12.2,NORMAL,imbalance,0.2603
2025-01-03 22:38:00,19,1482.8,56.94,2.34,12.41,NORMAL,imbalance,0.2648
2025-01-03 22:39:00,19,1489.6,56.34,2.567,11.99,NORMAL,imbalance,0.2694
2025-01-03 22:40:00,19,1481.2,55.76,2.514,12.34,NORMAL,imbalance,0.274
2025-01-03 22:41:00,19,1490.1,56.63,2.665,11.97,NORMAL,imbalance,0.2785
2025-01-03 22:42:00,19,1476.1,57.38,2.574,11.68,NORMAL,imbalance,0.2831
2025-01-03 22:43:00,19,1471.8,57.75,2.423,11.81,NORMAL,imbalance,0.2877
2025-01-03 22:44:00,19,1484.8,57.34,2.603,12.2,NORMAL,imbalance,0.2922
2025-01-03 22:45:00,19,1482.1,56.66,2.781,11.86,NORMAL,imbalance,0.2968
2025-01-03 22:46:00,19,1482.4,56.97,2.705,11.93,NORMAL,imbalance,0.3014
2025-01-03 22:47:00,19,1479.0,56.87,2.66,11.97,NORMAL,imbalance,0.3059
2025-01-03 22:48:00,19,1488.1,56.9,2.704,11.78,NORMAL,imbalance,0.3105
2025-01-03 22:49:00,19,1485.0,55.9,2.767,12.01,NORMAL,imbalance,0.3151
2025-01-03 22:50:00,19,1467.5,55.79,2.84,11.92,NORMAL,imbalance,0.3196
2025-01-03 22:51:00,19,1483.5,56.18,2.931,12.15,NORMAL,imbalance,0.3242
2025-01-03 22:52:00,19,1475.6,56.34,2.661,11.18,NORMAL,imbalance,0.3288
2025-01-03 22:53:00,19,1485.5,56.08,2.892,11.92,NORMAL,imbalance,0.3333
2025-01-03 22:54:00,19,1477.2,55.45,2.692,11.7,NORMAL,imbalance,0.3379
2025-01-03 22:55:00,19,1488.8,54.43,2.659,11.67,NORMAL,imbalance,0.3425
2025-01-03 22:56:00,19,1481.5,54.06,2.822,11.62,NORMAL,imbalance,0.347
2025-01-03 22:57:00,19,1480.0,55.19,2.782,11.66,WARNING,imbalance,0.3516
2025-01-03 22:58:00,19,1480.9,54.78,2.922,11.56,WARNING,imbalance,0.3562
2025-01-03 22:59:00,19,1479.9,55.0,3.165,11.59,WARNING,imbalance,0.3607
2025-01-03 23:00:00,19,1475.9,56.19,2.592,11.45,WARNING,imbalance,0.3653
2025-01-03 23:01:00,19,1483.0,54.83,3.111,11.55,WARNING,imbalance,0.3699
2025-01-03 23:02:00,19,1474.5,54.85,2.991,11.69,WARNING,imbalance,0.3744
2025-01-03 23:03:00,19,1477.3,55.03,3.075,11.5,WARNING,imbalance,0.379
2025-01-03 23:04:00,19,1481.0,54.81,2.945,11.39,WARNING,imbalance,0.3836
2025-01-03 23:05:00,19,1489.4,54.45,3.138,11.86,WARNING,imbalance,0.3881
2025-01-03 23:06:00,19,1472.8,54.6,3.159,11.83,WARNING,imbalance,0.3927
2025-01-03 23:07:00,19,1478.1,55.26,2.88,11.82,WARNING,imbalance,0.3973
2025-01-03 23:08:00,19,1476.6,54.9,2.983,11.91,WARNING,imbalance,0.4018
2025-01-03 23:09:00,19,1488.9,54.94,3.082,11.5,WARNING,imbalance,0.4064
2025-01-03 23:10:00,19,1478.1,55.5,3.252,11.82,WARNING,imbalance,0.411
2025-01-03 23:11:00,19,1480.9,55.22,3.084,11.6,WARNING,imbalance,0.4155
2025-01-03 23:12:00,19,1487.3,54.74,3.283,11.58,WARNING,imbalance,0.4201
2025-01-03 23:13:00,19,1487.7,55.57,3.2,11.58,WARNING,imbalance,0.4247
2025-01-03 23:14:00,19,1477.5,54.85,3.167,11.56,WARNING,imbalance,0.4292
2025-01-03 23:15:00,19,1481.6,54.55,3.135,11.48,WARNING,imbalance,0.4338
2025-01-03 23:16:00,19,1477.1,54.57,3.148,11.69,WARNING,imbalance,0.4384
2025-01-03 23:17:00,19,1480.2,54.97,3.566,11.6,WARNING,imbalance,0.4429
2025-01-03 23:18:00,19,1483.6,55.03,3.289,11.72,WARNING,imbalance,0.4475
2025-01-03 23:19:00,19,1481.0,55.08,3.246,11.54,WARNING,imbalance,0.4521
2025-01-03 23:20:00,19,1470.1,55.21,3.532,12.22,WARNING,imbalance,0.4566
2025-01-03 23:21:00,19,1483.3,55.7,3.503,11.36,WARNING,imbalance,0.4612
2025-01-03 23:22:00,19,1477.9,56.12,3.682,11.66,WARNING,imbalance,0.4658
2025-01-03 23:23:00,19,1479.1,56.61,3.695,11.6,WARNING,imbalance,0.4703
2025-01-03 23:24:00,19,1483.1,56.12,3.488,11.8,WARNING,imbalance,0.4749
2025-01-03 23:25:00,19,1467.1,56.63,3.599,11.64,WARNING,imbalance,0.4795
2025-01-03 23:26:00,19,1481.8,55.25,3.64,11.98,WARNING,imbalance,0.484
2025-01-03 23:27:00,19,1483.1,55.62,3.462,12.09,WARNING,imbalance,0.4886
2025-01-03 23:28:00,19,1483.0,55.43,3.496,11.59,WARNING,imbalance,0.4932
2025-01-03 23:29:00,19,1471.0,54.78,3.477,11.48,WARNING,imbalance,0.4977
2025-01-03 23:30:00,19,1480.6,54.7,3.651,11.86,WARNING,imbalance,0.5023
2025-01-03 23:31:00,19,1475.3,54.86,3.562,11.68,WARNING,imbalance,0.5068
2025-01-03 23:32:00,19,1472.4,55.23,3.723,11.77,WARNING,imbalance,0.5114
2025-01-03 23:33:00,19,1484.4,54.33,3.698,12.14,WARNING,imbalance,0.516
2025-01-03 23:34:00,19,1477.5,55.53,3.828,12.09,WARNING,imbalance,0.5205
2025-01-03 23:35:00,19,1488.5,55.16,3.744,11.93,WARNING,imbalance,0.5251
2025-01-03 23:36:00,19,1477.6,54.88,3.671,11.87,WARNING,imbalance,0.5297
2025-01-03 23:37:00,19,1482.0,54.95,3.988,12.28,WARNING,imbalance,0.5342
2025-01-03 23:38:00,19,1485.1,55.13,3.826,12.06,WARNING,imbalance,0.5388
2025-01-03 23:39:00,19,1479.0,54.98,3.894,12.13,WARNING,imbalance,0.5434
2025-01-03 23:40:00,19,1476.1,55.07,3.871,12.23,WARNING,imbalance,0.5479
2025-01-03 23:41:00,19,1474.3,54.32,4.031,12.41,WARNING,imbalance,0.5525
2025-01-03 23:42:00,19,1486.7,55.26,3.849,12.22,WARNING,imbalance,0.5571
2025-01-03 23:43:00,19,1488.3,54.81,4.048,12.26,WARNING,imbalance,0.5616
2025-01-03 23:44:00,19,1469.9,54.72,4.057,12.56,WARNING,imbalance,0.5662
2025-01-03 23:45:00,19,1478.7,55.6,3.875,12.11,WARNING,imbalance,0.5708
2025-01-03 23:46:00,19,1481.1,55.1,3.949,12.94,WARNING,imbalance,0.5753
2025-01-03 23:47:00,19,1482.7,55.48,3.855,12.27,WARNING,imbalance,0.5799
2025-01-03 23:48:00,19,1484.2,55.6,3.996,12.24,WARNING,imbalance,0.5845
2025-01-03 23:49:00,19,1474.6,56.07,4.154,12.42,WARNING,imbalance,0.589
2025-01-03 23:50:00,19,1479.7,56.77,4.058,12.67,WARNING,imbalance,0.5936
2025-01-03 23:51:00,19,1487.1,56.66,4.169,12.74,WARNING,imbalance,0.5982
2025-01-03 23:52:00,19,1479.0,56.63,4.319,12.63,WARNING,imbalance,0.6027
2025-01-03 23:53:00,19,1474.8,57.63,4.136,12.27,WARNING,imbalance,0.6073
2025-01-03 23:54:00,19,1483.8,57.23,4.077,12.2,WARNING,imbalance,0.6119
2025-01-03 23:55:00,19,1477.2,56.81,4.195,12.76,WARNING,imbalance,0.6164
2025-01-03 23:56:00,19,1491.4,57.79,4.102,12.15,WARNING,imbalance,0.621
2025-01-03 23:57:00,19,1486.6,57.99,4.246,12.62,WARNING,imbalance,0.6256
2025-01-03 23:58:00,19,1480.7,57.54,4.1,11.92,WARNING,imbalance,0.6301
2025-01-03 23:59:00,19,1489.1,57.11,4.617,12.49,WARNING,imbalance,0.6347
2025-01-04 00:00:00,19,1481.4,55.97,4.424,12.72,WARNING,imbalance,0.6393
2025-01-04 00:01:00,19,1495.8,55.91,4.561,12.53,WARNING,imbalance,0.6438
2025-01-04 00:02:00,19,1484.9,56.45,4.489,12.62,WARNING,imbalance,0.6484
2025-01-04 00:03:00,19,1479.4,56.86,4.502,12.79,WARNING,imbalance,0.653
2025-01-04 00:04:00,19,1481.5,56.64,4.689,12.22,WARNING,imbalance,0.6575
2025-01-04 00:05:00,19,1480.1,57.51,4.376,12.53,WARNING,imbalance,0.6621
2025-01-04 00:06:00,19,1479.3,57.64,4.226,12.53,WARNING,imbalance,0.6667
2025-01-04 00:07:00,19,1480.2,57.65,4.64,12.76,WARNING,imbalance,0.6712
2025-01-04 00:08:00,19,1474.0,57.59,4.506,12.49,WARNING,imbalance,0.6758
2025-01-04 00:09:00,19,1483.5,57.5,4.672,12.85,WARNING,imbalance,0.6804
2025-01-04 00:10:00,19,1487.5,57.92,4.745,12.68,WARNING,imbalance,0.6849
2025-01-04 00:11:00,19,1476.6,58.35,4.313,12.5,WARNING,imbalance,0.6895
2025-01-04 00:12:00,19,1480.4,57.37,4.668,12.44,WARNING,imbalance,0.6941
2025-01-04 00:13:00,19,1487.1,57.18,4.685,12.54,WARNING,imbalance,0.6986
2025-01-04 00:14:00,19,1486.3,57.94,4.897,12.4,FAULT,imbalance,0.7032
2025-01-04 00:15:00,19,1479.3,57.61,4.674,12.57,FAULT,imbalance,0.7078
2025-01-04 00:16:00,19,1473.4,58.03,4.938,12.58,FAULT,imbalance,0.7123
2025-01-04 00:17:00,19,1481.4,57.65,4.929,12.12,FAULT,imbalance,0.7169
2025-01-04 00:18:00,19,1482.8,57.06,4.645,12.72,FAULT,imbalance,0.7215
2025-01-04 00:19:00,19,1480.1,56.33,5.171,12.81,FAULT,imbalance,0.726
2025-01-04 00:20:00,19,1484.2,56.87,5.239,13.3,FAULT,imbalance,0.7306
2025-01-04 00:21:00,19,1473.2,57.0,5.028,12.99,FAULT,imbalance,0.7352
2025-01-04 00:22:00,19,1485.2,55.96,4.834,12.67,FAULT,imbalance,0.7397
2025-01-04 00:23:00,19,1475.2,55.67,5.01,12.47,FAULT,imbalance,0.7443
2025-01-04 00:24:00,19,1477.5,56.1,5.099,12.53,FAULT,imbalance,0.7489
2025-01-04 00:25:00,19,1483.7,55.94,5.009,12.88,FAULT,imbalance,0.7534
2025-01-04 00:26:00,19,1489.6,56.15,5.299,12.43,FAULT,imbalance,0.758
2025-01-04 00:27:00,19,1481.0,55.8,5.237,12.78,FAULT,imbalance,0.7626
2025-01-04 00:28:00,19,1482.2,56.9,4.777,12.44,FAULT,imbalance,0.7671
2025-01-04 00:29:00,19,1472.9,57.8,4.899,12.52,FAULT,imbalance,0.7717
2025-01-04 00:30:00,19,1481.6,57.91,4.872,12.02,FAULT,imbalance,0.7763
2025-01-04 00:31:00,19,1474.1,57.71,5.275,12.47,FAULT,imbalance,0.7808
2025-01-04 00:32:00,19,1489.1,58.24,5.389,12.71,FAULT,imbalance,0.7854
2025-01-04 00:33:00,19,1479.2,58.57,5.274,12.31,FAULT,imbalance,0.79
2025-01-04 00:34:00,19,1476.7,58.61,5.662,12.17,FAULT,imbalance,0.7945
2025-01-04 00:35:00,19,1478.9,58.32,5.287,12.88,FAULT,imbalance,0.7991
2025-01-04 00:36:00,19,1478.5,58.23,5.277,12.33,FAULT,imbalance,0.8037
2025-01-04 00:37:00,19,1474.4,58.72,5.353,12.45,FAULT,imbalance,0.8082
2025-01-04 00:38:00,19,1480.1,58.37,5.475,12.18,FAULT,imbalance,0.8128
2025-01-04 00:39:00,19,1475.4,58.77,5.198,12.07,FAULT,imbalance,0.8174
2025-01-04 00:40:00,19,1477.9,59.27,5.459,12.13,FAULT,imbalance,0.8219
2025-01-04 00:41:00,19,1475.4,59.11,5.61,12.18,FAULT,imbalance,0.8265
2025-01-04 00:42:00,19,1481.2,58.92,5.599,12.38,FAULT,imbalance,0.8311
2025-01-04 00:43:00,19,1488.7,59.09,5.628,11.73,FAULT,imbalance,0.8356
2025-01-04 00:44:00,19,1482.0,57.85,5.657,12.07,FAULT,imbalance,0.8402
2025-01-04 00:45:00,19,1470.3,58.33,6.006,11.96,FAULT,imbalance,0.8447
2025-01-04 00:46:00,19,1472.0,58.2,5.507,12.26,FAULT,imbalance,0.8493
2025-01-04 00:47:00,19,1482.7,57.8,5.742,12.01,FAULT,imbalance,0.8539
2025-01-04 00:48:00,19,1474.0,57.28,6.056,12.44,FAULT,imbalance,0.8584
2025-01-04 00:49:00,19,1474.5,57.26,5.739,12.11,FAULT,imbalance,0.863
2025-01-04 00:50:00,19,1482.5,58.54,5.831,11.97,FAULT,imbalance,0.8676
2025-01-04 00:51:00,19,1477.4,58.67,6.204,12.34,FAULT,imbalance,0.8721
2025-01-04 00:52:00,19,1470.4,58.53,5.911,11.84,FAULT,imbalance,0.8767
2025-01-04 00:53:00,19,1474.7,58.99,6.091,12.19,FAULT,imbalance,0.8813
2025-01-04 00:54:00,19,1478.1,59.67,5.752,12.02,FAULT,imbalance,0.8858
2025-01-04 00:55:00,19,1480.3,59.12,6.094,11.85,FAULT,imbalance,0.8904
2025-01-04 00:56:00,19,1483.3,59.15,6.011,12.0,FAULT,imbalance,0.895
2025-01-04 00:57:00,19,1481.7,58.47,6.182,11.67,FAULT,imbalance,0.8995
2025-01-04 00:58:00,19,1479.8,58.46,6.094,11.74,FAULT,imbalance,0.9041
2025-01-04 00:59:00,19,1484.5,57.68,6.38,12.21,FAULT,imbalance,0.9087
2025-01-04 01:00:00,19,1474.2,57.55,6.103,11.87,FAULT,imbalance,0.9132
2025-01-04 01:01:00,19,1477.2,56.9,6.132,11.96,FAULT,imbalance,0.9178
2025-01-04 01:02:00,19,1491.7,56.72,6.234,12.09,FAULT,imbalance,0.9224
2025-01-04 01:03:00,19,1482.9,56.76,6.284,12.03,FAULT,imbalance,0.9269
2025-01-04 01:04:00,19,1487.8,56.95,5.975,12.05,FAULT,imbalance,0.9315
2025-01-04 01:05:00,19,1474.9,56.02,6.75,12.27,FAULT,imbalance,0.9361
2025-01-04 01:06:00,19,1480.9,57.03,6.514,11.91,FAULT,imbalance,0.9406
2025-01-04 01:07:00,19,1486.5,57.6,6.452,12.37,FAULT,imbalance,0.9452
2025-01-04 01:08:00,19,1478.2,57.22,6.307,12.11,FAULT,imbalance,0.9498
2025-01-04 01:09:00,19,1478.0,57.2,6.409,11.89,FAULT,imbalance,0.9543
2025-01-04 01:10:00,19,1473.4,58.29,6.752,11.7,FAULT,imbalance,0.9589
2025-01-04 01:11:00,19,1481.5,58.87,6.81,11.96,FAULT,imbalance,0.9635
2025-01-04 01:12:00,19,1482.9,59.95,6.615,12.08,FAULT,imbalance,0.968
2025-01-04 01:13:00,19,1478.7,59.89,6.774,11.81,FAULT,imbalance,0.9726
2025-01-04 01:14:00,19,1480.2,60.09,6.144,11.77,FAULT,imbalance,0.9772
2025-01-04 01:15:00,19,1476.2,59.67,6.872,11.87,FAULT,imbalance,0.9817
2025-01-04 01:16:00,19,1484.5,59.92,6.852,11.94,FAULT,imbalance,0.9863
2025-01-04 01:17:00,19,1481.0,58.73,6.357,11.75,FAULT,imbalance,0.9909
2025-01-04 01:18:00,19,1483.3,58.87,6.971,12.09,FAULT,imbalance,0.9954
2025-01-04 01:19:00,19,1484.8,58.05,6.437,11.85,FAULT,imbalance,1.0
2025-01-04 01:20:00,20,1478.2,55.33,1.929,12.27,NORMAL,misalignment,0.0
2025-01-04 01:21:00,20,1479.1,55.84,1.722,12.07,NORMAL,misalignment,0.0046
2025-01-04 01:22:00,20,1482.0,54.77,1.676,12.08,NORMAL,misalignment,0.0091
2025-01-04 01:23:00,20,1484.0,55.24,1.751,11.77,NORMAL,misalignment,0.0137
2025-01-04 01:24:00,20,1482.8,55.56,1.829,12.65,NORMAL,misalignment,0.0183
2025-01-04 01:25:00,20,1476.8,56.15,1.856,12.06,NORMAL,misalignment,0.0228
2025-01-04 01:26:00,20,1481.4,56.06,1.849,11.8,NORMAL,misalignment,0.0274
2025-01-04 01:27:00,20,1479.7,56.18,1.74,12.13,NORMAL,misalignment,0.032
2025-01-04 01:28:00,20,1480.0,55.84,1.714,12.14,NORMAL,misalignment,0.0365
2025-01-04 01:29:00,20,1481.0,55.57,1.84,12.13,NORMAL,misalignment,0.0411
2025-01-04 01:30:00,20,1480.3,56.29,1.917,12.33,NORMAL,misalignment,0.0457
2025-01-04 01:31:00,20,1485.7,56.98,1.967,12.63,NORMAL,misalignment,0.0502
2025-01-04 01:32:00,20,1474.2,57.49,1.904,12.61,NORMAL,misalignment,0.0548
2025-01-04 01:33:00,20,1476.1,58.16,1.912,12.35,NORMAL,misalignment,0.0594
2025-01-04 01:34:00,20,1473.1,57.89,1.802,11.9,NORMAL,misalignment,0.0639
2025-01-04 01:35:00,20,1491.3,57.87,1.868,12.4,NORMAL,misalignment,0.0685
2025-01-04 01:36:00,20,1479.4,57.16,1.909,12.49,NORMAL,misalignment,0.0731
2025-01-04 01:37:00,20,1479.5,57.64,1.948,12.65,NORMAL,misalignment,0.0776
2025-01-04 01:38:00,20,1481.7,57.11,1.924,12.62,NORMAL,misalignment,0.0822
2025-01-04 01:39:00,20,1476.8,57.17,1.892,12.13,NORMAL,misalignment,0.0868
2025-01-04 01:40:00,20,1485.2,56.71,1.851,12.58,NORMAL,misalignment,0.0913
2025-01-04 01:41:00,20,1474.9,56.0,2.091,12.24,NORMAL,misalignment,0.0959
2025-01-04 01:42:00,20,1481.1,57.04,1.95,12.67,NORMAL,misalignment,0.1005
2025-01-04 01:43:00,20,1476.1,57.4,1.888,12.92,NORMAL,misalignment,0.105
2025-01-04 01:44:00,20,1484.0,57.65,1.895,12.81,NORMAL,misalignment,0.1096
2025-01-04 01:45:00,20,1480.9,58.29,1.905,12.57,NORMAL,misalignment,0.1142
2025-01-04 01:46:00,20,1474.5,57.81,1.896,12.39,NORMAL,misalignment,0.1187
2025-01-04 01:47:00,20,1479.9,57.64,2.055,12.68,NORMAL,misalignment,0.1233
2025-01-04 01:48:00,20,1481.4,58.01,2.036,12.15,NORMAL,misalignment,0.1279
2025-01-04 01:49:00,20,1475.9,57.76,1.955,12.66,NORMAL,misalignment,0.1324
2025-01-04 01:50:00,20,1482.4,58.35,2.015,12.51,NORMAL,misalignment,0.137
2025-01-04 01:51:00,20,1483.5,57.74,2.039,12.76,NORMAL,misalignment,0.1416
2025-01-04 01:52:00,20,1490.9,57.44,1.929,12.62,NORMAL,misalignment,0.1461
2025-01-04 01:53:00,20,1478.4,57.92,1.994,12.4,NORMAL,misalignment,0.1507
2025-01-04 01:54:00,20,1474.0,57.55,2.131,12.75,NORMAL,misalignment,0.1553
2025-01-04 01:55:00,20,1482.7,56.88,2.042,12.32,NORMAL,misalignment,0.1598
2025-01-04 01:56:00,20,1483.3,56.66,2.12,12.65,NORMAL,misalignment,0.1644
2025-01-04 01:57:00,20,1479.0,56.71,2.049,12.15,NORMAL,misalignment,0.1689
2025-01-04 01:58:00,20,1482.6,56.22,2.095,13.03,NORMAL,misalignment,0.1735
2025-01-04 01:59:00,20,1476.7,55.36,2.112,12.64,NORMAL,misalignment,0.1781
2025-01-04 02:00:00,20,1483.0,55.52,2.134,12.04,NORMAL,misalignment,0.1826
2025-01-04 02:01:00,20,1476.0,55.92,2.083,12.23,NORMAL,misalignment,0.1872
2025-01-04 02:02:00,20,1488.8,56.2,2.16,12.02,NORMAL,misalignment,0.1918
2025-01-04 02:03:00,20,1479.0,56.73,2.048,12.64,NORMAL,misalignment,0.1963
2025-01-04 02:04:00,20,1476.7,56.41,2.011,12.03,NORMAL,misalignment,0.2009
2025-01-04 02:05:00,20,1479.2,56.76,2.126,12.35,NORMAL,misalignment,0.2055
2025-01-04 02:06:00,20,1482.3,56.44,2.203,12.72,NORMAL,misalignment,0.21
2025-01-04 02:07:00,20,1474.5,55.47,2.15,12.35,NORMAL,misalignment,0.2146
2025-01-04 02:08:00,20,1477.3,55.93,2.312,12.69,NORMAL,misalignment,0.2192
2025-01-04 02:09:00,20,1480.7,55.58,2.358,12.21,NORMAL,misalignment,0.2237
2025-01-04 02:10:00,20,1485.6,56.04,2.239,12.29,NORMAL,misalignment,0.2283
2025-01-04 02:11:00,20,1477.8,56.32,2.171,12.23,NORMAL,misalignment,0.2329
2025-01-04 02:12:00,20,1481.0,56.24,2.405,12.35,NORMAL,misalignment,0.2374
2025-01-04 02:13:00,20,1487.2,55.54,2.369,12.45,NORMAL,misalignment,0.242
2025-01-04 02:14:00,20,1475.9,55.47,2.19,12.4,NORMAL,misalignment,0.2466
2025-01-04 02:15:00,20,1488.0,55.79,2.154,12.09,NORMAL,misalignment,0.2511
2025-01-04 02:16:00,20,1482.6,55.8,2.07,11.92,NORMAL,misalignment,0.2557
2025-01-04 02:17:00,20,1486.8,55.86,2.512,12.24,NORMAL,misalignment,0.2603
2025-01-04 02:18:00,20,1475.8,56.62,2.406,12.7,NORMAL,misalignment,0.2648
2025-01-04 02:19:00,20,1479.9,57.33,2.278,12.31,NORMAL,misalignment,0.2694
2025-01-04 02:20:00,20,1478.0,57.1,2.197,12.2,NORMAL,misalignment,0.274
2025-01-04 02:21:00,20,1470.9,57.97,2.411,12.4,NORMAL,misalignment,0.2785
2025-01-04 02:22:00,20,1473.3,58.04,2.474,12.49,NORMAL,misalignment,0.2831
2025-01-04 02:23:00,20,1475.0,57.88,2.312,12.26,NORMAL,misalignment,0.2877
2025-01-04 02:24:00,20,1477.2,56.75,2.56,12.12,NORMAL,misalignment,0.2922
2025-01-04 02:25:00,20,1478.9,56.91,2.495,12.28,NORMAL,misalignment,0.2968
2025-01-04 02:26:00,20,1487.5,57.65,2.35,12.08,NORMAL,misalignment,0.3014
2025-01-04 02:27:00,20,1470.2,58.11,2.471,12.47,NORMAL,misalignment,0.3059
2025-01-04 02:28:00,20,1483.3,58.58,2.561,11.89,NORMAL,misalignment,0.3105
2025-01-04 02:29:00,20,1474.0,58.05,2.392,12.23,NORMAL,misalignment,0.3151
2025-01-04 02:30:00,20,1481.0,58.06,2.567,12.57,NORMAL,misalignment,0.3196
2025-01-04 02:31:00,20,1476.9,58.31,2.607,11.9,NORMAL,misalignment,0.3242
2025-01-04 02:32:00,20,1480.3,56.94,2.595,11.65,NORMAL,misalignment,0.3288
2025-01-04 02:33:00,20,1472.5,57.27,2.75,11.8,NORMAL,misalignment,0.3333
2025-01-04 02:34:00,20,1476.8,58.0,2.561,12.06,NORMAL,misalignment,0.3379
2025-01-04 02:35:00,20,1482.9,57.49,2.642,12.39,NORMAL,misalignment,0.3425
2025-01-04 02:36:00,20,1485.3,57.3,2.712,12.27,NORMAL,misalignment,0.347
2025-01-04 02:37:00,20,1477.8,56.76,2.543,11.84,WARNING,misalignment,0.3516
2025-01-04 02:38:00,20,1481.8,57.0,2.626,12.14,WARNING,misalignment,0.3562
2025-01-04 02:39:00,20,1474.7,56.58,2.551,11.97,WARNING,misalignment,0.3607
2025-01-04 02:40:00,20,1475.6,57.62,2.864,11.64,WARNING,misalignment,0.3653
2025-01-04 02:41:00,20,1481.4,57.81,2.805,12.24,WARNING,misalignment,0.3699
2025-01-04 02:42:00,20,1488.3,57.24,2.6,11.98,WARNING,misalignment,0.3744
2025-01-04 02:43:00,20,1471.5,57.1,2.662,12.49,WARNING,misalignment,0.379
2025-01-04 02:44:00,20,1489.9,58.02,2.977,12.77,WARNING,misalignment,0.3836
2025-01-04 02:45:00,20,1491.8,58.0,2.803,12.08,WARNING,misalignment,0.3881
2025-01-04 02:46:00,20,1480.0,57.61,2.801,12.21,WARNING,misalignment,0.3927
2025-01-04 02:47:00,20,1473.1,57.23,2.842,11.85,WARNING,misalignment,0.3973
2025-01-04 02:48:00,20,1479.3,57.12,2.778,12.31,WARNING,misalignment,0.4018
2025-01-04 02:49:00,20,1485.8,57.2,2.859,12.02,WARNING,misalignment,0.4064
2025-01-04 02:50:00,20,1473.5,57.69,2.892,12.26,WARNING,misalignment,0.411
2025-01-04 02:51:00,20,1473.2,58.31,2.701,11.92,WARNING,misalignment,0.4155
2025-01-04 02:52:00,20,1481.1,57.81,2.802,11.7,WARNING,misalignment,0.4201
2025-01-04 02:53:00,20,1476.2,57.21,3.013,12.33,WARNING,misalignment,0.4247
2025-01-04 02:54:00,20,1483.8,57.2,2.999,11.8,WARNING,misalignment,0.4292
2025-01-04 02:55:00,20,1481.7,57.3,2.961,11.68,WARNING,misalignment,0.4338
2025-01-04 02:56:00,20,1483.2,57.06,3.142,11.96,WARNING,misalignment,0.4384
2025-01-04 02:57:00,20,1479.0,57.44,3.013,12.17,WARNING,misalignment,0.4429
2025-01-04 02:58:00,20,1474.4,57.4,3.043,11.97,WARNING,misalignment,0.4475
2025-01-04 02:59:00,20,1488.5,56.82,2.853,12.11,WARNING,misalignment,0.4521
2025-01-04 03:00:00,20,1480.8,56.91,3.157,12.24,WARNING,misalignment,0.4566
2025-01-04 03:01:00,20,1486.6,57.42,3.092,12.43,WARNING,misalignment,0.4612
2025-01-04 03:02:00,20,1465.6,57.09,3.062,11.98,WARNING,misalignment,0.4658
2025-01-04 03:03:00,20,1487.4,56.54,3.046,12.75,WARNING,misalignment,0.4703
2025-01-04 03:04:00,20,1474.6,56.94,3.2,12.21,WARNING,misalignment,0.4749
2025-01-04 03:05:00,20,1479.4,57.23,3.111,12.25,WARNING,misalignment,0.4795
2025-01-04 03:06:00,20,1483.2,57.2,3.341,12.3,WARNING,misalignment,0.484
2025-01-04 03:07:00,20,1477.4,56.44,3.344,12.55,WARNING,misalignment,0.4886
2025-01-04 03:08:00,20,1470.3,56.74,3.084,12.47,WARNING,misalignment,0.4932
2025-01-04 03:09:00,20,1482.6,57.42,3.183,12.79,WARNING,misalignment,0.4977
2025-01-04 03:10:00,20,1480.4,57.58,3.364,12.06,WARNING,misalignment,0.5023
2025-01-04 03:11:00,20,1480.7,57.64,3.318,12.07,WARNING,misalignment,0.5068
2025-01-04 03:12:00,20,1482.0,58.22,3.322,12.83,WARNING,misalignment,0.5114
2025-01-04 03:13:00,20,1479.7,58.42,3.367,12.52,WARNING,misalignment,0.516
2025-01-04 03:14:00,20,1484.0,59.02,3.297,12.69,WARNING,misalignment,0.5205
2025-01-04 03:15:00,20,1483.6,59.41,3.477,13.22,WARNING,misalignment,0.5251
2025-01-04 03:16:00,20,1477.7,59.72,3.407,12.79,WARNING,misalignment,0.5297
2025-01-04 03:17:00,20,1487.5,60.62,3.148,13.08,WARNING,misalignment,0.5342
2025-01-04 03:18:00,20,1482.8,60.48,3.458,12.68,WARNING,misalignment,0.5388
2025-01-04 03:19:00,20,1483.5,60.68,3.483,12.96,WARNING,misalignment,0.5434
2025-01-04 03:20:00,20,1484.5,60.97,3.524,12.56,WARNING,misalignment,0.5479
2025-01-04 03:21:00,20,1489.3,60.36,3.439,13.22,WARNING,misalignment,0.5525
2025-01-04 03:22:00,20,1479.9,61.14,3.38,13.23,WARNING,misalignment,0.5571
2025-01-04 03:23:00,20,1479.5,60.98,3.636,13.33,WARNING,misalignment,0.5616
2025-01-04 03:24:00,20,1480.6,60.94,3.6,12.74,WARNING,misalignment,0.5662
2025-01-04 03:25:00,20,1490.7,61.13,3.459,13.2,WARNING,misalignment,0.5708
2025-01-04 03:26:00,20,1479.2,61.32,3.575,13.46,WARNING,misalignment,0.5753
2025-01-04 03:27:00,20,1483.5,60.7,3.779,12.98,WARNING,misalignment,0.5799
2025-01-04 03:28:00,20,1488.8,60.33,3.606,13.31,WARNING,misalignment,0.5845
2025-01-04 03:29:00,20,1481.9,60.09,3.461,13.14,WARNING,misalignment,0.589
2025-01-04 03:30:00,20,1475.6,59.64,3.589,12.58,WARNING,misalignment,0.5936
2025-01-04 03:31:00,20,1483.9,60.13,3.698,12.92,WARNING,misalignment,0.5982
2025-01-04 03:32:00,20,1475.6,60.13,3.77,13.19,WARNING,misalignment,0.6027
2025-01-04 03:33:00,20,1479.5,60.42,4.043,13.06,WARNING,misalignment,0.6073
2025-01-04 03:34:00,20,1483.9,60.27,3.582,12.88,WARNING,misalignment,0.6119
2025-01-04 03:35:00,20,1483.8,60.91,3.689,13.25,WARNING,misalignment,0.6164
2025-01-04 03:36:00,20,1476.0,61.18,3.745,12.96,WARNING,misalignment,0.621
2025-01-04 03:37:00,20,1481.1,61.16,3.89,13.08,WARNING,misalignment,0.6256
2025-01-04 03:38:00,20,1473.6,61.1,3.766,13.76,WARNING,misalignment,0.6301
2025-01-04 03:39:00,20,1473.2,60.57,3.727,13.01,WARNING,misalignment,0.6347
2025-01-04 03:40:00,20,1483.4,60.8,3.64,13.52,WARNING,misalignment,0.6393
2025-01-04 03:41:00,20,1477.3,61.41,3.899,13.23,WARNING,misalignment,0.6438
2025-01-04 03:42:00,20,1476.5,61.87,3.833,13.36,WARNING,misalignment,0.6484
2025-01-04 03:43:00,20,1482.7,61.06,3.535,13.57,WARNING,misalignment,0.653
2025-01-04 03:44:00,20,1478.3,61.5,3.917,13.43,WARNING,misalignment,0.6575
2025-01-04 03:45:00,20,1483.6,61.62,3.843,13.34,WARNING,misalignment,0.6621
2025-01-04 03:46:00,20,1472.3,61.0,3.908,13.9,WARNING,misalignment,0.6667
2025-01-04 03:47:00,20,1478.3,60.97,3.913,14.08,WARNING,misalignment,0.6712
2025-01-04 03:48:00,20,1477.6,61.36,3.871,13.59,WARNING,misalignment,0.6758
2025-01-04 03:49:00,20,1475.6,61.99,4.19,13.67,WARNING,misalignment,0.6804
2025-01-04 03:50:00,20,1478.4,62.84,4.103,13.56,WARNING,misalignment,0.6849
2025-01-04 03:51:00,20,1480.6,62.59,4.091,13.51,WARNING,misalignment,0.6895
2025-01-04 03:52:00,20,1481.2,62.7,4.235,13.46,WARNING,misalignment,0.6941
2025-01-04 03:53:00,20,1480.9,62.28,4.19,13.22,WARNING,misalignment,0.6986
2025-01-04 03:54:00,20,1473.2,62.15,4.164,13.42,FAULT,misalignment,0.7032
2025-01-04 03:55:00,20,1474.0,62.67,4.121,13.37,FAULT,misalignment,0.7078
2025-01-04 03:56:00,20,1482.4,61.73,4.228,13.58,FAULT,misalignment,0.7123
2025-01-04 03:57:00,20,1477.7,62.26,4.112,13.72,FAULT,misalignment,0.7169
2025-01-04 03:58:00,20,1481.6,62.11,4.445,13.52,FAULT,misalignment,0.7215
2025-01-04 03:59:00,20,1485.2,63.21,4.3,13.6,FAULT,misalignment,0.726
2025-01-04 04:00:00,20,1482.9,63.9,4.268,13.49,FAULT,misalignment,0.7306
2025-01-04 04:01:00,20,1481.0,64.27,4.325,13.83,FAULT,misalignment,0.7352
2025-01-04 04:02:00,20,1482.7,64.42,4.483,13.77,FAULT,misalignment,0.7397
2025-01-04 04:03:00,20,1476.3,64.43,4.653,13.35,FAULT,misalignment,0.7443
2025-01-04 04:04:00,20,1473.3,64.36,4.377,13.51,FAULT,misalignment,0.7489
2025-01-04 04:05:00,20,1481.7,64.94,4.264,13.64,FAULT,misalignment,0.7534
2025-01-04 04:06:00,20,1473.4,64.78,4.304,13.86,FAULT,misalignment,0.758
2025-01-04 04:07:00,20,1480.8,64.35,4.627,13.44,FAULT,misalignment,0.7626
2025-01-04 04:08:00,20,1476.8,63.39,4.432,13.96,FAULT,misalignment,0.7671
2025-01-04 04:09:00,20,1474.0,63.13,4.291,13.97,FAULT,misalignment,0.7717
2025-01-04 04:10:00,20,1478.4,63.65,4.274,13.54,FAULT,misalignment,0.7763
2025-01-04 04:11:00,20,1481.3,63.5,4.542,13.21,FAULT,misalignment,0.7808
2025-01-04 04:12:00,20,1480.7,63.98,4.422,13.75,FAULT,misalignment,0.7854
2025-01-04 04:13:00,20,1477.4,64.52,4.728,13.55,FAULT,misalignment,0.79
2025-01-04 04:14:00,20,1490.2,65.07,4.452,13.76,FAULT,misalignment,0.7945
2025-01-04 04:15:00,20,1475.1,64.82,4.562,13.41,FAULT,misalignment,0.7991
2025-01-04 04:16:00,20,1478.2,63.73,4.649,13.75,FAULT,misalignment,0.8037
2025-01-04 04:17:00,20,1475.1,63.22,4.818,13.67,FAULT,misalignment,0.8082
2025-01-04 04:18:00,20,1482.8,62.82,4.954,13.5,FAULT,misalignment,0.8128
2025-01-04 04:19:00,20,1484.4,63.0,5.046,13.28,FAULT,misalignment,0.8174
2025-01-04 04:20:00,20,1485.5,63.36,4.8,13.05,FAULT,misalignment,0.8219
2025-01-04 04:21:00,20,1475.1,64.05,4.589,13.05,FAULT,misalignment,0.8265
2025-01-04 04:22:00,20,1475.8,64.12,4.887,13.61,FAULT,misalignment,0.8311
2025-01-04 04:23:00,20,1481.5,63.72,4.921,13.49,FAULT,misalignment,0.8356
2025-01-04 04:24:00,20,1475.8,63.98,4.862,13.41,FAULT,misalignment,0.8402
2025-01-04 04:25:00,20,1485.5,62.9,4.965,13.23,FAULT,misalignment,0.8447
2025-01-04 04:26:00,20,1476.2,63.2,4.697,13.23,FAULT,misalignment,0.8493
2025-01-04 04:27:00,20,1480.4,64.29,5.281,13.53,FAULT,misalignment,0.8539
2025-01-04 04:28:00,20,1483.6,63.73,5.172,13.31,FAULT,misalignment,0.8584
2025-01-04 04:29:00,20,1477.8,63.29,5.005,13.23,FAULT,misalignment,0.863
2025-01-04 04:30:00,20,1482.1,62.87,4.854,12.99,FAULT,misalignment,0.8676
2025-01-04 04:31:00,20,1478.8,63.37,4.882,13.31,FAULT,misalignment,0.8721
2025-01-04 04:32:00,20,1482.9,63.22,4.966,13.03,FAULT,misalignment,0.8767
2025-01-04 04:33:00,20,1483.3,63.98,5.269,13.44,FAULT,misalignment,0.8813
2025-01-04 04:34:00,20,1488.6,63.9,5.048,13.72,FAULT,misalignment,0.8858
2025-01-04 04:35:00,20,1485.1,63.49,5.289,12.85,FAULT,misalignment,0.8904
2025-01-04 04:36:00,20,1473.9,64.66,4.863,13.56,FAULT,misalignment,0.895
2025-01-04 04:37:00,20,1478.7,64.73,5.368,13.7,FAULT,misalignment,0.8995
2025-01-04 04:38:00,20,1479.9,65.13,5.194,13.47,FAULT,misalignment,0.9041
2025-01-04 04:39:00,20,1482.3,64.25,5.343,13.32,FAULT,misalignment,0.9087
2025-01-04 04:40:00,20,1484.5,64.68,5.054,13.48,FAULT,misalignment,0.9132
2025-01-04 04:41:00,20,1474.3,64.64,5.204,13.86,FAULT,misalignment,0.9178
2025-01-04 04:42:00,20,1473.9,63.69,5.493,13.14,FAULT,misalignment,0.9224
2025-01-04 04:43:00,20,1482.6,63.45,5.198,13.42,FAULT,misalignment,0.9269
2025-01-04 04:44:00,20,1483.5,63.85,5.431,12.69,FAULT,misalignment,0.9315
2025-01-04 04:45:00,20,1478.6,64.39,5.69,13.45,FAULT,misalignment,0.9361
2025-01-04 04:46:00,20,1476.4,64.3,5.299,13.35,FAULT,misalignment,0.9406
2025-01-04 04:47:00,20,1486.7,64.0,5.447,13.06,FAULT,misalignment,0.9452
2025-01-04 04:48:00,20,1484.8,64.7,5.47,13.32,FAULT,misalignment,0.9498
2025-01-04 04:49:00,20,1475.4,64.89,5.1,13.17,FAULT,misalignment,0.9543
2025-01-04 04:50:00,20,1478.8,65.03,5.255,13.65,FAULT,misalignment,0.9589
2025-01-04 04:51:00,20,1481.9,65.23,5.664,13.09,FAULT,misalignment,0.9635
2025-01-04 04:52:00,20,1484.5,65.52,5.831,13.61,FAULT,misalignment,0.968
2025-01-04 04:53:00,20,1471.3,66.16,5.634,13.21,FAULT,misalignment,0.9726
2025-01-04 04:54:00,20,1485.7,66.2,5.478,13.45,FAULT,misalignment,0.9772
2025-01-04 04:55:00,20,1484.5,66.15,5.361,12.93,FAULT,misalignment,0.9817
2025-01-04 04:56:00,20,1467.3,66.72,5.749,13.65,FAULT,misalignment,0.9863
2025-01-04 04:57:00,20,1476.9,66.01,5.777,13.69,FAULT,misalignment,0.9909
2025-01-04 04:58:00,20,1484.6,66.08,5.827,13.4,FAULT,misalignment,0.9954
2025-01-04 04:59:00,20,1479.3,66.2,5.956,13.48,FAULT,misalignment,1.0
2025-01-04 05:00:00,21,1476.9,54.55,1.725,12.04,NORMAL,combined,0.0
2025-01-04 05:01:00,21,1484.0,54.73,1.849,11.84,NORMAL,combined,0.0046
2025-01-04 05:02:00,21,1476.1,54.77,1.675,11.9,NORMAL,combined,0.0091
2025-01-04 05:03:00,21,1482.6,54.35,1.818,12.31,NORMAL,combined,0.0137
2025-01-04 05:04:00,21,1478.1,54.27,1.941,11.63,NORMAL,combined,0.0183
2025-01-04 05:05:00,21,1474.6,54.74,1.797,12.03,NORMAL,combined,0.0228
2025-01-04 05:06:00,21,1481.2,54.85,1.712,12.02,NORMAL,combined,0.0274
2025-01-04 05:07:00,21,1483.6,54.45,2.018,12.37,NORMAL,combined,0.032
2025-01-04 05:08:00,21,1479.4,54.87,1.841,12.1,NORMAL,combined,0.0365
2025-01-04 05:09:00,21,1468.5,54.95,1.876,12.14,NORMAL,combined,0.0411
2025-01-04 05:10:00,21,1487.1,55.48,1.735,12.35,NORMAL,combined,0.0457
2025-01-04 05:11:00,21,1480.6,55.44,1.712,12.65,NORMAL,combined,0.0502
2025-01-04 05:12:00,21,1477.1,54.93,1.823,12.24,NORMAL,combined,0.0548
2025-01-04 05:13:00,21,1480.5,55.37,1.806,12.53,NORMAL,combined,0.0594
2025-01-04 05:14:00,21,1487.8,54.76,1.844,12.19,NORMAL,combined,0.0639
2025-01-04 05:15:00,21,1490.6,55.84,1.922,12.25,NORMAL,combined,0.0685
2025-01-04 05:16:00,21,1486.4,55.86,1.764,12.26,NORMAL,combined,0.0731
2025-01-04 05:17:00,21,1474.2,55.27,1.874,12.65,NORMAL,combined,0.0776
2025-01-04 05:18:00,21,1481.0,55.44,1.986,12.59,NORMAL,combined,0.0822
2025-01-04 05:19:00,21,1476.1,55.76,1.966,12.22,NORMAL,combined,0.0868
2025-01-04 05:20:00,21,1479.6,55.67,1.998,12.39,NORMAL,combined,0.0913
2025-01-04 05:21:00,21,1473.2,55.43,1.949,12.46,NORMAL,combined,0.0959
2025-01-04 05:22:00,21,1475.5,55.16,1.966,12.31,NORMAL,combined,0.1005
2025-01-04 05:23:00,21,1483.8,55.28,1.915,12.84,NORMAL,combined,0.105
2025-01-04 05:24:00,21,1479.3,56.22,1.951,12.97,NORMAL,combined,0.1096
2025-01-04 05:25:00,21,1485.0,56.76,1.893,12.39,NORMAL,combined,0.1142
2025-01-04 05:26:00,21,1486.1,57.22,2.054,12.66,NORMAL,combined,0.1187
2025-01-04 05:27:00,21,1482.9,57.31,1.977,12.72,NORMAL,combined,0.1233
2025-01-04 05:28:00,21,1475.1,56.55,1.915,12.51,NORMAL,combined,0.1279
2025-01-04 05:29:00,21,1479.8,57.35,1.98,12.89,NORMAL,combined,0.1324
2025-01-04 05:30:00,21,1485.6,56.7,2.114,12.52,NORMAL,combined,0.137
2025-01-04 05:31:00,21,1483.6,57.12,2.121,13.11,NORMAL,combined,0.1416
2025-01-04 05:32:00,21,1468.9,57.87,2.044,12.87,NORMAL,combined,0.1461
2025-01-04 05:33:00,21,1486.0,57.38,2.101,12.59,NORMAL,combined,0.1507
2025-01-04 05:34:00,21,1481.4,56.64,1.964,13.11,NORMAL,combined,0.1553
2025-01-04 05:35:00,21,1481.6,56.41,2.071,12.7,NORMAL,combined,0.1598
2025-01-04 05:36:00,21,1468.4,57.25,2.007,12.63,NORMAL,combined,0.1644
2025-01-04 05:37:00,21,1474.7,57.66,2.104,12.44,NORMAL,combined,0.1689
2025-01-04 05:38:00,21,1467.4,56.38,2.26,12.73,NORMAL,combined,0.1735
2025-01-04 05:39:00,21,1474.9,56.52,2.008,12.6,NORMAL,combined,0.1781
2025-01-04 05:40:00,21,1475.1,57.24,2.024,12.48,NORMAL,combined,0.1826
2025-01-04 05:41:00,21,1484.4,56.89,2.085,12.76,NORMAL,combined,0.1872
2025-01-04 05:42:00,21,1478.7,57.37,2.14,12.71,NORMAL,combined,0.1918
2025-01-04 05:43:00,21,1479.8,57.48,2.036,13.06,NORMAL,combined,0.1963
2025-01-04 05:44:00,21,1486.6,58.28,2.18,13.25,NORMAL,combined,0.2009
2025-01-04 05:45:00,21,1479.3,58.65,2.088,12.58,NORMAL,combined,0.2055
2025-01-04 05:46:00,21,1478.8,58.73,2.112,12.96,NORMAL,combined,0.21
2025-01-04 05:47:00,21,1482.2,59.04,2.089,13.0,NORMAL,combined,0.2146
2025-01-04 05:48:00,21,1483.9,58.98,2.28,12.72,NORMAL,combined,0.2192
2025-01-04 05:49:00,21,1486.8,58.83,2.175,12.92,NORMAL,combined,0.2237
2025-01-04 05:50:00,21,1468.5,59.25,2.101,12.83,NORMAL,combined,0.2283
2025-01-04 05:51:00,21,1479.8,58.88,2.333,12.82,NORMAL,combined,0.2329
2025-01-04 05:52:00,21,1480.7,59.2,2.255,12.57,NORMAL,combined,0.2374
2025-01-04 05:53:00,21,1478.0,59.96,2.196,12.66,NORMAL,combined,0.242
2025-01-04 05:54:00,21,1484.5,59.19,2.283,12.71,NORMAL,combined,0.2466
2025-01-04 05:55:00,21,1486.1,58.12,2.376,12.88,NORMAL,combined,0.2511
2025-01-04 05:56:00,21,1477.6,58.14,2.279,12.85,NORMAL,combined,0.2557
2025-01-04 05:57:00,21,1476.2,58.1,2.364,12.48,NORMAL,combined,0.2603
2025-01-04 05:58:00,21,1478.2,58.9,2.446,12.87,NORMAL,combined,0.2648
2025-01-04 05:59:00,21,1477.5,60.07,2.475,12.22,NORMAL,combined,0.2694
2025-01-04 06:00:00,21,1487.9,60.04,2.389,12.85,NORMAL,combined,0.274
2025-01-04 06:01:00,21,1476.0,60.33,2.3,12.62,NORMAL,combined,0.2785
2025-01-04 06:02:00,21,1479.1,59.56,2.565,12.65,NORMAL,combined,0.2831
2025-01-04 06:03:00,21,1485.1,59.8,2.267,12.48,NORMAL,combined,0.2877
2025-01-04 06:04:00,21,1478.9,59.14,2.259,12.42,NORMAL,combined,0.2922
2025-01-04 06:05:00,21,1479.9,59.83,2.531,12.3,NORMAL,combined,0.2968
2025-01-04 06:06:00,21,1481.3,59.39,2.364,12.1,NORMAL,combined,0.3014
2025-01-04 06:07:00,21,1473.6,59.06,2.596,12.56,NORMAL,combined,0.3059
2025-01-04 06:08:00,21,1477.3,58.81,2.328,12.71,NORMAL,combined,0.3105
2025-01-04 06:09:00,21,1472.3,60.2,2.51,13.02,NORMAL,combined,0.3151
2025-01-04 06:10:00,21,1471.2,60.88,2.427,12.7,NORMAL,combined,0.3196
2025-01-04 06:11:00,21,1465.5,59.92,2.51,12.45,NORMAL,combined,0.3242
2025-01-04 06:12:00,21,1469.5,60.59,2.459,12.58,NORMAL,combined,0.3288
2025-01-04 06:13:00,21,1477.9,60.31,2.628,12.57,NORMAL,combined,0.3333
2025-01-04 06:14:00,21,1475.2,60.37,2.618,12.82,NORMAL,combined,0.3379
2025-01-04 06:15:00,21,1471.3,61.13,2.596,12.68,NORMAL,combined,0.3425
2025-01-04 06:16:00,21,1472.5,60.97,2.508,12.75,NORMAL,combined,0.347
2025-01-04 06:17:00,21,1473.6,62.08,2.722,12.22,WARNING,combined,0.3516
2025-01-04 06:18:00,21,1472.7,62.15,2.698,12.54,WARNING,combined,0.3562
2025-01-04 06:19:00,21,1474.4,61.8,2.713,12.49,WARNING,combined,0.3607
2025-01-04 06:20:00,21,1484.7,61.06,2.642,12.41,WARNING,combined,0.3653
2025-01-04 06:21:00,21,1484.8,61.4,2.596,13.1,WARNING,combined,0.3699
2025-01-04 06:22:00,21,1476.1,60.41,2.689,13.15,WARNING,combined,0.3744
2025-01-04 06:23:00,21,1476.4,60.76,2.658,12.55,WARNING,combined,0.379
2025-01-04 06:24:00,21,1473.9,60.34,2.723,12.61,WARNING,combined,0.3836
2025-01-04 06:25:00,21,1477.1,61.6,2.796,12.49,WARNING,combined,0.3881
2025-01-04 06:26:00,21,1481.8,61.77,2.826,12.85,WARNING,combined,0.3927
2025-01-04 06:27:00,21,1480.7,61.64,2.922,12.85,WARNING,combined,0.3973
2025-01-04 06:28:00,21,1474.7,61.79,2.83,12.88,WARNING,combined,0.4018
2025-01-04 06:29:00,21,1472.0,61.51,2.958,12.42,WARNING,combined,0.4064
2025-01-04 06:30:00,21,1468.1,62.41,2.697,13.02,WARNING,combined,0.411
2025-01-04 06:31:00,21,1474.3,61.96,2.873,12.72,WARNING,combined,0.4155
2025-01-04 06:32:00,21,1485.6,61.77,2.987,12.84,WARNING,combined,0.4201
2025-01-04 06:33:00,21,1473.3,62.21,2.774,12.8,WARNING,combined,0.4247
2025-01-04 06:34:00,21,1472.7,62.58,2.706,13.33,WARNING,combined,0.4292
2025-01-04 06:35:00,21,1476.6,62.76,2.838,12.43,WARNING,combined,0.4338
2025-01-04 06:36:00,21,1472.6,63.36,2.983,13.08,WARNING,combined,0.4384
2025-01-04 06:37:00,21,1479.0,64.06,3.125,12.98,WARNING,combined,0.4429
2025-01-04 06:38:00,21,1476.5,63.7,2.721,12.87,WARNING,combined,0.4475
2025-01-04 06:39:00,21,1475.1,64.35,2.864,13.09,WARNING,combined,0.4521
2025-01-04 06:40:00,21,1479.8,63.84,3.159,12.55,WARNING,combined,0.4566
2025-01-04 06:41:00,21,1488.4,64.05,3.107,13.06,WARNING,combined,0.4612
2025-01-04 06:42:00,21,1473.4,64.18,2.783,12.85,WARNING,combined,0.4658
2025-01-04 06:43:00,21,1470.0,64.25,2.957,13.72,WARNING,combined,0.4703
2025-01-04 06:44:00,21,1474.8,64.23,3.072,13.26,WARNING,combined,0.4749
2025-01-04 06:45:00,21,1479.6,64.43,3.114,12.83,WARNING,combined,0.4795
2025-01-04 06:46:00,21,1472.4,65.0,3.054,13.32,WARNING,combined,0.484
2025-01-04 06:47:00,21,1475.8,64.12,3.138,13.26,WARNING,combined,0.4886
2025-01-04 06:48:00,21,1477.0,64.62,3.174,13.03,WARNING,combined,0.4932
2025-01-04 06:49:00,21,1476.2,65.1,3.275,13.45,WARNING,combined,0.4977
2025-01-04 06:50:00,21,1477.6,65.07,3.116,13.46,WARNING,combined,0.5023
2025-01-04 06:51:00,21,1478.3,65.39,2.976,13.61,WARNING,combined,0.5068
2025-01-04 06:52:00,21,1477.5,65.72,3.095,13.47,WARNING,combined,0.5114
2025-01-04 06:53:00,21,1474.8,65.08,3.08,13.65,WARNING,combined,0.516
2025-01-04 06:54:00,21,1469.1,65.69,3.035,13.75,WARNING,combined,0.5205
2025-01-04 06:55:00,21,1474.7,66.35,3.428,13.51,WARNING,combined,0.5251
2025-01-04 06:56:00,21,1472.6,67.68,3.254,13.96,WARNING,combined,0.5297
2025-01-04 06:57:00,21,1470.0,67.97,3.388,13.76,WARNING,combined,0.5342
2025-01-04 06:58:00,21,1473.3,68.85,3.261,12.83,WARNING,combined,0.5388
2025-01-04 06:59:00,21,1468.5,68.48,3.292,13.72,WARNING,combined,0.5434
2025-01-04 07:00:00,21,1473.1,68.66,3.336,13.65,WARNING,combined,0.5479
2025-01-04 07:01:00,21,1471.6,68.37,3.478,13.54,WARNING,combined,0.5525
2025-01-04 07:02:00,21,1475.3,68.27,3.298,13.7,WARNING,combined,0.5571
2025-01-04 07:03:00,21,1471.1,68.0,3.387,13.92,WARNING,combined,0.5616
2025-01-04 07:04:00,21,1475.3,67.54,3.59,13.54,WARNING,combined,0.5662
2025-01-04 07:05:00,21,1476.4,68.37,3.641,13.53,WARNING,combined,0.5708
2025-01-04 07:06:00,21,1479.5,68.61,3.346,14.51,WARNING,combined,0.5753
2025-01-04 07:07:00,21,1472.7,69.36,3.384,14.41,WARNING,combined,0.5799
2025-01-04 07:08:00,21,1479.7,71.17,3.687,14.2,WARNING,combined,0.5845
2025-01-04 07:09:00,21,1477.7,70.42,3.589,14.0,WARNING,combined,0.589
2025-01-04 07:10:00,21,1463.6,70.83,3.415,14.64,WARNING,combined,0.5936
2025-01-04 07:11:00,21,1467.7,71.37,3.54,14.28,WARNING,combined,0.5982
2025-01-04 07:12:00,21,1466.2,71.03,3.625,14.46,WARNING,combined,0.6027
2025-01-04 07:13:00,21,1478.5,71.63,3.559,14.18,WARNING,combined,0.6073
2025-01-04 07:14:00,21,1470.7,72.15,3.674,14.18,WARNING,combined,0.6119
2025-01-04 07:15:00,21,1481.2,71.83,3.468,14.61,WARNING,combined,0.6164
2025-01-04 07:16:00,21,1483.7,71.37,3.828,14.63,WARNING,combined,0.621
2025-01-04 07:17:00,21,1465.2,70.96,3.782,14.26,WARNING,combined,0.6256
2025-01-04 07:18:00,21,1470.0,71.09,3.719,14.73,WARNING,combined,0.6301
2025-01-04 07:19:00,21,1474.5,71.56,3.603,14.83,WARNING,combined,0.6347
2025-01-04 07:20:00,21,1472.8,71.56,3.906,14.6,WARNING,combined,0.6393
2025-01-04 07:21:00,21,1461.2,71.87,3.483,14.71,WARNING,combined,0.6438
2025-01-04 07:22:00,21,1464.1,72.66,3.663,15.17,WARNING,combined,0.6484
2025-01-04 07:23:00,21,1463.1,72.61,3.743,14.92,WARNING,combined,0.653
2025-01-04 07:24:00,21,1465.3,73.5,3.778,15.13,WARNING,combined,0.6575
2025-01-04 07:25:00,21,1465.5,73.19,3.912,14.89,WARNING,combined,0.6621
2025-01-04 07:26:00,21,1467.6,74.24,3.689,15.21,WARNING,combined,0.6667
2025-01-04 07:27:00,21,1466.9,75.0,3.797,15.21,WARNING,combined,0.6712
2025-01-04 07:28:00,21,1463.3,74.68,3.89,14.96,WARNING,combined,0.6758
2025-01-04 07:29:00,21,1470.7,74.77,3.832,14.87,WARNING,combined,0.6804
2025-01-04 07:30:00,21,1461.2,74.56,3.657,15.26,WARNING,combined,0.6849
2025-01-04 07:31:00,21,1479.2,75.95,4.262,14.93,WARNING,combined,0.6895
2025-01-04 07:32:00,21,1473.1,76.34,3.903,14.43,WARNING,combined,0.6941
2025-01-04 07:33:00,21,1468.5,75.78,4.082,15.04,WARNING,combined,0.6986
2025-01-04 07:34:00,21,1466.1,75.73,4.145,15.03,FAULT,combined,0.7032
2025-01-04 07:35:00,21,1460.5,76.35,4.076,14.87,FAULT,combined,0.7078
2025-01-04 07:36:00,21,1464.3,76.29,4.041,15.7,FAULT,combined,0.7123
2025-01-04 07:37:00,21,1465.7,77.05,4.194,14.73,FAULT,combined,0.7169
2025-01-04 07:38:00,21,1472.7,76.97,4.207,14.35,FAULT,combined,0.7215
2025-01-04 07:39:00,21,1461.3,77.25,4.32,15.47,FAULT,combined,0.726
2025-01-04 07:40:00,21,1461.5,78.22,4.399,15.16,FAULT,combined,0.7306
2025-01-04 07:41:00,21,1468.7,78.88,4.272,15.12,FAULT,combined,0.7352
2025-01-04 07:42:00,21,1470.3,78.74,4.438,15.3,FAULT,combined,0.7397
2025-01-04 07:43:00,21,1470.1,78.74,4.461,15.52,FAULT,combined,0.7443
2025-01-04 07:44:00,21,1457.8,78.71,4.387,14.91,FAULT,combined,0.7489
2025-01-04 07:45:00,21,1466.3,79.77,4.066,15.38,FAULT,combined,0.7534
2025-01-04 07:46:00,21,1465.2,80.05,4.427,15.88,FAULT,combined,0.758
2025-01-04 07:47:00,21,1463.5,80.6,4.367,15.42,FAULT,combined,0.7626
2025-01-04 07:48:00,21,1472.6,80.34,3.919,15.09,FAULT,combined,0.7671
2025-01-04 07:49:00,21,1461.4,80.18,3.794,15.13,FAULT,combined,0.7717
2025-01-04 07:50:00,21,1463.7,80.24,4.241,15.33,FAULT,combined,0.7763
2025-01-04 07:51:00,21,1463.9,79.71,4.64,15.34,FAULT,combined,0.7808
2025-01-04 07:52:00,21,1460.5,79.31,4.411,15.61,FAULT,combined,0.7854
2025-01-04 07:53:00,21,1468.9,79.6,4.483,15.83,FAULT,combined,0.79
2025-01-04 07:54:00,21,1462.3,79.48,4.61,15.53,FAULT,combined,0.7945
2025-01-04 07:55:00,21,1459.9,78.84,4.601,15.35,FAULT,combined,0.7991
2025-01-04 07:56:00,21,1466.9,78.9,4.434,14.96,FAULT,combined,0.8037
2025-01-04 07:57:00,21,1471.9,79.29,4.758,15.58,FAULT,combined,0.8082
2025-01-04 07:58:00,21,1468.3,79.06,4.601,15.07,FAULT,combined,0.8128
2025-01-04 07:59:00,21,1462.2,78.8,4.838,15.62,FAULT,combined,0.8174
2025-01-04 08:00:00,21,1465.4,78.87,4.565,15.31,FAULT,combined,0.8219
2025-01-04 08:01:00,21,1472.0,79.34,4.652,15.41,FAULT,combined,0.8265
2025-01-04 08:02:00,21,1459.7,80.39,4.697,15.62,FAULT,combined,0.8311
2025-01-04 08:03:00,21,1459.0,81.12,4.449,15.38,FAULT,combined,0.8356
2025-01-04 08:04:00,21,1466.4,80.93,4.841,15.03,FAULT,combined,0.8402
2025-01-04 08:05:00,21,1453.5,81.74,4.726,14.83,FAULT,combined,0.8447
2025-01-04 08:06:00,21,1472.1,81.98,4.798,15.0,FAULT,combined,0.8493
2025-01-04 08:07:00,21,1473.5,81.78,4.879,15.67,FAULT,combined,0.8539
2025-01-04 08:08:00,21,1459.7,83.01,4.81,14.9,FAULT,combined,0.8584
2025-01-04 08:09:00,21,1464.7,82.18,4.995,15.27,FAULT,combined,0.863
2025-01-04 08:10:00,21,1471.0,82.49,4.677,15.48,FAULT,combined,0.8676
2025-01-04 08:11:00,21,1464.1,82.09,4.759,15.37,FAULT,combined,0.8721
2025-01-04 08:12:00,21,1467.6,81.96,5.019,15.41,FAULT,combined,0.8767
2025-01-04 08:13:00,21,1474.0,82.12,4.717,15.03,FAULT,combined,0.8813
2025-01-04 08:14:00,21,1462.0,82.34,5.16,15.59,FAULT,combined,0.8858
2025-01-04 08:15:00,21,1465.7,82.67,5.078,15.97,FAULT,combined,0.8904
2025-01-04 08:16:00,21,1459.7,82.84,5.052,14.8,FAULT,combined,0.895
2025-01-04 08:17:00,21,1468.4,83.35,5.149,15.54,FAULT,combined,0.8995
2025-01-04 08:18:00,21,1468.3,83.33,5.32,15.59,FAULT,combined,0.9041
2025-01-04 08:19:00,21,1451.1,83.58,5.266,15.62,FAULT,combined,0.9087
2025-01-04 08:20:00,21,1459.1,83.73,5.29,15.45,FAULT,combined,0.9132
2025-01-04 08:21:00,21,1462.1,84.18,5.222,15.24,FAULT,combined,0.9178
2025-01-04 08:22:00,21,1458.7,83.82,5.042,15.77,FAULT,combined,0.9224
2025-01-04 08:23:00,21,1466.6,84.72,5.21,15.16,FAULT,combined,0.9269
2025-01-04 08:24:00,21,1463.6,85.59,5.288,15.84,FAULT,combined,0.9315
2025-01-04 08:25:00,21,1462.9,85.44,5.355,15.7,FAULT,combined,0.9361
2025-01-04 08:26:00,21,1453.8,85.81,5.306,15.98,FAULT,combined,0.9406
2025-01-04 08:27:00,21,1456.3,84.82,5.495,15.58,FAULT,combined,0.9452
2025-01-04 08:28:00,21,1466.6,85.63,5.142,16.13,FAULT,combined,0.9498
2025-01-04 08:29:00,21,1460.2,86.28,5.428,16.32,FAULT,combined,0.9543
2025-01-04 08:30:00,21,1462.4,86.66,5.909,15.77,FAULT,combined,0.9589
2025-01-04 08:31:00,21,1456.4,86.75,5.079,15.7,FAULT,combined,0.9635
2025-01-04 08:32:00,21,1462.6,86.42,5.152,15.97,FAULT,combined,0.968
2025-01-04 08:33:00,21,1463.9,86.11,5.622,15.74,FAULT,combined,0.9726
2025-01-04 08:34:00,21,1468.4,87.1,5.637,15.92,FAULT,combined,0.9772
2025-01-04 08:35:00,21,1461.0,87.19,5.378,15.66,FAULT,combined,0.9817
2025-01-04 08:36:00,21,1464.3,87.97,5.789,15.96,FAULT,combined,0.9863
2025-01-04 08:37:00,21,1459.2,87.81,5.398,15.66,FAULT,combined,0.9909
2025-01-04 08:38:00,21,1453.8,87.92,5.962,16.14,FAULT,combined,0.9954
2025-01-04 08:39:00,21,1468.6,89.1,5.347,16.04,FAULT,combined,1.0
2025-01-04 08:40:00,22,1479.3,55.65,1.996,12.2,NORMAL,normal,0.0
2025-01-04 08:41:00,22,1486.7,55.5,1.8,11.9,NORMAL,normal,0.0
2025-01-04 08:42:00,22,1475.1,56.29,1.795,12.05,NORMAL,normal,0.0
2025-01-04 08:43:00,22,1483.0,55.51,1.989,11.54,NORMAL,normal,0.0
2025-01-04 08:44:00,22,1478.2,54.73,1.919,12.07,NORMAL,normal,0.0
2025-01-04 08:45:00,22,1478.8,55.81,1.704,11.78,NORMAL,normal,0.0
2025-01-04 08:46:00,22,1478.2,55.61,1.814,12.13,NORMAL,normal,0.0
2025-01-04 08:47:00,22,1475.8,56.28,1.775,12.26,NORMAL,normal,0.0
2025-01-04 08:48:00,22,1484.7,56.39,1.702,12.44,NORMAL,normal,0.0
2025-01-04 08:49:00,22,1476.9,56.27,1.815,12.36,NORMAL,normal,0.0
2025-01-04 08:50:00,22,1482.4,55.19,1.731,12.74,NORMAL,normal,0.0
2025-01-04 08:51:00,22,1482.9,54.89,1.829,12.42,NORMAL,normal,0.0
2025-01-04 08:52:00,22,1485.8,54.45,1.791,11.99,NORMAL,normal,0.0
2025-01-04 08:53:00,22,1480.6,55.15,1.672,12.75,NORMAL,normal,0.0
2025-01-04 08:54:00,22,1489.1,54.79,1.938,12.23,NORMAL,normal,0.0
2025-01-04 08:55:00,22,1466.6,54.51,1.768,12.78,NORMAL,normal,0.0
2025-01-04 08:56:00,22,1479.0,55.34,1.756,12.45,NORMAL,normal,0.0
2025-01-04 08:57:00,22,1472.3,55.77,1.692,12.74,NORMAL,normal,0.0
2025-01-04 08:58:00,22,1478.7,56.24,1.937,12.05,NORMAL,normal,0.0
2025-01-04 08:59:00,22,1479.7,56.05,1.849,11.81,NORMAL,normal,0.0
2025-01-04 09:00:00,22,1483.7,56.63,1.795,12.73,NORMAL,normal,0.0
2025-01-04 09:01:00,22,1475.2,56.55,1.866,12.18,NORMAL,normal,0.0
2025-01-04 09:02:00,22,1483.3,56.2,1.733,12.64,NORMAL,normal,0.0
2025-01-04 09:03:00,22,1477.1,55.72,1.857,12.24,NORMAL,normal,0.0
2025-01-04 09:04:00,22,1485.2,56.18,1.809,12.09,NORMAL,normal,0.0
2025-01-04 09:05:00,22,1478.0,56.6,1.688,11.84,NORMAL,normal,0.0
2025-01-04 09:06:00,22,1475.7,56.91,1.7,12.63,NORMAL,normal,0.0
2025-01-04 09:07:00,22,1476.1,57.44,1.873,12.99,NORMAL,normal,0.0
2025-01-04 09:08:00,22,1486.0,57.2,1.825,12.37,NORMAL,normal,0.0
2025-01-04 09:09:00,22,1482.2,56.31,1.699,12.29,NORMAL,normal,0.0
2025-01-04 09:10:00,22,1481.2,56.67,1.807,12.32,NORMAL,normal,0.0
2025-01-04 09:11:00,22,1474.8,57.03,1.745,12.67,NORMAL,normal,0.0
2025-01-04 09:12:00,22,1476.0,56.78,1.819,12.28,NORMAL,normal,0.0
2025-01-04 09:13:00,22,1480.7,56.8,1.845,12.55,NORMAL,normal,0.0
2025-01-04 09:14:00,22,1474.6,57.02,1.831,12.61,NORMAL,normal,0.0
2025-01-04 09:15:00,22,1476.4,56.65,1.873,12.13,NORMAL,normal,0.0
2025-01-04 09:16:00,22,1478.6,56.66,1.699,12.38,NORMAL,normal,0.0
2025-01-04 09:17:00,22,1470.9,57.57,1.768,12.01,NORMAL,normal,0.0
2025-01-04 09:18:00,22,1481.1,57.62,1.81,12.5,NORMAL,normal,0.0
2025-01-04 09:19:00,22,1484.9,57.98,1.675,12.76,NORMAL,normal,0.0
2025-01-04 09:20:00,22,1479.7,57.04,1.791,11.64,NORMAL,normal,0.0
2025-01-04 09:21:00,22,1482.6,56.82,1.896,12.58,NORMAL,normal,0.0
2025-01-04 09:22:00,22,1489.6,57.76,1.88,12.29,NORMAL,normal,0.0
2025-01-04 09:23:00,22,1474.5,57.08,1.682,12.27,NORMAL,normal,0.0
2025-01-04 09:24:00,22,1478.2,56.88,1.864,12.35,NORMAL,normal,0.0
2025-01-04 09:25:00,22,1480.3,56.51,1.615,11.96,NORMAL,normal,0.0
2025-01-04 09:26:00,22,1475.8,56.35,1.781,12.67,NORMAL,normal,0.0
2025-01-04 09:27:00,22,1473.4,57.01,1.737,12.73,NORMAL,normal,0.0
2025-01-04 09:28:00,22,1483.0,56.99,1.675,12.36,NORMAL,normal,0.0
2025-01-04 09:29:00,22,1480.1,56.45,1.754,12.17,NORMAL,normal,0.0
2025-01-04 09:30:00,22,1474.3,56.17,1.909,12.46,NORMAL,normal,0.0
2025-01-04 09:31:00,22,1481.8,56.5,1.831,12.8,NORMAL,normal,0.0
2025-01-04 09:32:00,22,1484.2,57.03,1.803,12.09,NORMAL,normal,0.0
2025-01-04 09:33:00,22,1483.3,57.2,1.734,12.29,NORMAL,normal,0.0
2025-01-04 09:34:00,22,1469.5,55.95,1.726,12.24,NORMAL,normal,0.0
2025-01-04 09:35:00,22,1471.2,56.12,1.778,12.25,NORMAL,normal,0.0
2025-01-04 09:36:00,22,1487.9,55.33,1.807,12.01,NORMAL,normal,0.0
2025-01-04 09:37:00,22,1478.1,55.44,1.857,12.26,NORMAL,normal,0.0
2025-01-04 09:38:00,22,1482.7,56.07,1.902,12.07,NORMAL,normal,0.0
2025-01-04 09:39:00,22,1476.4,56.31,1.794,11.9,NORMAL,normal,0.0
2025-01-04 09:40:00,22,1474.9,56.41,1.774,11.54,NORMAL,normal,0.0
2025-01-04 09:41:00,22,1486.2,56.61,1.873,12.18,NORMAL,normal,0.0
2025-01-04 09:42:00,22,1483.5,56.02,1.849,12.12,NORMAL,normal,0.0
2025-01-04 09:43:00,22,1479.0,55.06,1.806,11.84,NORMAL,normal,0.0
2025-01-04 09:44:00,22,1473.8,55.02,1.818,12.13,NORMAL,normal,0.0
2025-01-04 09:45:00,22,1493.8,55.62,1.726,11.99,NORMAL,normal,0.0
2025-01-04 09:46:00,22,1485.3,55.51,1.852,12.12,NORMAL,normal,0.0
2025-01-04 09:47:00,22,1488.3,55.54,1.903,11.61,NORMAL,normal,0.0
2025-01-04 09:48:00,22,1472.3,56.07,1.922,11.86,NORMAL,normal,0.0
2025-01-04 09:49:00,22,1479.5,55.91,1.651,12.44,NORMAL,normal,0.0
2025-01-04 09:50:00,22,1475.0,55.6,1.892,12.27,NORMAL,normal,0.0
2025-01-04 09:51:00,22,1479.5,55.08,1.819,11.46,NORMAL,normal,0.0
2025-01-04 09:52:00,22,1488.9,54.75,1.789,11.51,NORMAL,normal,0.0
2025-01-04 09:53:00,22,1485.4,55.92,1.642,11.76,NORMAL,normal,0.0
2025-01-04 09:54:00,22,1490.2,56.34,1.846,12.01,NORMAL,normal,0.0
2025-01-04 09:55:00,22,1479.4,55.4,1.874,12.11,NORMAL,normal,0.0
2025-01-04 09:56:00,22,1482.9,55.24,1.829,11.67,NORMAL,normal,0.0
2025-01-04 09:57:00,22,1481.2,55.33,1.825,11.91,NORMAL,normal,0.0
2025-01-04 09:58:00,22,1479.1,55.29,1.733,11.49,NORMAL,normal,0.0
2025-01-04 09:59:00,22,1476.5,55.69,1.876,11.7,NORMAL,normal,0.0
2025-01-04 10:00:00,22,1476.8,55.52,1.734,11.87,NORMAL,normal,0.0
2025-01-04 10:01:00,22,1479.0,54.68,1.856,11.74,NORMAL,normal,0.0
2025-01-04 10:02:00,22,1486.9,53.92,1.767,11.99,NORMAL,normal,0.0
2025-01-04 10:03:00,22,1481.6,54.27,1.785,11.06,NORMAL,normal,0.0
2025-01-04 10:04:00,22,1470.4,53.97,1.777,11.82,NORMAL,normal,0.0
2025-01-04 10:05:00,22,1475.5,53.78,1.864,11.47,NORMAL,normal,0.0
2025-01-04 10:06:00,22,1486.4,54.25,1.707,11.42,NORMAL,normal,0.0
2025-01-04 10:07:00,22,1473.8,54.65,1.942,11.47,NORMAL,normal,0.0
2025-01-04 10:08:00,22,1484.4,54.53,1.788,11.4,NORMAL,normal,0.0
2025-01-04 10:09:00,22,1483.6,55.19,1.721,11.22,NORMAL,normal,0.0
2025-01-04 10:10:00,22,1476.3,54.93,1.828,11.47,NORMAL,normal,0.0
2025-01-04 10:11:00,22,1487.2,54.66,1.793,11.43,NORMAL,normal,0.0
2025-01-04 10:12:00,22,1477.5,55.39,1.746,11.4,NORMAL,normal,0.0
2025-01-04 10:13:00,22,1483.6,54.39,1.772,11.77,NORMAL,normal,0.0
2025-01-04 10:14:00,22,1486.9,54.84,1.904,12.09,NORMAL,normal,0.0
2025-01-04 10:15:00,22,1482.2,54.52,1.903,11.38,NORMAL,normal,0.0
2025-01-04 10:16:00,22,1479.7,53.97,1.91,11.33,NORMAL,normal,0.0
2025-01-04 10:17:00,22,1481.2,54.32,1.857,11.38,NORMAL,normal,0.0
2025-01-04 10:18:00,22,1486.8,54.24,1.896,11.65,NORMAL,normal,0.0
2025-01-04 10:19:00,22,1488.7,55.2,1.801,11.81,NORMAL,normal,0.0
2025-01-04 10:20:00,22,1484.2,54.89,1.72,11.27,NORMAL,normal,0.0
2025-01-04 10:21:00,22,1483.5,55.0,1.836,12.15,NORMAL,normal,0.0
2025-01-04 10:22:00,22,1478.4,54.88,1.709,11.91,NORMAL,normal,0.0
2025-01-04 10:23:00,22,1472.5,54.57,1.802,11.38,NORMAL,normal,0.0
2025-01-04 10:24:00,22,1480.0,54.15,1.728,11.52,NORMAL,normal,0.0
2025-01-04 10:25:00,22,1476.4,53.72,1.719,11.54,NORMAL,normal,0.0
2025-01-04 10:26:00,22,1482.9,54.75,1.816,11.98,NORMAL,normal,0.0
2025-01-04 10:27:00,22,1483.4,54.93,1.836,11.88,NORMAL,normal,0.0
2025-01-04 10:28:00,22,1480.3,55.27,1.798,11.46,NORMAL,normal,0.0
2025-01-04 10:29:00,22,1479.8,54.83,1.916,11.97,NORMAL,normal,0.0
2025-01-04 10:30:00,22,1486.2,54.11,1.595,12.24,NORMAL,normal,0.0
2025-01-04 10:31:00,22,1482.5,54.01,1.834,12.06,NORMAL,normal,0.0
2025-01-04 10:32:00,22,1469.3,53.07,1.774,11.75,NORMAL,normal,0.0
2025-01-04 10:33:00,22,1480.2,53.18,1.714,11.99,NORMAL,normal,0.0
2025-01-04 10:34:00,22,1489.8,53.3,1.78,11.96,NORMAL,normal,0.0
2025-01-04 10:35:00,22,1471.9,53.82,1.784,12.06,NORMAL,normal,0.0
2025-01-04 10:36:00,22,1478.5,54.18,1.683,12.06,NORMAL,normal,0.0
2025-01-04 10:37:00,22,1484.2,54.55,1.778,11.5,NORMAL,normal,0.0
2025-01-04 10:38:00,22,1480.0,54.58,1.911,11.96,NORMAL,normal,0.0
2025-01-04 10:39:00,22,1482.1,54.59,1.752,11.81,NORMAL,normal,0.0
2025-01-04 10:40:00,22,1475.4,55.17,1.782,12.48,NORMAL,normal,0.0
2025-01-04 10:41:00,22,1481.5,56.4,1.924,11.82,NORMAL,normal,0.0
2025-01-04 10:42:00,22,1477.7,55.33,1.96,12.55,NORMAL,normal,0.0
2025-01-04 10:43:00,22,1487.3,55.57,1.777,11.93,NORMAL,normal,0.0
2025-01-04 10:44:00,22,1475.0,55.6,1.84,11.86,NORMAL,normal,0.0
2025-01-04 10:45:00,22,1486.7,55.82,1.831,12.03,NORMAL,normal,0.0
2025-01-04 10:46:00,22,1473.0,56.14,1.733,12.04,NORMAL,normal,0.0
2025-01-04 10:47:00,22,1482.0,55.63,1.843,12.17,NORMAL,normal,0.0
2025-01-04 10:48:00,22,1487.4,55.54,1.744,12.3,NORMAL,normal,0.0
2025-01-04 10:49:00,22,1482.8,56.22,1.752,12.48,NORMAL,normal,0.0
2025-01-04 10:50:00,22,1485.0,57.52,1.813,12.13,NORMAL,normal,0.0
2025-01-04 10:51:00,22,1475.0,57.19,1.87,12.34,NORMAL,normal,0.0
2025-01-04 10:52:00,22,1480.9,57.11,1.759,12.39,NORMAL,normal,0.0
2025-01-04 10:53:00,22,1493.4,57.18,1.886,12.43,NORMAL,normal,0.0
2025-01-04 10:54:00,22,1489.2,56.0,1.722,12.28,NORMAL,normal,0.0
2025-01-04 10:55:00,22,1482.8,56.67,1.868,12.09,NORMAL,normal,0.0
2025-01-04 10:56:00,22,1476.4,57.33,1.773,12.39,NORMAL,normal,0.0
2025-01-04 10:57:00,22,1475.7,57.38,1.823,12.57,NORMAL,normal,0.0
2025-01-04 10:58:00,22,1483.0,57.99,1.861,12.25,NORMAL,normal,0.0
2025-01-04 10:59:00,22,1479.4,57.35,1.78,12.74,NORMAL,normal,0.0
2025-01-04 11:00:00,22,1481.6,58.28,1.742,13.05,NORMAL,normal,0.0
2025-01-04 11:01:00,22,1479.4,57.75,1.842,12.43,NORMAL,normal,0.0
2025-01-04 11:02:00,22,1480.6,57.61,1.797,12.06,NORMAL,normal,0.0
2025-01-04 11:03:00,22,1479.8,57.18,1.825,12.43,NORMAL,normal,0.0
2025-01-04 11:04:00,22,1484.4,57.24,1.843,12.81,NORMAL,normal,0.0
2025-01-04 11:05:00,22,1479.0,58.1,1.849,11.97,NORMAL,normal,0.0
2025-01-04 11:06:00,22,1481.4,57.22,1.975,12.25,NORMAL,normal,0.0
2025-01-04 11:07:00,22,1481.8,57.13,1.829,12.56,NORMAL,normal,0.0
2025-01-04 11:08:00,22,1476.9,56.32,1.681,12.55,NORMAL,normal,0.0
2025-01-04 11:09:00,22,1473.1,57.27,1.77,12.59,NORMAL,normal,0.0
2025-01-04 11:10:00,22,1484.9,57.26,1.915,12.64,NORMAL,normal,0.0
2025-01-04 11:11:00,22,1492.5,56.9,1.694,12.38,NORMAL,normal,0.0
2025-01-04 11:12:00,22,1484.5,57.05,1.722,12.67,NORMAL,normal,0.0
2025-01-04 11:13:00,22,1484.1,56.87,1.864,12.86,NORMAL,normal,0.0
2025-01-04 11:14:00,22,1482.7,57.62,1.741,12.23,NORMAL,normal,0.0
2025-01-04 11:15:00,22,1475.9,57.96,1.851,12.6,NORMAL,normal,0.0
2025-01-04 11:16:00,22,1471.7,57.36,1.871,12.44,NORMAL,normal,0.0
2025-01-04 11:17:00,22,1478.7,57.08,1.883,12.63,NORMAL,normal,0.0
2025-01-04 11:18:00,22,1474.3,56.27,1.715,12.63,NORMAL,normal,0.0
2025-01-04 11:19:00,22,1479.4,56.58,2.014,12.54,NORMAL,normal,0.0
2025-01-04 11:20:00,22,1474.7,56.33,1.702,12.61,NORMAL,normal,0.0
2025-01-04 11:21:00,22,1485.9,56.02,1.811,13.29,NORMAL,normal,0.0
2025-01-04 11:22:00,22,1481.9,56.26,1.736,12.67,NORMAL,normal,0.0
2025-01-04 11:23:00,22,1475.7,56.86,1.783,12.74,NORMAL,normal,0.0
2025-01-04 11:24:00,22,1473.4,56.66,1.771,12.84,NORMAL,normal,0.0
2025-01-04 11:25:00,22,1481.4,56.1,1.89,12.03,NORMAL,normal,0.0
2025-01-04 11:26:00,22,1478.9,56.45,1.904,12.6,NORMAL,normal,0.0
2025-01-04 11:27:00,22,1479.8,56.67,1.898,12.29,NORMAL,normal,0.0
2025-01-04 11:28:00,22,1485.1,56.38,1.944,12.29,NORMAL,normal,0.0
2025-01-04 11:29:00,22,1487.0,55.75,1.918,12.15,NORMAL,normal,0.0
2025-01-04 11:30:00,22,1486.6,55.63,1.677,11.84,NORMAL,normal,0.0
2025-01-04 11:31:00,22,1480.5,55.74,1.715,12.27,NORMAL,normal,0.0
2025-01-04 11:32:00,22,1477.6,56.25,1.963,12.3,NORMAL,normal,0.0
2025-01-04 11:33:00,22,1472.7,57.04,1.683,12.29,NORMAL,normal,0.0
2025-01-04 11:34:00,22,1475.0,56.42,1.811,11.84,NORMAL,normal,0.0
2025-01-04 11:35:00,22,1481.0,55.58,1.761,11.8,NORMAL,normal,0.0
2025-01-04 11:36:00,22,1470.6,55.82,1.838,12.25,NORMAL,normal,0.0
2025-01-04 11:37:00,22,1475.5,55.72,1.88,12.25,NORMAL,normal,0.0
2025-01-04 11:38:00,22,1479.2,56.44,1.748,12.1,NORMAL,normal,0.0
2025-01-04 11:39:00,22,1485.7,55.68,1.78,12.16,NORMAL,normal,0.0
2025-01-04 11:40:00,22,1483.7,57.06,1.734,12.17,NORMAL,normal,0.0
2025-01-04 11:41:00,22,1477.1,56.37,2.034,12.1,NORMAL,normal,0.0
2025-01-04 11:42:00,22,1476.0,55.87,1.989,12.07,NORMAL,normal,0.0
2025-01-04 11:43:00,22,1479.0,55.89,1.834,11.92,NORMAL,normal,0.0
2025-01-04 11:44:00,22,1488.9,55.69,1.71,12.06,NORMAL,normal,0.0
2025-01-04 11:45:00,22,1477.5,54.36,1.886,11.51,NORMAL,normal,0.0
2025-01-04 11:46:00,22,1481.1,53.55,1.789,11.51,NORMAL,normal,0.0
2025-01-04 11:47:00,22,1489.7,54.81,1.837,11.83,NORMAL,normal,0.0
2025-01-04 11:48:00,22,1485.1,54.17,1.942,11.51,NORMAL,normal,0.0
2025-01-04 11:49:00,22,1483.1,53.41,1.833,12.09,NORMAL,normal,0.0
2025-01-04 11:50:00,22,1483.5,53.37,1.879,11.99,NORMAL,normal,0.0
2025-01-04 11:51:00,22,1482.6,53.01,1.738,11.67,NORMAL,normal,0.0
2025-01-04 11:52:00,22,1476.2,52.84,1.781,11.6,NORMAL,normal,0.0
2025-01-04 11:53:00,22,1473.5,53.23,1.957,11.57,NORMAL,normal,0.0
2025-01-04 11:54:00,22,1471.2,53.17,1.909,11.72,NORMAL,normal,0.0
2025-01-04 11:55:00,22,1477.8,52.93,1.87,10.92,NORMAL,normal,0.0
2025-01-04 11:56:00,22,1479.4,52.96,1.79,12.27,NORMAL,normal,0.0
2025-01-04 11:57:00,22,1485.0,52.81,1.945,11.79,NORMAL,normal,0.0
2025-01-04 11:58:00,22,1473.6,53.29,1.86,12.02,NORMAL,normal,0.0
2025-01-04 11:59:00,22,1486.2,52.87,2.007,11.81,NORMAL,normal,0.0
2025-01-04 12:00:00,22,1480.3,53.81,1.91,11.52,NORMAL,normal,0.0
2025-01-04 12:01:00,22,1479.7,53.93,1.827,11.48,NORMAL,normal,0.0
2025-01-04 12:02:00,22,1481.1,53.34,1.671,11.45,NORMAL,normal,0.0
2025-01-04 12:03:00,22,1478.0,53.96,1.736,11.8,NORMAL,normal,0.0
2025-01-04 12:04:00,22,1482.8,53.3,1.699,11.52,NORMAL,normal,0.0
2025-01-04 12:05:00,22,1479.3,53.65,1.852,11.78,NORMAL,normal,0.0
2025-01-04 12:06:00,22,1486.3,54.14,1.821,11.47,NORMAL,normal,0.0
2025-01-04 12:07:00,22,1484.5,53.97,1.758,11.62,NORMAL,normal,0.0
2025-01-04 12:08:00,22,1470.0,54.14,1.835,11.2,NORMAL,normal,0.0
2025-01-04 12:09:00,22,1472.3,54.72,1.742,11.41,NORMAL,normal,0.0
2025-01-04 12:10:00,22,1477.3,54.5,1.714,11.61,NORMAL,normal,0.0
2025-01-04 12:11:00,22,1484.0,55.66,1.719,11.57,NORMAL,normal,0.0
2025-01-04 12:12:00,22,1478.8,54.99,1.815,11.11,NORMAL,normal,0.0
2025-01-04 12:13:00,22,1482.3,55.06,1.774,11.68,NORMAL,normal,0.0
2025-01-04 12:14:00,22,1473.4,54.52,1.881,11.22,NORMAL,normal,0.0
2025-01-04 12:15:00,22,1481.1,54.52,1.925,11.29,NORMAL,normal,0.0
2025-01-04 12:16:00,22,1480.8,54.25,1.853,11.84,NORMAL,normal,0.0
2025-01-04 12:17:00,22,1485.1,54.47,1.906,12.0,NORMAL,normal,0.0
2025-01-04 12:18:00,22,1480.8,54.27,1.762,11.2,NORMAL,normal,0.0
2025-01-04 12:19:00,22,1480.6,53.52,1.791,11.72,NORMAL,normal,0.0
2025-01-04 12:20:00,23,1479.1,55.31,1.96,12.25,NORMAL,bearing_degradation,0.0
2025-01-04 12:21:00,23,1482.0,55.5,1.772,11.59,NORMAL,bearing_degradation,0.0046
2025-01-04 12:22:00,23,1467.8,55.22,1.777,12.05,NORMAL,bearing_degradation,0.0091
2025-01-04 12:23:00,23,1490.9,54.76,1.953,12.33,NORMAL,bearing_degradation,0.0137
2025-01-04 12:24:00,23,1489.6,54.86,1.86,11.87,NORMAL,bearing_degradation,0.0183
2025-01-04 12:25:00,23,1484.8,55.1,1.766,12.16,NORMAL,bearing_degradation,0.0228
2025-01-04 12:26:00,23,1474.5,55.6,1.796,11.9,NORMAL,bearing_degradation,0.0274
2025-01-04 12:27:00,23,1475.5,55.04,1.846,11.83,NORMAL,bearing_degradation,0.032
2025-01-04 12:28:00,23,1474.1,55.32,1.805,12.25,NORMAL,bearing_degradation,0.0365
2025-01-04 12:29:00,23,1471.1,55.66,1.82,12.04,NORMAL,bearing_degradation,0.0411
2025-01-04 12:30:00,23,1478.7,56.56,1.832,12.06,NORMAL,bearing_degradation,0.0457
2025-01-04 12:31:00,23,1473.6,56.36,1.813,12.3,NORMAL,bearing_degradation,0.0502
2025-01-04 12:32:00,23,1476.2,55.85,1.704,12.12,NORMAL,bearing_degradation,0.0548
2025-01-04 12:33:00,23,1488.4,55.21,2.043,12.3,NORMAL,bearing_degradation,0.0594
2025-01-04 12:34:00,23,1483.7,55.07,1.784,12.2,NORMAL,bearing_degradation,0.0639
2025-01-04 12:35:00,23,1477.5,54.94,1.843,12.03,NORMAL,bearing_degradation,0.0685
2025-01-04 12:36:00,23,1485.1,54.08,1.876,12.41,NORMAL,bearing_degradation,0.0731
2025-01-04 12:37:00,23,1484.7,54.56,1.83,12.68,NORMAL,bearing_degradation,0.0776
2025-01-04 12:38:00,23,1477.2,55.31,1.755,12.96,NORMAL,bearing_degradation,0.0822
2025-01-04 12:39:00,23,1484.3,56.24,2.053,12.48,NORMAL,bearing_degradation,0.0868
2025-01-04 12:40:00,23,1477.6,56.12,1.972,12.29,NORMAL,bearing_degradation,0.0913
2025-01-04 12:41:00,23,1480.5,56.13,1.813,12.54,NORMAL,bearing_degradation,0.0959
2025-01-04 12:42:00,23,1470.1,56.74,1.889,12.38,NORMAL,bearing_degradation,0.1005
2025-01-04 12:43:00,23,1481.4,56.57,2.058,12.61,NORMAL,bearing_degradation,0.105
2025-01-04 12:44:00,23,1479.7,56.75,1.916,12.61,NORMAL,bearing_degradation,0.1096
2025-01-04 12:45:00,23,1476.9,56.39,1.955,12.62,NORMAL,bearing_degradation,0.1142
2025-01-04 12:46:00,23,1481.6,56.87,1.83,12.79,NORMAL,bearing_degradation,0.1187
2025-01-04 12:47:00,23,1488.1,57.5,1.878,12.8,NORMAL,bearing_degradation,0.1233
2025-01-04 12:48:00,23,1479.1,56.91,1.951,12.25,NORMAL,bearing_degradation,0.1279
2025-01-04 12:49:00,23,1476.2,56.35,1.885,12.93,NORMAL,bearing_degradation,0.1324
2025-01-04 12:50:00,23,1480.7,56.86,2.04,12.62,NORMAL,bearing_degradation,0.137
2025-01-04 12:51:00,23,1484.7,56.94,1.975,12.55,NORMAL,bearing_degradation,0.1416
2025-01-04 12:52:00,23,1486.5,56.16,2.205,12.23,NORMAL,bearing_degradation,0.1461
2025-01-04 12:53:00,23,1482.8,56.9,2.127,13.02,NORMAL,bearing_degradation,0.1507
2025-01-04 12:54:00,23,1487.0,57.62,2.19,12.9,NORMAL,bearing_degradation,0.1553
2025-01-04 12:55:00,23,1473.6,57.75,2.055,12.6,NORMAL,bearing_degradation,0.1598
2025-01-04 12:56:00,23,1479.8,58.33,2.205,12.33,NORMAL,bearing_degradation,0.1644
2025-01-04 12:57:00,23,1481.6,57.59,2.002,12.25,NORMAL,bearing_degradation,0.1689
2025-01-04 12:58:00,23,1482.4,56.89,2.084,12.3,NORMAL,bearing_degradation,0.1735
2025-01-04 12:59:00,23,1482.2,56.77,2.085,12.32,NORMAL,bearing_degradation,0.1781
2025-01-04 13:00:00,23,1478.8,56.57,2.154,12.41,NORMAL,bearing_degradation,0.1826
2025-01-04 13:01:00,23,1479.7,57.04,2.218,12.49,NORMAL,bearing_degradation,0.1872
2025-01-04 13:02:00,23,1478.4,56.59,2.056,12.24,NORMAL,bearing_degradation,0.1918
2025-01-04 13:03:00,23,1485.9,57.2,2.19,12.48,NORMAL,bearing_degradation,0.1963
2025-01-04 13:04:00,23,1481.7,57.35,2.094,12.37,NORMAL,bearing_degradation,0.2009
2025-01-04 13:05:00,23,1492.6,58.42,2.266,12.47,NORMAL,bearing_degradation,0.2055
2025-01-04 13:06:00,23,1486.2,58.65,2.059,12.36,NORMAL,bearing_degradation,0.21
2025-01-04 13:07:00,23,1483.1,58.64,2.177,12.38,NORMAL,bearing_degradation,0.2146
2025-01-04 13:08:00,23,1485.2,57.95,2.077,12.28,NORMAL,bearing_degradation,0.2192
2025-01-04 13:09:00,23,1474.9,58.15,2.253,12.45,NORMAL,bearing_degradation,0.2237
2025-01-04 13:10:00,23,1485.6,58.61,2.362,12.33,NORMAL,bearing_degradation,0.2283
2025-01-04 13:11:00,23,1477.7,59.79,2.308,12.03,NORMAL,bearing_degradation,0.2329
2025-01-04 13:12:00,23,1485.7,60.12,2.15,12.11,NORMAL,bearing_degradation,0.2374
2025-01-04 13:13:00,23,1478.3,60.97,2.328,12.2,NORMAL,bearing_degradation,0.242
2025-01-04 13:14:00,23,1480.0,60.27,2.519,12.42,NORMAL,bearing_degradation,0.2466
2025-01-04 13:15:00,23,1490.4,60.69,2.408,12.35,NORMAL,bearing_degradation,0.2511
2025-01-04 13:16:00,23,1474.1,61.43,2.145,12.22,NORMAL,bearing_degradation,0.2557
2025-01-04 13:17:00,23,1482.0,61.4,2.495,12.54,NORMAL,bearing_degradation,0.2603
2025-01-04 13:18:00,23,1485.9,61.27,2.492,12.17,NORMAL,bearing_degradation,0.2648
2025-01-04 13:19:00,23,1480.7,61.64,2.126,12.24,NORMAL,bearing_degradation,0.2694
2025-01-04 13:20:00,23,1480.7,60.61,2.407,12.13,NORMAL,bearing_degradation,0.274
2025-01-04 13:21:00,23,1488.3,61.43,2.352,11.97,NORMAL,bearing_degradation,0.2785
2025-01-04 13:22:00,23,1484.9,60.89,2.429,12.29,NORMAL,bearing_degradation,0.2831
2025-01-04 13:23:00,23,1479.6,60.53,2.545,11.91,NORMAL,bearing_degradation,0.2877
2025-01-04 13:24:00,23,1480.4,60.05,2.442,12.22,NORMAL,bearing_degradation,0.2922
2025-01-04 13:25:00,23,1467.3,60.04,2.538,11.77,NORMAL,bearing_degradation,0.2968
2025-01-04 13:26:00,23,1469.1,60.51,2.564,12.1,NORMAL,bearing_degradation,0.3014
2025-01-04 13:27:00,23,1481.5,60.55,2.27,11.75,NORMAL,bearing_degradation,0.3059
2025-01-04 13:28:00,23,1476.3,61.33,2.465,12.04,NORMAL,bearing_degradation,0.3105
2025-01-04 13:29:00,23,1472.6,61.04,2.507,12.14,NORMAL,bearing_degradation,0.3151
2025-01-04 13:30:00,23,1479.0,61.62,2.57,11.94,NORMAL,bearing_degradation,0.3196
2025-01-04 13:31:00,23,1480.5,61.91,2.507,11.63,NORMAL,bearing_degradation,0.3242
2025-01-04 13:32:00,23,1480.5,62.69,2.452,12.05,NORMAL,bearing_degradation,0.3288
2025-01-04 13:33:00,23,1476.7,61.9,2.495,11.7,NORMAL,bearing_degradation,0.3333
2025-01-04 13:34:00,23,1490.0,61.53,2.539,11.66,NORMAL,bearing_degradation,0.3379
2025-01-04 13:35:00,23,1478.1,61.17,2.529,12.22,NORMAL,bearing_degradation,0.3425
2025-01-04 13:36:00,23,1472.3,61.4,2.675,11.82,NORMAL,bearing_degradation,0.347
2025-01-04 13:37:00,23,1482.8,61.03,2.648,11.82,WARNING,bearing_degradation,0.3516
2025-01-04 13:38:00,23,1471.7,61.57,2.576,11.55,WARNING,bearing_degradation,0.3562
2025-01-04 13:39:00,23,1471.0,61.9,2.619,11.77,WARNING,bearing_degradation,0.3607
2025-01-04 13:40:00,23,1482.0,62.85,2.648,11.64,WARNING,bearing_degradation,0.3653
2025-01-04 13:41:00,23,1478.4,63.05,2.852,11.72,WARNING,bearing_degradation,0.3699
2025-01-04 13:42:00,23,1479.3,63.3,2.741,11.69,WARNING,bearing_degradation,0.3744
2025-01-04 13:43:00,23,1487.7,62.82,2.847,12.05,WARNING,bearing_degradation,0.379
2025-01-04 13:44:00,23,1474.1,62.85,2.774,11.97,WARNING,bearing_degradation,0.3836
2025-01-04 13:45:00,23,1476.5,63.69,2.919,11.95,WARNING,bearing_degradation,0.3881
2025-01-04 13:46:00,23,1477.8,63.77,2.727,12.01,WARNING,bearing_degradation,0.3927
2025-01-04 13:47:00,23,1476.9,64.43,2.701,11.65,WARNING,bearing_degradation,0.3973
2025-01-04 13:48:00,23,1472.5,64.48,2.888,11.6,WARNING,bearing_degradation,0.4018
2025-01-04 13:49:00,23,1479.3,64.43,2.812,11.71,WARNING,bearing_degradation,0.4064
2025-01-04 13:50:00,23,1477.1,64.58,3.001,11.79,WARNING,bearing_degradation,0.411
2025-01-04 13:51:00,23,1476.8,65.18,2.826,11.63,WARNING,bearing_degradation,0.4155
2025-01-04 13:52:00,23,1476.2,65.2,2.636,11.81,WARNING,bearing_degradation,0.4201
2025-01-04 13:53:00,23,1477.1,66.18,3.01,11.12,WARNING,bearing_degradation,0.4247
2025-01-04 13:54:00,23,1485.3,66.51,2.853,11.7,WARNING,bearing_degradation,0.4292
2025-01-04 13:55:00,23,1482.7,67.62,2.87,11.42,WARNING,bearing_degradation,0.4338
2025-01-04 13:56:00,23,1484.8,67.85,2.979,11.88,WARNING,bearing_degradation,0.4384
2025-01-04 13:57:00,23,1483.7,67.54,2.738,11.76,WARNING,bearing_degradation,0.4429
2025-01-04 13:58:00,23,1479.2,66.87,3.087,11.41,WARNING,bearing_degradation,0.4475
2025-01-04 13:59:00,23,1476.6,67.82,3.034,12.08,WARNING,bearing_degradation,0.4521
2025-01-04 14:00:00,23,1478.6,68.12,3.131,12.07,WARNING,bearing_degradation,0.4566
2025-01-04 14:01:00,23,1479.9,67.57,3.006,11.64,WARNING,bearing_degradation,0.4612
2025-01-04 14:02:00,23,1481.7,68.04,3.065,11.83,WARNING,bearing_degradation,0.4658
2025-01-04 14:03:00,23,1479.0,68.55,2.982,11.88,WARNING,bearing_degradation,0.4703
2025-01-04 14:04:00,23,1474.9,68.23,3.134,11.96,WARNING,bearing_degradation,0.4749
2025-01-04 14:05:00,23,1478.5,67.7,2.94,12.02,WARNING,bearing_degradation,0.4795
2025-01-04 14:06:00,23,1485.4,68.55,3.136,11.87,WARNING,bearing_degradation,0.484
2025-01-04 14:07:00,23,1474.8,69.38,3.076,11.58,WARNING,bearing_degradation,0.4886
2025-01-04 14:08:00,23,1489.4,69.51,2.982,11.86,WARNING,bearing_degradation,0.4932
2025-01-04 14:09:00,23,1477.4,69.83,3.201,12.06,WARNING,bearing_degradation,0.4977
2025-01-04 14:10:00,23,1475.2,69.73,3.248,11.84,WARNING,bearing_degradation,0.5023
2025-01-04 14:11:00,23,1471.3,70.36,3.193,12.0,WARNING,bearing_degradation,0.5068
2025-01-04 14:12:00,23,1479.7,69.4,3.278,12.16,WARNING,bearing_degradation,0.5114
2025-01-04 14:13:00,23,1470.0,69.57,3.243,12.27,WARNING,bearing_degradation,0.516
2025-01-04 14:14:00,23,1475.7,70.26,3.272,12.15,WARNING,bearing_degradation,0.5205
2025-01-04 14:15:00,23,1483.6,70.64,3.253,12.24,WARNING,bearing_degradation,0.5251
2025-01-04 14:16:00,23,1482.1,71.45,3.551,12.28,WARNING,bearing_degradation,0.5297
2025-01-04 14:17:00,23,1474.2,71.67,3.281,11.78,WARNING,bearing_degradation,0.5342
2025-01-04 14:18:00,23,1483.2,72.13,3.056,12.39,WARNING,bearing_degradation,0.5388
2025-01-04 14:19:00,23,1482.7,72.26,3.249,12.57,WARNING,bearing_degradation,0.5434
2025-01-04 14:20:00,23,1483.0,72.96,3.406,12.5,WARNING,bearing_degradation,0.5479
2025-01-04 14:21:00,23,1479.0,72.98,3.479,12.75,WARNING,bearing_degradation,0.5525
2025-01-04 14:22:00,23,1474.4,73.75,3.551,12.82,WARNING,bearing_degradation,0.5571
2025-01-04 14:23:00,23,1483.6,73.51,3.178,12.34,WARNING,bearing_degradation,0.5616
2025-01-04 14:24:00,23,1480.2,74.76,3.726,12.26,WARNING,bearing_degradation,0.5662
2025-01-04 14:25:00,23,1478.1,75.21,3.424,12.77,WARNING,bearing_degradation,0.5708
2025-01-04 14:26:00,23,1483.2,74.65,3.444,12.71,WARNING,bearing_degradation,0.5753
2025-01-04 14:27:00,23,1476.0,75.26,3.554,12.41,WARNING,bearing_degradation,0.5799
2025-01-04 14:28:00,23,1477.1,75.82,3.558,12.42,WARNING,bearing_degradation,0.5845
2025-01-04 14:29:00,23,1476.7,75.59,3.762,12.94,WARNING,bearing_degradation,0.589
2025-01-04 14:30:00,23,1480.1,75.57,3.566,12.83,WARNING,bearing_degradation,0.5936
2025-01-04 14:31:00,23,1477.9,75.65,3.657,12.33,WARNING,bearing_degradation,0.5982
2025-01-04 14:32:00,23,1483.2,75.61,3.691,12.99,WARNING,bearing_degradation,0.6027
2025-01-04 14:33:00,23,1477.7,76.79,3.54,12.67,WARNING,bearing_degradation,0.6073
2025-01-04 14:34:00,23,1481.4,76.05,3.634,12.55,WARNING,bearing_degradation,0.6119
2025-01-04 14:35:00,23,1475.8,75.79,3.841,12.72,WARNING,bearing_degradation,0.6164
2025-01-04 14:36:00,23,1475.8,75.77,3.848,12.83,WARNING,bearing_degradation,0.621
2025-01-04 14:37:00,23,1478.5,76.85,4.087,13.17,WARNING,bearing_degradation,0.6256
2025-01-04 14:38:00,23,1471.2,77.34,3.78,12.73,WARNING,bearing_degradation,0.6301
2025-01-04 14:39:00,23,1485.3,77.2,3.869,12.69,WARNING,bearing_degradation,0.6347
2025-01-04 14:40:00,23,1483.1,77.51,3.946,12.96,WARNING,bearing_degradation,0.6393
2025-01-04 14:41:00,23,1480.3,78.07,3.905,13.12,WARNING,bearing_degradation,0.6438
2025-01-04 14:42:00,23,1480.1,77.88,3.881,12.94,WARNING,bearing_degradation,0.6484
2025-01-04 14:43:00,23,1476.0,78.56,3.989,12.8,WARNING,bearing_degradation,0.653
2025-01-04 14:44:00,23,1479.7,79.19,4.051,13.15,WARNING,bearing_degradation,0.6575
2025-01-04 14:45:00,23,1477.6,78.57,4.014,13.19,WARNING,bearing_degradation,0.6621
2025-01-04 14:46:00,23,1488.5,79.26,4.307,13.25,WARNING,bearing_degradation,0.6667
2025-01-04 14:47:00,23,1482.9,79.96,3.953,13.0,WARNING,bearing_degradation,0.6712
2025-01-04 14:48:00,23,1475.1,80.44,3.867,12.93,WARNING,bearing_degradation,0.6758
2025-01-04 14:49:00,23,1475.7,80.06,4.012,13.01,WARNING,bearing_degradation,0.6804
2025-01-04 14:50:00,23,1467.8,80.52,3.915,13.11,WARNING,bearing_degradation,0.6849
2025-01-04 14:51:00,23,1482.5,80.29,4.181,12.9,WARNING,bearing_degradation,0.6895
2025-01-04 14:52:00,23,1481.9,80.74,4.081,13.28,WARNING,bearing_degradation,0.6941
2025-01-04 14:53:00,23,1486.4,81.99,4.066,13.32,WARNING,bearing_degradation,0.6986
2025-01-04 14:54:00,23,1480.3,82.52,4.234,12.83,FAULT,bearing_degradation,0.7032
2025-01-04 14:55:00,23,1485.6,82.7,4.107,13.21,FAULT,bearing_degradation,0.7078
2025-01-04 14:56:00,23,1482.0,82.68,4.328,13.19,FAULT,bearing_degradation,0.7123
2025-01-04 14:57:00,23,1484.2,82.76,4.398,12.92,FAULT,bearing_degradation,0.7169
2025-01-04 14:58:00,23,1471.2,82.74,4.341,13.36,FAULT,bearing_degradation,0.7215
2025-01-04 14:59:00,23,1480.7,83.0,4.241,12.95,FAULT,bearing_degradation,0.726
2025-01-04 15:00:00,23,1476.1,83.44,4.261,12.81,FAULT,bearing_degradation,0.7306
2025-01-04 15:01:00,23,1481.2,83.44,4.254,13.04,FAULT,bearing_degradation,0.7352
2025-01-04 15:02:00,23,1485.7,83.24,4.276,13.18,FAULT,bearing_degradation,0.7397
2025-01-04 15:03:00,23,1484.1,84.19,4.531,13.29,FAULT,bearing_degradation,0.7443
2025-01-04 15:04:00,23,1481.5,83.74,4.587,13.41,FAULT,bearing_degradation,0.7489
2025-01-04 15:05:00,23,1477.0,83.2,4.179,13.26,FAULT,bearing_degradation,0.7534
2025-01-04 15:06:00,23,1471.1,83.66,4.265,12.55,FAULT,bearing_degradation,0.758
2025-01-04 15:07:00,23,1474.6,83.96,4.193,12.96,FAULT,bearing_degradation,0.7626
2025-01-04 15:08:00,23,1470.7,84.06,4.373,12.94,FAULT,bearing_degradation,0.7671
2025-01-04 15:09:00,23,1478.4,84.2,4.702,13.48,FAULT,bearing_degradation,0.7717
2025-01-04 15:10:00,23,1473.4,84.48,4.498,12.97,FAULT,bearing_degradation,0.7763
2025-01-04 15:11:00,23,1483.1,84.53,4.92,12.48,FAULT,bearing_degradation,0.7808
2025-01-04 15:12:00,23,1487.7,85.18,4.499,13.09,FAULT,bearing_degradation,0.7854
2025-01-04 15:13:00,23,1486.2,84.57,4.923,12.96,FAULT,bearing_degradation,0.79
2025-01-04 15:14:00,23,1476.5,85.21,4.993,12.5,FAULT,bearing_degradation,0.7945
2025-01-04 15:15:00,23,1467.4,85.56,4.433,13.06,FAULT,bearing_degradation,0.7991
2025-01-04 15:16:00,23,1478.1,86.22,4.546,12.32,FAULT,bearing_degradation,0.8037
2025-01-04 15:17:00,23,1478.6,86.76,4.452,12.81,FAULT,bearing_degradation,0.8082
2025-01-04 15:18:00,23,1479.0,86.6,4.751,12.79,FAULT,bearing_degradation,0.8128
2025-01-04 15:19:00,23,1480.3,87.25,4.88,13.02,FAULT,bearing_degradation,0.8174
2025-01-04 15:20:00,23,1476.6,87.09,4.888,12.86,FAULT,bearing_degradation,0.8219
2025-01-04 15:21:00,23,1477.7,86.43,4.921,13.07,FAULT,bearing_degradation,0.8265
2025-01-04 15:22:00,23,1488.2,86.69,5.029,12.76,FAULT,bearing_degradation,0.8311
2025-01-04 15:23:00,23,1482.0,86.33,4.745,12.64,FAULT,bearing_degradation,0.8356
2025-01-04 15:24:00,23,1471.3,86.9,5.283,12.69,FAULT,bearing_degradation,0.8402
2025-01-04 15:25:00,23,1479.8,87.36,4.762,12.58,FAULT,bearing_degradation,0.8447
2025-01-04 15:26:00,23,1479.0,87.84,4.8,12.75,FAULT,bearing_degradation,0.8493
2025-01-04 15:27:00,23,1482.0,88.1,5.079,12.57,FAULT,bearing_degradation,0.8539
2025-01-04 15:28:00,23,1487.4,88.72,4.816,12.13,FAULT,bearing_degradation,0.8584
2025-01-04 15:29:00,23,1476.9,88.93,4.817,12.81,FAULT,bearing_degradation,0.863
2025-01-04 15:30:00,23,1473.7,89.18,5.375,12.17,FAULT,bearing_degradation,0.8676
2025-01-04 15:31:00,23,1470.6,89.88,5.106,12.39,FAULT,bearing_degradation,0.8721
2025-01-04 15:32:00,23,1479.9,89.3,5.325,12.43,FAULT,bearing_degradation,0.8767
2025-01-04 15:33:00,23,1481.2,89.12,5.064,12.07,FAULT,bearing_degradation,0.8813
2025-01-04 15:34:00,23,1476.3,89.36,5.415,12.69,FAULT,bearing_degradation,0.8858
2025-01-04 15:35:00,23,1482.4,89.97,4.792,12.36,FAULT,bearing_degradation,0.8904
2025-01-04 15:36:00,23,1480.8,90.5,5.089,12.48,FAULT,bearing_degradation,0.895
2025-01-04 15:37:00,23,1480.0,91.07,5.37,12.56,FAULT,bearing_degradation,0.8995
2025-01-04 15:38:00,23,1488.6,91.0,5.39,12.91,FAULT,bearing_degradation,0.9041
2025-01-04 15:39:00,23,1472.0,92.05,5.239,12.41,FAULT,bearing_degradation,0.9087
2025-01-04 15:40:00,23,1474.3,92.3,5.276,12.56,FAULT,bearing_degradation,0.9132
2025-01-04 15:41:00,23,1479.1,93.27,5.384,12.72,FAULT,bearing_degradation,0.9178
2025-01-04 15:42:00,23,1480.2,92.83,5.191,12.83,FAULT,bearing_degradation,0.9224
2025-01-04 15:43:00,23,1489.0,93.38,5.621,12.82,FAULT,bearing_degradation,0.9269
2025-01-04 15:44:00,23,1469.4,93.21,5.201,12.52,FAULT,bearing_degradation,0.9315
2025-01-04 15:45:00,23,1478.4,92.84,5.538,12.4,FAULT,bearing_degradation,0.9361
2025-01-04 15:46:00,23,1484.4,93.53,5.547,12.38,FAULT,bearing_degradation,0.9406
2025-01-04 15:47:00,23,1480.5,94.47,5.729,12.48,FAULT,bearing_degradation,0.9452
2025-01-04 15:48:00,23,1470.6,94.22,5.59,12.35,FAULT,bearing_degradation,0.9498
2025-01-04 15:49:00,23,1485.8,94.84,5.7,11.95,FAULT,bearing_degradation,0.9543
2025-01-04 15:50:00,23,1483.0,94.26,5.417,12.25,FAULT,bearing_degradation,0.9589
2025-01-04 15:51:00,23,1478.3,94.74,5.548,12.67,FAULT,bearing_degradation,0.9635
2025-01-04 15:52:00,23,1474.7,94.59,5.656,12.41,FAULT,bearing_degradation,0.968
2025-01-04 15:53:00,23,1472.1,95.26,5.759,12.6,FAULT,bearing_degradation,0.9726
2025-01-04 15:54:00,23,1476.4,95.1,5.697,12.15,FAULT,bearing_degradation,0.9772
2025-01-04 15:55:00,23,1480.2,94.98,5.743,12.1,FAULT,bearing_degradation,0.9817
2025-01-04 15:56:00,23,1478.2,95.52,5.907,12.32,FAULT,bearing_degradation,0.9863
2025-01-04 15:57:00,23,1481.2,95.29,5.696,12.61,FAULT,bearing_degradation,0.9909
2025-01-04 15:58:00,23,1476.7,96.23,6.058,12.93,FAULT,bearing_degradation,0.9954
2025-01-04 15:59:00,23,1485.5,96.51,5.435,12.34,FAULT,bearing_degradation,1.0
2025-01-04 16:00:00,24,1492.1,55.19,1.775,12.19,NORMAL,combined,0.0
2025-01-04 16:01:00,24,1481.8,53.82,1.799,11.73,NORMAL,combined,0.0046
2025-01-04 16:02:00,24,1486.4,54.24,1.754,11.59,NORMAL,combined,0.0091
2025-01-04 16:03:00,24,1482.1,53.93,1.868,12.36,NORMAL,combined,0.0137
2025-01-04 16:04:00,24,1475.6,53.08,1.784,12.32,NORMAL,combined,0.0183
2025-01-04 16:05:00,24,1480.6,53.78,1.888,12.36,NORMAL,combined,0.0228
2025-01-04 16:06:00,24,1485.2,54.2,1.596,12.57,NORMAL,combined,0.0274
2025-01-04 16:07:00,24,1486.6,55.3,1.727,11.76,NORMAL,combined,0.032
2025-01-04 16:08:00,24,1475.2,55.74,1.801,12.36,NORMAL,combined,0.0365
2025-01-04 16:09:00,24,1485.2,56.09,1.85,11.99,NORMAL,combined,0.0411
2025-01-04 16:10:00,24,1483.4,54.81,1.69,12.64,NORMAL,combined,0.0457
2025-01-04 16:11:00,24,1484.9,55.23,1.791,12.49,NORMAL,combined,0.0502
2025-01-04 16:12:00,24,1479.6,55.71,1.885,12.32,NORMAL,combined,0.0548
2025-01-04 16:13:00,24,1490.6,55.57,1.745,11.57,NORMAL,combined,0.0594
2025-01-04 16:14:00,24,1477.3,56.11,1.831,12.16,NORMAL,combined,0.0639
2025-01-04 16:15:00,24,1472.7,56.3,1.905,12.58,NORMAL,combined,0.0685
2025-01-04 16:16:00,24,1482.0,56.15,1.953,12.46,NORMAL,combined,0.0731
2025-01-04 16:17:00,24,1482.0,55.35,1.932,12.69,NORMAL,combined,0.0776
2025-01-04 16:18:00,24,1478.6,55.91,1.801,12.63,NORMAL,combined,0.0822
2025-01-04 16:19:00,24,1478.1,55.97,1.837,12.67,NORMAL,combined,0.0868
2025-01-04 16:20:00,24,1486.6,56.22,2.052,12.79,NORMAL,combined,0.0913
2025-01-04 16:21:00,24,1488.5,55.99,1.933,12.44,NORMAL,combined,0.0959
2025-01-04 16:22:00,24,1475.8,55.44,1.92,12.7,NORMAL,combined,0.1005
2025-01-04 16:23:00,24,1477.1,55.68,1.947,12.76,NORMAL,combined,0.105
2025-01-04 16:24:00,24,1480.5,55.88,1.834,12.39,NORMAL,combined,0.1096
2025-01-04 16:25:00,24,1481.8,55.98,1.966,12.43,NORMAL,combined,0.1142
2025-01-04 16:26:00,24,1486.7,55.68,2.002,12.61,NORMAL,combined,0.1187
2025-01-04 16:27:00,24,1475.6,56.24,1.965,12.74,NORMAL,combined,0.1233
2025-01-04 16:28:00,24,1481.0,57.47,1.942,12.56,NORMAL,combined,0.1279
2025-01-04 16:29:00,24,1476.3,57.33,1.873,12.29,NORMAL,combined,0.1324
2025-01-04 16:30:00,24,1483.7,57.39,1.943,13.08,NORMAL,combined,0.137
2025-01-04 16:31:00,24,1484.5,57.51,1.937,12.53,NORMAL,combined,0.1416
2025-01-04 16:32:00,24,1481.3,57.87,1.997,12.8,NORMAL,combined,0.1461
2025-01-04 16:33:00,24,1471.7,57.66,1.993,12.61,NORMAL,combined,0.1507
2025-01-04 16:34:00,24,1480.8,57.61,1.989,12.24,NORMAL,combined,0.1553
2025-01-04 16:35:00,24,1473.4,56.61,2.086,12.95,NORMAL,combined,0.1598
2025-01-04 16:36:00,24,1474.8,57.25,2.084,12.4,NORMAL,combined,0.1644
2025-01-04 16:37:00,24,1483.9,56.26,2.05,12.57,NORMAL,combined,0.1689
2025-01-04 16:38:00,24,1482.6,56.49,2.251,13.21,NORMAL,combined,0.1735
2025-01-04 16:39:00,24,1473.0,57.03,2.16,12.73,NORMAL,combined,0.1781
2025-01-04 16:40:00,24,1480.0,57.8,2.105,13.02,NORMAL,combined,0.1826
2025-01-04 16:41:00,24,1475.8,57.76,2.025,12.14,NORMAL,combined,0.1872
2025-01-04 16:42:00,24,1472.9,57.79,2.157,12.68,NORMAL,combined,0.1918
2025-01-04 16:43:00,24,1482.3,58.79,2.166,12.74,NORMAL,combined,0.1963
2025-01-04 16:44:00,24,1481.9,59.2,2.105,12.67,NORMAL,combined,0.2009
2025-01-04 16:45:00,24,1479.2,59.79,2.052,12.98,NORMAL,combined,0.2055
2025-01-04 16:46:00,24,1484.0,60.54,2.306,13.27,NORMAL,combined,0.21
2025-01-04 16:47:00,24,1479.7,60.33,2.159,12.29,NORMAL,combined,0.2146
2025-01-04 16:48:00,24,1480.5,60.01,2.194,12.27,NORMAL,combined,0.2192
2025-01-04 16:49:00,24,1481.1,60.11,2.108,12.78,NORMAL,combined,0.2237
2025-01-04 16:50:00,24,1483.4,60.08,2.373,12.64,NORMAL,combined,0.2283
2025-01-04 16:51:00,24,1478.8,60.69,2.287,12.86,NORMAL,combined,0.2329
2025-01-04 16:52:00,24,1466.0,60.39,2.279,12.84,NORMAL,combined,0.2374
2025-01-04 16:53:00,24,1466.3,61.1,2.247,12.53,NORMAL,combined,0.242
2025-01-04 16:54:00,24,1479.4,61.17,2.191,12.19,NORMAL,combined,0.2466
2025-01-04 16:55:00,24,1481.0,60.77,2.258,12.84,NORMAL,combined,0.2511
2025-01-04 16:56:00,24,1482.7,59.92,2.385,12.27,NORMAL,combined,0.2557
2025-01-04 16:57:00,24,1487.5,59.12,2.393,12.36,NORMAL,combined,0.2603
2025-01-04 16:58:00,24,1478.3,59.21,2.209,12.58,NORMAL,combined,0.2648
2025-01-04 16:59:00,24,1476.8,59.08,2.439,13.11,NORMAL,combined,0.2694
2025-01-04 17:00:00,24,1471.5,59.02,2.382,13.05,NORMAL,combined,0.274
2025-01-04 17:01:00,24,1481.3,58.6,2.278,12.64,NORMAL,combined,0.2785
2025-01-04 17:02:00,24,1477.0,59.72,2.361,12.78,NORMAL,combined,0.2831
2025-01-04 17:03:00,24,1475.0,59.95,2.191,12.57,NORMAL,combined,0.2877
2025-01-04 17:04:00,24,1477.8,60.07,2.385,12.98,NORMAL,combined,0.2922
2025-01-04 17:05:00,24,1476.2,60.28,2.338,12.17,NORMAL,combined,0.2968
2025-01-04 17:06:00,24,1477.9,60.24,2.324,12.59,NORMAL,combined,0.3014
2025-01-04 17:07:00,24,1473.5,60.18,2.364,12.69,NORMAL,combined,0.3059
2025-01-04 17:08:00,24,1473.6,60.71,2.372,12.55,NORMAL,combined,0.3105
2025-01-04 17:09:00,24,1477.5,61.4,2.448,12.66,NORMAL,combined,0.3151
2025-01-04 17:10:00,24,1478.8,61.23,2.513,12.73,NORMAL,combined,0.3196
2025-01-04 17:11:00,24,1477.2,61.35,2.452,12.18,NORMAL,combined,0.3242
2025-01-04 17:12:00,24,1478.0,60.94,2.487,12.83,NORMAL,combined,0.3288
2025-01-04 17:13:00,24,1467.3,61.13,2.46,12.18,NORMAL,combined,0.3333
2025-01-04 17:14:00,24,1472.3,60.68,2.647,12.8,NORMAL,combined,0.3379
2025-01-04 17:15:00,24,1472.0,59.77,2.617,12.81,NORMAL,combined,0.3425
2025-01-04 17:16:00,24,1477.3,60.56,2.35,12.43,NORMAL,combined,0.347
2025-01-04 17:17:00,24,1490.9,60.45,2.567,12.25,WARNING,combined,0.3516
2025-01-04 17:18:00,24,1476.1,60.41,2.538,12.34,WARNING,combined,0.3562
2025-01-04 17:19:00,24,1477.6,60.28,2.606,12.35,WARNING,combined,0.3607
2025-01-04 17:20:00,24,1473.5,60.84,2.534,12.4,WARNING,combined,0.3653
2025-01-04 17:21:00,24,1474.3,61.22,2.47,12.84,WARNING,combined,0.3699
2025-01-04 17:22:00,24,1468.5,61.69,2.632,12.39,WARNING,combined,0.3744
2025-01-04 17:23:00,24,1473.5,61.03,2.679,12.55,WARNING,combined,0.379
2025-01-04 17:24:00,24,1482.3,61.33,2.774,12.43,WARNING,combined,0.3836
2025-01-04 17:25:00,24,1480.0,62.96,2.725,13.01,WARNING,combined,0.3881
2025-01-04 17:26:00,24,1474.4,61.8,2.672,12.39,WARNING,combined,0.3927
2025-01-04 17:27:00,24,1481.2,62.48,2.713,12.87,WARNING,combined,0.3973
2025-01-04 17:28:00,24,1469.5,62.51,2.666,13.11,WARNING,combined,0.4018
2025-01-04 17:29:00,24,1471.5,63.35,2.67,12.65,WARNING,combined,0.4064
2025-01-04 17:30:00,24,1478.2,64.03,2.821,13.1,WARNING,combined,0.411
2025-01-04 17:31:00,24,1476.3,64.48,3.125,12.66,WARNING,combined,0.4155
2025-01-04 17:32:00,24,1472.6,64.57,2.935,12.69,WARNING,combined,0.4201
2025-01-04 17:33:00,24,1486.4,64.05,2.958,12.89,WARNING,combined,0.4247
2025-01-04 17:34:00,24,1475.3,64.45,2.756,13.02,WARNING,combined,0.4292
2025-01-04 17:35:00,24,1473.4,64.46,3.073,13.2,WARNING,combined,0.4338
2025-01-04 17:36:00,24,1477.0,63.88,2.836,12.78,WARNING,combined,0.4384
2025-01-04 17:37:00,24,1471.7,64.24,2.908,12.46,WARNING,combined,0.4429
2025-01-04 17:38:00,24,1479.1,64.16,2.937,12.23,WARNING,combined,0.4475
2025-01-04 17:39:00,24,1467.0,63.03,2.885,13.3,WARNING,combined,0.4521
2025-01-04 17:40:00,24,1469.7,62.93,3.068,12.8,WARNING,combined,0.4566
2025-01-04 17:41:00,24,1483.9,63.51,3.034,13.24,WARNING,combined,0.4612
2025-01-04 17:42:00,24,1474.5,62.94,3.155,13.52,WARNING,combined,0.4658
2025-01-04 17:43:00,24,1473.4,63.82,3.021,12.97,WARNING,combined,0.4703
2025-01-04 17:44:00,24,1474.7,64.79,3.269,13.39,WARNING,combined,0.4749
2025-01-04 17:45:00,24,1467.4,65.62,2.967,12.97,WARNING,combined,0.4795
2025-01-04 17:46:00,24,1468.4,67.07,2.969,12.91,WARNING,combined,0.484
2025-01-04 17:47:00,24,1472.5,67.44,3.161,12.95,WARNING,combined,0.4886
2025-01-04 17:48:00,24,1464.2,67.41,2.999,13.09,WARNING,combined,0.4932
2025-01-04 17:49:00,24,1469.0,66.97,3.317,13.44,WARNING,combined,0.4977
2025-01-04 17:50:00,24,1477.9,67.42,3.105,13.21,WARNING,combined,0.5023
2025-01-04 17:51:00,24,1460.5,67.03,3.26,13.23,WARNING,combined,0.5068
2025-01-04 17:52:00,24,1482.5,67.22,3.125,13.69,WARNING,combined,0.5114
2025-01-04 17:53:00,24,1474.5,68.04,3.178,13.42,WARNING,combined,0.516
2025-01-04 17:54:00,24,1477.1,67.72,3.166,13.28,WARNING,combined,0.5205
2025-01-04 17:55:00,24,1477.3,66.96,3.391,13.73,WARNING,combined,0.5251
2025-01-04 17:56:00,24,1476.1,68.15,3.426,13.68,WARNING,combined,0.5297
2025-01-04 17:57:00,24,1465.6,68.73,3.369,13.43,WARNING,combined,0.5342
2025-01-04 17:58:00,24,1475.2,68.53,3.528,13.85,WARNING,combined,0.5388
2025-01-04 17:59:00,24,1469.5,69.27,3.291,13.65,WARNING,combined,0.5434
2025-01-04 18:00:00,24,1478.3,69.29,3.152,13.83,WARNING,combined,0.5479
2025-01-04 18:01:00,24,1467.9,69.76,3.416,14.24,WARNING,combined,0.5525
2025-01-04 18:02:00,24,1478.4,69.36,3.288,13.93,WARNING,combined,0.5571
2025-01-04 18:03:00,24,1472.8,70.1,3.442,14.21,WARNING,combined,0.5616
2025-01-04 18:04:00,24,1474.9,70.36,3.308,13.68,WARNING,combined,0.5662
2025-01-04 18:05:00,24,1478.9,71.4,3.435,13.68,WARNING,combined,0.5708
2025-01-04 18:06:00,24,1473.7,71.29,3.481,13.82,WARNING,combined,0.5753
2025-01-04 18:07:00,24,1474.6,71.19,3.544,13.99,WARNING,combined,0.5799
2025-01-04 18:08:00,24,1468.0,70.91,3.716,14.43,WARNING,combined,0.5845
2025-01-04 18:09:00,24,1465.1,70.76,3.554,14.13,WARNING,combined,0.589
2025-01-04 18:10:00,24,1465.2,70.74,3.404,14.34,WARNING,combined,0.5936
2025-01-04 18:11:00,24,1483.2,70.12,3.637,14.06,WARNING,combined,0.5982
2025-01-04 18:12:00,24,1472.6,70.54,3.525,14.72,WARNING,combined,0.6027
2025-01-04 18:13:00,24,1460.6,71.01,3.462,14.26,WARNING,combined,0.6073
2025-01-04 18:14:00,24,1465.2,71.22,3.639,14.14,WARNING,combined,0.6119
2025-01-04 18:15:00,24,1472.2,71.03,3.837,14.58,WARNING,combined,0.6164
2025-01-04 18:16:00,24,1477.7,71.0,3.635,14.75,WARNING,combined,0.621
2025-01-04 18:17:00,24,1470.6,71.72,3.571,14.68,WARNING,combined,0.6256
2025-01-04 18:18:00,24,1467.5,71.55,3.625,14.73,WARNING,combined,0.6301
2025-01-04 18:19:00,24,1462.3,71.78,3.77,14.65,WARNING,combined,0.6347
2025-01-04 18:20:00,24,1472.4,71.51,3.834,14.68,WARNING,combined,0.6393
2025-01-04 18:21:00,24,1466.5,71.6,3.844,14.79,WARNING,combined,0.6438
2025-01-04 18:22:00,24,1465.6,72.36,3.87,14.73,WARNING,combined,0.6484
2025-01-04 18:23:00,24,1473.8,72.74,3.761,15.06,WARNING,combined,0.653
2025-01-04 18:24:00,24,1470.7,72.56,3.518,14.61,WARNING,combined,0.6575
2025-01-04 18:25:00,24,1467.6,73.04,3.863,14.93,WARNING,combined,0.6621
2025-01-04 18:26:00,24,1465.7,73.16,3.967,15.37,WARNING,combined,0.6667
2025-01-04 18:27:00,24,1465.7,73.21,3.792,14.97,WARNING,combined,0.6712
2025-01-04 18:28:00,24,1460.2,74.19,3.702,15.23,WARNING,combined,0.6758
2025-01-04 18:29:00,24,1476.8,74.19,3.965,14.76,WARNING,combined,0.6804
2025-01-04 18:30:00,24,1461.2,74.71,3.733,15.09,WARNING,combined,0.6849
2025-01-04 18:31:00,24,1478.3,74.85,3.964,14.72,WARNING,combined,0.6895
2025-01-04 18:32:00,24,1467.0,74.45,3.926,15.17,WARNING,combined,0.6941
2025-01-04 18:33:00,24,1469.0,74.9,4.114,15.46,WARNING,combined,0.6986
2025-01-04 18:34:00,24,1473.4,75.83,3.975,15.05,FAULT,combined,0.7032
2025-01-04 18:35:00,24,1461.2,75.87,4.003,15.43,FAULT,combined,0.7078
2025-01-04 18:36:00,24,1466.5,76.58,4.045,15.19,FAULT,combined,0.7123
2025-01-04 18:37:00,24,1472.5,76.84,4.108,15.45,FAULT,combined,0.7169
2025-01-04 18:38:00,24,1472.0,77.03,3.975,15.63,FAULT,combined,0.7215
2025-01-04 18:39:00,24,1453.9,76.91,4.401,15.21,FAULT,combined,0.726
2025-01-04 18:40:00,24,1464.5,76.74,4.239,15.0,FAULT,combined,0.7306
2025-01-04 18:41:00,24,1464.6,77.34,4.151,15.11,FAULT,combined,0.7352
2025-01-04 18:42:00,24,1468.6,77.4,4.278,15.4,FAULT,combined,0.7397
2025-01-04 18:43:00,24,1462.1,78.33,4.517,15.49,FAULT,combined,0.7443
2025-01-04 18:44:00,24,1472.2,77.73,4.192,14.69,FAULT,combined,0.7489
2025-01-04 18:45:00,24,1470.1,76.61,4.269,15.18,FAULT,combined,0.7534
2025-01-04 18:46:00,24,1466.7,77.36,4.14,15.11,FAULT,combined,0.758
2025-01-04 18:47:00,24,1461.5,78.03,4.185,15.35,FAULT,combined,0.7626
2025-01-04 18:48:00,24,1464.5,77.46,4.583,14.99,FAULT,combined,0.7671
2025-01-04 18:49:00,24,1458.7,77.24,4.116,15.4,FAULT,combined,0.7717
2025-01-04 18:50:00,24,1459.3,78.1,4.459,15.52,FAULT,combined,0.7763
2025-01-04 18:51:00,24,1470.6,78.57,4.276,15.39,FAULT,combined,0.7808
2025-01-04 18:52:00,24,1463.7,78.44,4.471,15.01,FAULT,combined,0.7854
2025-01-04 18:53:00,24,1467.8,78.99,4.709,15.62,FAULT,combined,0.79
2025-01-04 18:54:00,24,1466.2,78.74,4.479,14.97,FAULT,combined,0.7945
2025-01-04 18:55:00,24,1461.7,79.34,4.607,15.57,FAULT,combined,0.7991
2025-01-04 18:56:00,24,1471.5,79.48,4.549,15.1,FAULT,combined,0.8037
2025-01-04 18:57:00,24,1461.8,79.6,4.668,15.26,FAULT,combined,0.8082
2025-01-04 18:58:00,24,1468.8,79.1,4.463,15.59,FAULT,combined,0.8128
2025-01-04 18:59:00,24,1466.8,78.69,4.593,15.56,FAULT,combined,0.8174
2025-01-04 19:00:00,24,1457.4,79.0,4.755,15.26,FAULT,combined,0.8219
2025-01-04 19:01:00,24,1461.7,79.46,4.806,15.43,FAULT,combined,0.8265
2025-01-04 19:02:00,24,1459.0,79.42,4.762,15.11,FAULT,combined,0.8311
2025-01-04 19:03:00,24,1457.9,79.86,4.676,15.63,FAULT,combined,0.8356
2025-01-04 19:04:00,24,1462.4,80.18,4.745,15.39,FAULT,combined,0.8402
2025-01-04 19:05:00,24,1465.4,79.56,4.575,15.4,FAULT,combined,0.8447
2025-01-04 19:06:00,24,1467.2,78.72,4.588,15.67,FAULT,combined,0.8493
2025-01-04 19:07:00,24,1472.6,79.4,4.52,15.08,FAULT,combined,0.8539
2025-01-04 19:08:00,24,1467.2,79.46,4.774,15.61,FAULT,combined,0.8584
2025-01-04 19:09:00,24,1462.0,78.96,4.795,15.26,FAULT,combined,0.863
2025-01-04 19:10:00,24,1463.7,78.89,4.851,15.67,FAULT,combined,0.8676
2025-01-04 19:11:00,24,1460.5,79.78,5.103,15.48,FAULT,combined,0.8721
2025-01-04 19:12:00,24,1465.8,80.33,4.999,15.87,FAULT,combined,0.8767
2025-01-04 19:13:00,24,1458.4,80.72,5.055,15.28,FAULT,combined,0.8813
2025-01-04 19:14:00,24,1465.2,81.38,4.824,15.3,FAULT,combined,0.8858
2025-01-04 19:15:00,24,1460.5,81.23,5.164,15.19,FAULT,combined,0.8904
2025-01-04 19:16:00,24,1472.6,82.55,4.747,15.45,FAULT,combined,0.895
2025-01-04 19:17:00,24,1462.8,82.78,5.281,15.63,FAULT,combined,0.8995
2025-01-04 19:18:00,24,1462.2,83.12,4.69,15.4,FAULT,combined,0.9041
2025-01-04 19:19:00,24,1463.8,83.64,5.532,15.57,FAULT,combined,0.9087
2025-01-04 19:20:00,24,1468.4,83.76,5.213,15.49,FAULT,combined,0.9132
2025-01-04 19:21:00,24,1460.7,84.24,5.221,15.49,FAULT,combined,0.9178
2025-01-04 19:22:00,24,1457.2,84.26,5.193,15.94,FAULT,combined,0.9224
2025-01-04 19:23:00,24,1471.4,84.47,5.221,15.55,FAULT,combined,0.9269
2025-01-04 19:24:00,24,1460.5,85.72,4.855,15.81,FAULT,combined,0.9315
2025-01-04 19:25:00,24,1464.3,86.3,5.341,15.57,FAULT,combined,0.9361
2025-01-04 19:26:00,24,1461.6,85.98,5.316,15.24,FAULT,combined,0.9406
2025-01-04 19:27:00,24,1463.5,85.22,5.46,15.89,FAULT,combined,0.9452
2025-01-04 19:28:00,24,1454.1,85.84,5.426,15.5,FAULT,combined,0.9498
2025-01-04 19:29:00,24,1453.2,86.2,5.324,15.71,FAULT,combined,0.9543
2025-01-04 19:30:00,24,1456.1,86.56,5.0,15.79,FAULT,combined,0.9589
2025-01-04 19:31:00,24,1466.1,86.88,5.326,15.97,FAULT,combined,0.9635
2025-01-04 19:32:00,24,1467.6,86.92,5.409,15.38,FAULT,combined,0.968
2025-01-04 19:33:00,24,1461.3,86.86,5.543,15.46,FAULT,combined,0.9726
2025-01-04 19:34:00,24,1465.0,87.96,5.451,15.8,FAULT,combined,0.9772
2025-01-04 19:35:00,24,1455.2,87.87,5.732,16.17,FAULT,combined,0.9817
2025-01-04 19:36:00,24,1460.2,87.64,5.515,16.0,FAULT,combined,0.9863
2025-01-04 19:37:00,24,1458.1,87.63,5.48,15.91,FAULT,combined,0.9909
2025-01-04 19:38:00,24,1448.9,86.88,5.593,15.9,FAULT,combined,0.9954
2025-01-04 19:39:00,24,1458.2,86.94,5.526,16.39,FAULT,combined,1.0
2025-01-04 19:40:00,25,1483.3,54.98,1.911,11.84,NORMAL,normal,0.0
2025-01-04 19:41:00,25,1488.6,54.79,1.818,12.12,NORMAL,normal,0.0
2025-01-04 19:42:00,25,1483.4,54.66,1.797,11.59,NORMAL,normal,0.0
2025-01-04 19:43:00,25,1474.1,54.97,1.809,11.85,NORMAL,normal,0.0
2025-01-04 19:44:00,25,1480.2,55.32,1.7,11.98,NORMAL,normal,0.0
2025-01-04 19:45:00,25,1485.7,56.29,1.728,11.85,NORMAL,normal,0.0
2025-01-04 19:46:00,25,1480.0,56.25,1.807,11.96,NORMAL,normal,0.0
2025-01-04 19:47:00,25,1488.6,56.13,1.82,12.44,NORMAL,normal,0.0
2025-01-04 19:48:00,25,1474.9,56.13,1.745,11.92,NORMAL,normal,0.0
2025-01-04 19:49:00,25,1486.1,55.63,1.813,12.14,NORMAL,normal,0.0
2025-01-04 19:50:00,25,1481.8,56.06,1.701,11.96,NORMAL,normal,0.0
2025-01-04 19:51:00,25,1478.6,56.35,1.776,12.22,NORMAL,normal,0.0
2025-01-04 19:52:00,25,1480.8,56.14,1.741,12.11,NORMAL,normal,0.0
2025-01-04 19:53:00,25,1481.5,56.09,1.797,12.27,NORMAL,normal,0.0
2025-01-04 19:54:00,25,1479.8,55.79,1.738,12.6,NORMAL,normal,0.0
2025-01-04 19:55:00,25,1480.6,55.23,1.635,12.29,NORMAL,normal,0.0
2025-01-04 19:56:00,25,1475.1,55.92,1.994,12.42,NORMAL,normal,0.0
2025-01-04 19:57:00,25,1484.3,56.7,1.879,12.32,NORMAL,normal,0.0
2025-01-04 19:58:00,25,1484.2,56.5,1.803,12.45,NORMAL,normal,0.0
2025-01-04 19:59:00,25,1480.3,57.27,1.797,12.5,NORMAL,normal,0.0
2025-01-04 20:00:00,25,1474.0,57.69,1.891,12.32,NORMAL,normal,0.0
2025-01-04 20:01:00,25,1478.3,56.55,1.833,12.39,NORMAL,normal,0.0
2025-01-04 20:02:00,25,1488.7,55.93,1.725,12.46,NORMAL,normal,0.0
2025-01-04 20:03:00,25,1473.3,55.35,1.784,12.3,NORMAL,normal,0.0
2025-01-04 20:04:00,25,1479.8,55.38,1.681,12.49,NORMAL,normal,0.0
2025-01-04 20:05:00,25,1467.6,54.94,1.758,12.58,NORMAL,normal,0.0
2025-01-04 20:06:00,25,1482.6,55.09,1.835,12.22,NORMAL,normal,0.0
2025-01-04 20:07:00,25,1484.1,55.8,1.73,12.42,NORMAL,normal,0.0
2025-01-04 20:08:00,25,1475.7,55.75,1.837,12.21,NORMAL,normal,0.0
2025-01-04 20:09:00,25,1482.2,56.0,1.608,12.35,NORMAL,normal,0.0
2025-01-04 20:10:00,25,1481.1,56.31,1.758,12.2,NORMAL,normal,0.0
2025-01-04 20:11:00,25,1478.4,56.04,1.844,12.57,NORMAL,normal,0.0
2025-01-04 20:12:00,25,1485.4,56.69,1.752,12.77,NORMAL,normal,0.0
2025-01-04 20:13:00,25,1485.3,56.66,1.786,13.11,NORMAL,normal,0.0
2025-01-04 20:14:00,25,1481.2,57.21,1.798,12.19,NORMAL,normal,0.0
2025-01-04 20:15:00,25,1477.1,57.33,1.874,12.75,NORMAL,normal,0.0
2025-01-04 20:16:00,25,1476.5,57.06,1.773,11.79,NORMAL,normal,0.0
2025-01-04 20:17:00,25,1484.0,56.74,1.781,12.3,NORMAL,normal,0.0
2025-01-04 20:18:00,25,1486.1,56.33,1.796,12.9,NORMAL,normal,0.0
2025-01-04 20:19:00,25,1481.1,56.35,1.765,12.95,NORMAL,normal,0.0
2025-01-04 20:20:00,25,1490.6,56.34,1.766,12.8,NORMAL,normal,0.0
2025-01-04 20:21:00,25,1484.2,55.73,1.702,12.49,NORMAL,normal,0.0
2025-01-04 20:22:00,25,1481.3,56.29,1.679,12.36,NORMAL,normal,0.0
2025-01-04 20:23:00,25,1482.7,56.46,1.701,11.9,NORMAL,normal,0.0
2025-01-04 20:24:00,25,1487.9,56.35,1.723,12.88,NORMAL,normal,0.0
2025-01-04 20:25:00,25,1470.2,56.32,1.675,12.53,NORMAL,normal,0.0
2025-01-04 20:26:00,25,1487.4,56.23,1.704,12.35,NORMAL,normal,0.0
2025-01-04 20:27:00,25,1479.3,56.23,1.769,12.21,NORMAL,normal,0.0
2025-01-04 20:28:00,25,1481.5,55.53,1.82,12.58,NORMAL,normal,0.0
2025-01-04 20:29:00,25,1470.9,55.34,1.881,12.03,NORMAL,normal,0.0
2025-01-04 20:30:00,25,1476.9,55.08,1.749,11.88,NORMAL,normal,0.0
2025-01-04 20:31:00,25,1483.2,54.89,1.8,12.34,NORMAL,normal,0.0
2025-01-04 20:32:00,25,1484.5,55.13,1.759,11.67,NORMAL,normal,0.0
2025-01-04 20:33:00,25,1483.8,54.74,1.755,12.47,NORMAL,normal,0.0
2025-01-04 20:34:00,25,1483.4,54.71,1.94,12.16,NORMAL,normal,0.0
2025-01-04 20:35:00,25,1479.5,55.86,1.93,12.22,NORMAL,normal,0.0
2025-01-04 20:36:00,25,1481.4,55.79,1.748,11.95,NORMAL,normal,0.0
2025-01-04 20:37:00,25,1469.8,55.81,1.762,11.96,NORMAL,normal,0.0
2025-01-04 20:38:00,25,1489.7,55.25,1.804,11.57,NORMAL,normal,0.0
2025-01-04 20:39:00,25,1481.3,55.7,1.807,12.43,NORMAL,normal,0.0
2025-01-04 20:40:00,25,1484.7,55.15,1.783,12.27,NORMAL,normal,0.0
2025-01-04 20:41:00,25,1484.8,55.42,1.777,11.61,NORMAL,normal,0.0
2025-01-04 20:42:00,25,1487.0,54.51,1.767,12.34,NORMAL,normal,0.0
2025-01-04 20:43:00,25,1474.0,54.23,1.788,11.83,NORMAL,normal,0.0
2025-01-04 20:44:00,25,1480.7,54.45,1.758,11.81,NORMAL,normal,0.0
2025-01-04 20:45:00,25,1476.7,53.89,1.792,11.71,NORMAL,normal,0.0
2025-01-04 20:46:00,25,1483.8,54.18,1.937,12.12,NORMAL,normal,0.0
2025-01-04 20:47:00,25,1476.8,53.11,1.777,12.09,NORMAL,normal,0.0
2025-01-04 20:48:00,25,1478.2,53.54,1.859,11.52,NORMAL,normal,0.0
2025-01-04 20:49:00,25,1481.9,53.38,1.684,11.8,NORMAL,normal,0.0
2025-01-04 20:50:00,25,1482.1,53.58,1.854,11.86,NORMAL,normal,0.0
2025-01-04 20:51:00,25,1481.4,53.31,1.706,11.73,NORMAL,normal,0.0
2025-01-04 20:52:00,25,1485.2,54.33,1.855,11.89,NORMAL,normal,0.0
2025-01-04 20:53:00,25,1478.4,53.53,1.756,11.61,NORMAL,normal,0.0
2025-01-04 20:54:00,25,1472.4,53.11,1.85,11.33,NORMAL,normal,0.0
2025-01-04 20:55:00,25,1479.5,53.32,1.767,11.88,NORMAL,normal,0.0
2025-01-04 20:56:00,25,1476.0,52.76,1.878,11.83,NORMAL,normal,0.0
2025-01-04 20:57:00,25,1481.3,53.91,1.743,11.44,NORMAL,normal,0.0
2025-01-04 20:58:00,25,1480.6,54.39,1.783,11.63,NORMAL,normal,0.0
2025-01-04 20:59:00,25,1476.5,53.6,1.758,11.76,NORMAL,normal,0.0
2025-01-04 21:00:00,25,1485.0,52.88,1.672,11.52,NORMAL,normal,0.0
2025-01-04 21:01:00,25,1474.7,53.64,1.904,11.83,NORMAL,normal,0.0
2025-01-04 21:02:00,25,1472.8,54.06,1.716,11.65,NORMAL,normal,0.0
2025-01-04 21:03:00,25,1476.0,54.89,1.754,11.27,NORMAL,normal,0.0
2025-01-04 21:04:00,25,1477.6,55.32,1.803,11.56,NORMAL,normal,0.0
2025-01-04 21:05:00,25,1475.2,55.71,1.893,11.22,NORMAL,normal,0.0
2025-01-04 21:06:00,25,1471.4,55.81,1.792,11.94,NORMAL,normal,0.0
2025-01-04 21:07:00,25,1482.1,56.21,1.716,11.34,NORMAL,normal,0.0
2025-01-04 21:08:00,25,1482.4,55.74,1.871,11.54,NORMAL,normal,0.0
2025-01-04 21:09:00,25,1483.8,54.77,1.821,11.48,NORMAL,normal,0.0
2025-01-04 21:10:00,25,1484.8,55.24,1.835,11.37,NORMAL,normal,0.0
2025-01-04 21:11:00,25,1481.2,55.39,1.821,11.74,NORMAL,normal,0.0
2025-01-04 21:12:00,25,1481.5,54.82,1.785,12.02,NORMAL,normal,0.0
2025-01-04 21:13:00,25,1483.7,55.32,1.793,11.64,NORMAL,normal,0.0
2025-01-04 21:14:00,25,1478.4,54.8,1.848,11.6,NORMAL,normal,0.0
2025-01-04 21:15:00,25,1486.3,55.24,1.857,11.43,NORMAL,normal,0.0
2025-01-04 21:16:00,25,1475.8,55.44,1.798,11.44,NORMAL,normal,0.0
2025-01-04 21:17:00,25,1477.6,55.05,1.861,11.7,NORMAL,normal,0.0
2025-01-04 21:18:00,25,1489.1,55.33,1.74,11.21,NORMAL,normal,0.0
2025-01-04 21:19:00,25,1469.3,54.43,1.919,11.6,NORMAL,normal,0.0
2025-01-04 21:20:00,25,1475.3,53.72,1.669,11.68,NORMAL,normal,0.0
2025-01-04 21:21:00,25,1482.5,54.04,1.776,11.48,NORMAL,normal,0.0
2025-01-04 21:22:00,25,1483.1,54.05,1.892,11.45,NORMAL,normal,0.0
2025-01-04 21:23:00,25,1476.8,53.86,1.813,11.43,NORMAL,normal,0.0
2025-01-04 21:24:00,25,1477.9,54.17,1.823,11.64,NORMAL,normal,0.0
2025-01-04 21:25:00,25,1479.5,53.73,1.754,11.71,NORMAL,normal,0.0
2025-01-04 21:26:00,25,1482.8,53.93,1.777,11.73,NORMAL,normal,0.0
2025-01-04 21:27:00,25,1488.0,53.65,1.831,11.72,NORMAL,normal,0.0
2025-01-04 21:28:00,25,1484.0,53.67,1.778,11.34,NORMAL,normal,0.0
2025-01-04 21:29:00,25,1481.0,53.75,1.735,11.71,NORMAL,normal,0.0
2025-01-04 21:30:00,25,1479.7,54.88,1.899,11.43,NORMAL,normal,0.0
2025-01-04 21:31:00,25,1479.8,53.97,1.846,11.81,NORMAL,normal,0.0
2025-01-04 21:32:00,25,1474.7,53.37,1.758,12.05,NORMAL,normal,0.0
2025-01-04 21:33:00,25,1475.7,53.78,1.813,11.95,NORMAL,normal,0.0
2025-01-04 21:34:00,25,1475.1,54.63,1.672,11.99,NORMAL,normal,0.0
2025-01-04 21:35:00,25,1478.3,54.84,1.708,11.77,NORMAL,normal,0.0
2025-01-04 21:36:00,25,1478.8,54.92,1.913,12.13,NORMAL,normal,0.0
2025-01-04 21:37:00,25,1470.2,54.54,1.745,11.79,NORMAL,normal,0.0
2025-01-04 21:38:00,25,1481.0,55.0,1.817,11.53,NORMAL,normal,0.0
2025-01-04 21:39:00,25,1480.1,54.61,1.829,12.16,NORMAL,normal,0.0
2025-01-04 21:40:00,25,1486.3,54.22,1.789,12.38,NORMAL,normal,0.0
2025-01-04 21:41:00,25,1487.2,53.87,1.728,12.66,NORMAL,normal,0.0
2025-01-04 21:42:00,25,1485.3,54.03,1.771,12.23,NORMAL,normal,0.0
2025-01-04 21:43:00,25,1474.5,54.24,1.576,12.7,NORMAL,normal,0.0
2025-01-04 21:44:00,25,1465.3,54.03,1.824,12.27,NORMAL,normal,0.0
2025-01-04 21:45:00,25,1476.5,54.26,1.798,12.42,NORMAL,normal,0.0
2025-01-04 21:46:00,25,1487.3,53.63,1.89,12.09,NORMAL,normal,0.0
2025-01-04 21:47:00,25,1478.9,54.21,1.842,12.19,NORMAL,normal,0.0
2025-01-04 21:48:00,25,1484.3,54.65,1.842,12.13,NORMAL,normal,0.0
2025-01-04 21:49:00,25,1491.2,55.69,1.681,12.34,NORMAL,normal,0.0
2025-01-04 21:50:00,25,1474.1,54.92,1.88,12.52,NORMAL,normal,0.0
2025-01-04 21:51:00,25,1483.6,54.85,1.778,12.25,NORMAL,normal,0.0
2025-01-04 21:52:00,25,1486.6,54.74,1.791,12.17,NORMAL,normal,0.0
2025-01-04 21:53:00,25,1478.3,54.93,1.714,12.18,NORMAL,normal,0.0
2025-01-04 21:54:00,25,1482.0,54.8,1.896,12.38,NORMAL,normal,0.0
2025-01-04 21:55:00,25,1474.9,54.89,1.824,12.31,NORMAL,normal,0.0
2025-01-04 21:56:00,25,1481.3,54.93,1.842,12.42,NORMAL,normal,0.0
2025-01-04 21:57:00,25,1476.0,54.85,1.751,12.59,NORMAL,normal,0.0
2025-01-04 21:58:00,25,1473.3,55.01,1.893,12.15,NORMAL,normal,0.0
2025-01-04 21:59:00,25,1482.5,55.33,1.8,11.78,NORMAL,normal,0.0
2025-01-04 22:00:00,25,1486.6,56.47,1.863,11.88,NORMAL,normal,0.0
2025-01-04 22:01:00,25,1473.4,56.61,1.714,12.62,NORMAL,normal,0.0
2025-01-04 22:02:00,25,1480.4,56.49,1.754,12.77,NORMAL,normal,0.0
2025-01-04 22:03:00,25,1472.2,56.96,1.899,12.5,NORMAL,normal,0.0
2025-01-04 22:04:00,25,1482.9,56.82,1.991,12.38,NORMAL,normal,0.0
2025-01-04 22:05:00,25,1483.6,55.22,1.776,12.66,NORMAL,normal,0.0
2025-01-04 22:06:00,25,1479.6,54.9,1.792,12.43,NORMAL,normal,0.0
2025-01-04 22:07:00,25,1484.5,55.04,1.76,12.52,NORMAL,normal,0.0
2025-01-04 22:08:00,25,1482.5,55.6,1.914,12.53,NORMAL,normal,0.0
2025-01-04 22:09:00,25,1480.7,55.52,1.76,12.44,NORMAL,normal,0.0
2025-01-04 22:10:00,25,1482.8,55.48,1.809,12.28,NORMAL,normal,0.0
2025-01-04 22:11:00,25,1472.4,56.46,1.785,12.48,NORMAL,normal,0.0
2025-01-04 22:12:00,25,1486.7,56.5,1.717,12.53,NORMAL,normal,0.0
2025-01-04 22:13:00,25,1478.8,57.36,1.787,12.39,NORMAL,normal,0.0
2025-01-04 22:14:00,25,1477.9,57.56,1.827,11.84,NORMAL,normal,0.0
2025-01-04 22:15:00,25,1485.9,57.55,1.716,12.34,NORMAL,normal,0.0
2025-01-04 22:16:00,25,1480.1,58.24,1.837,12.38,NORMAL,normal,0.0
2025-01-04 22:17:00,25,1476.7,58.31,2.015,12.76,NORMAL,normal,0.0
2025-01-04 22:18:00,25,1474.8,56.89,1.873,12.59,NORMAL,normal,0.0
2025-01-04 22:19:00,25,1473.0,56.48,1.829,12.39,NORMAL,normal,0.0
2025-01-04 22:20:00,25,1485.4,56.06,1.729,12.3,NORMAL,normal,0.0
2025-01-04 22:21:00,25,1482.6,55.17,1.662,12.28,NORMAL,normal,0.0
2025-01-04 22:22:00,25,1478.4,54.9,1.858,12.57,NORMAL,normal,0.0
2025-01-04 22:23:00,25,1482.7,54.97,1.785,12.71,NORMAL,normal,0.0
2025-01-04 22:24:00,25,1465.1,54.95,1.872,12.24,NORMAL,normal,0.0
2025-01-04 22:25:00,25,1481.7,55.33,1.686,12.36,NORMAL,normal,0.0
2025-01-04 22:26:00,25,1481.8,54.88,1.752,12.57,NORMAL,normal,0.0
2025-01-04 22:27:00,25,1476.9,54.83,1.789,12.38,NORMAL,normal,0.0
2025-01-04 22:28:00,25,1486.1,55.07,1.824,12.3,NORMAL,normal,0.0
2025-01-04 22:29:00,25,1483.7,55.69,1.819,11.81,NORMAL,normal,0.0
2025-01-04 22:30:00,25,1480.6,54.75,1.855,12.14,NORMAL,normal,0.0
2025-01-04 22:31:00,25,1468.6,55.5,1.724,12.35,NORMAL,normal,0.0
2025-01-04 22:32:00,25,1481.5,56.17,1.716,12.0,NORMAL,normal,0.0
2025-01-04 22:33:00,25,1473.4,57.12,1.968,12.64,NORMAL,normal,0.0
2025-01-04 22:34:00,25,1481.9,57.3,1.773,12.24,NORMAL,normal,0.0
2025-01-04 22:35:00,25,1476.7,56.61,1.712,12.05,NORMAL,normal,0.0
2025-01-04 22:36:00,25,1486.2,56.89,1.751,12.12,NORMAL,normal,0.0
2025-01-04 22:37:00,25,1486.4,56.12,1.817,12.17,NORMAL,normal,0.0
2025-01-04 22:38:00,25,1485.1,56.85,1.901,11.58,NORMAL,normal,0.0
2025-01-04 22:39:00,25,1476.5,56.55,1.848,12.04,NORMAL,normal,0.0
2025-01-04 22:40:00,25,1479.0,56.17,1.721,12.13,NORMAL,normal,0.0
2025-01-04 22:41:00,25,1473.5,55.72,1.717,11.65,NORMAL,normal,0.0
2025-01-04 22:42:00,25,1482.4,55.54,1.743,12.19,NORMAL,normal,0.0
2025-01-04 22:43:00,25,1478.6,54.75,1.801,12.27,NORMAL,normal,0.0
2025-01-04 22:44:00,25,1488.3,55.35,1.877,11.89,NORMAL,normal,0.0
2025-01-04 22:45:00,25,1478.4,55.74,1.823,11.74,NORMAL,normal,0.0
2025-01-04 22:46:00,25,1476.5,56.11,1.796,12.02,NORMAL,normal,0.0
2025-01-04 22:47:00,25,1475.9,54.81,1.86,11.58,NORMAL,normal,0.0
2025-01-04 22:48:00,25,1476.3,54.51,1.867,11.8,NORMAL,normal,0.0
2025-01-04 22:49:00,25,1480.3,53.71,1.802,11.94,NORMAL,normal,0.0
2025-01-04 22:50:00,25,1479.5,53.14,1.81,11.42,NORMAL,normal,0.0
2025-01-04 22:51:00,25,1478.2,53.06,1.801,11.74,NORMAL,normal,0.0
2025-01-04 22:52:00,25,1477.0,53.89,1.768,11.79,NORMAL,normal,0.0
2025-01-04 22:53:00,25,1468.9,54.22,1.85,11.67,NORMAL,normal,0.0
2025-01-04 22:54:00,25,1485.9,53.61,1.74,11.91,NORMAL,normal,0.0
2025-01-04 22:55:00,25,1480.6,53.22,1.781,11.67,NORMAL,normal,0.0
2025-01-04 22:56:00,25,1482.2,53.47,1.927,11.4,NORMAL,normal,0.0
2025-01-04 22:57:00,25,1484.3,53.37,1.776,11.97,NORMAL,normal,0.0
2025-01-04 22:58:00,25,1479.4,53.49,1.721,11.64,NORMAL,normal,0.0
2025-01-04 22:59:00,25,1483.2,53.82,1.749,11.43,NORMAL,normal,0.0
2025-01-04 23:00:00,25,1487.0,54.14,1.85,12.05,NORMAL,normal,0.0
2025-01-04 23:01:00,25,1482.6,54.75,1.854,11.94,NORMAL,normal,0.0
2025-01-04 23:02:00,25,1474.6,54.55,1.864,11.63,NORMAL,normal,0.0
2025-01-04 23:03:00,25,1471.1,53.75,1.677,11.46,NORMAL,normal,0.0
2025-01-04 23:04:00,25,1478.3,53.84,1.857,11.4,NORMAL,normal,0.0
2025-01-04 23:05:00,25,1474.7,53.16,1.824,11.66,NORMAL,normal,0.0
2025-01-04 23:06:00,25,1476.2,53.37,1.699,11.66,NORMAL,normal,0.0
2025-01-04 23:07:00,25,1479.8,53.64,1.79,11.61,NORMAL,normal,0.0
2025-01-04 23:08:00,25,1477.5,53.6,1.749,11.51,NORMAL,normal,0.0
2025-01-04 23:09:00,25,1490.3,53.89,1.769,11.59,NORMAL,normal,0.0
2025-01-04 23:10:00,25,1487.0,53.83,1.735,11.85,NORMAL,normal,0.0
2025-01-04 23:11:00,25,1492.5,53.76,1.829,11.21,NORMAL,normal,0.0
2025-01-04 23:12:00,25,1486.7,54.16,1.807,11.51,NORMAL,normal,0.0
2025-01-04 23:13:00,25,1478.3,55.0,1.783,11.29,NORMAL,normal,0.0
2025-01-04 23:14:00,25,1473.9,54.85,1.814,11.65,NORMAL,normal,0.0
2025-01-04 23:15:00,25,1473.7,54.34,1.72,11.67,NORMAL,normal,0.0
2025-01-04 23:16:00,25,1469.6,54.61,1.831,11.33,NORMAL,normal,0.0
2025-01-04 23:17:00,25,1479.0,53.96,1.78,11.56,NORMAL,normal,0.0
2025-01-04 23:18:00,25,1475.9,54.34,1.779,11.28,NORMAL,normal,0.0
2025-01-04 23:19:00,25,1478.5,54.36,1.684,11.43,NORMAL,normal,0.0
2025-01-04 23:20:00,26,1477.8,56.2,1.832,12.14,NORMAL,misalignment,0.0
2025-01-04 23:21:00,26,1485.8,55.9,1.67,11.94,NORMAL,misalignment,0.0046
2025-01-04 23:22:00,26,1482.9,55.16,1.729,11.92,NORMAL,misalignment,0.0091
2025-01-04 23:23:00,26,1477.0,54.57,1.761,12.0,NORMAL,misalignment,0.0137
2025-01-04 23:24:00,26,1484.9,54.68,1.848,11.74,NORMAL,misalignment,0.0183
2025-01-04 23:25:00,26,1472.2,54.75,1.922,12.53,NORMAL,misalignment,0.0228
2025-01-04 23:26:00,26,1475.7,54.79,1.765,12.04,NORMAL,misalignment,0.0274
2025-01-04 23:27:00,26,1486.9,54.97,1.9,12.43,NORMAL,misalignment,0.032
2025-01-04 23:28:00,26,1474.2,54.45,1.766,12.22,NORMAL,misalignment,0.0365
2025-01-04 23:29:00,26,1481.5,54.87,1.899,12.37,NORMAL,misalignment,0.0411
2025-01-04 23:30:00,26,1470.7,54.91,1.947,11.87,NORMAL,misalignment,0.0457
2025-01-04 23:31:00,26,1483.1,54.48,1.874,11.96,NORMAL,misalignment,0.0502
2025-01-04 23:32:00,26,1481.4,54.87,1.893,12.03,NORMAL,misalignment,0.0548
2025-01-04 23:33:00,26,1472.4,55.05,1.909,12.11,NORMAL,misalignment,0.0594
2025-01-04 23:34:00,26,1479.6,54.87,1.96,12.41,NORMAL,misalignment,0.0639
2025-01-04 23:35:00,26,1481.8,55.0,2.048,12.56,NORMAL,misalignment,0.0685
2025-01-04 23:36:00,26,1475.8,54.7,1.828,12.57,NORMAL,misalignment,0.0731
2025-01-04 23:37:00,26,1480.0,54.36,2.005,12.45,NORMAL,misalignment,0.0776
2025-01-04 23:38:00,26,1490.9,55.26,2.04,12.56,NORMAL,misalignment,0.0822
2025-01-04 23:39:00,26,1478.7,54.72,1.962,12.35,NORMAL,misalignment,0.0868
2025-01-04 23:40:00,26,1493.0,55.08,1.793,12.55,NORMAL,misalignment,0.0913
2025-01-04 23:41:00,26,1482.6,55.32,1.911,12.47,NORMAL,misalignment,0.0959
2025-01-04 23:42:00,26,1482.4,54.81,1.927,12.49,NORMAL,misalignment,0.1005
2025-01-04 23:43:00,26,1490.1,54.73,1.981,12.57,NORMAL,misalignment,0.105
2025-01-04 23:44:00,26,1475.0,55.29,2.018,12.49,NORMAL,misalignment,0.1096
2025-01-04 23:45:00,26,1473.2,55.42,2.085,12.77,NORMAL,misalignment,0.1142
2025-01-04 23:46:00,26,1482.3,56.42,2.027,12.22,NORMAL,misalignment,0.1187
2025-01-04 23:47:00,26,1482.4,56.93,1.913,12.29,NORMAL,misalignment,0.1233
2025-01-04 23:48:00,26,1481.1,56.37,2.024,12.58,NORMAL,misalignment,0.1279
2025-01-04 23:49:00,26,1482.5,57.59,1.976,12.57,NORMAL,misalignment,0.1324
2025-01-04 23:50:00,26,1484.3,57.64,2.083,13.26,NORMAL,misalignment,0.137
2025-01-04 23:51:00,26,1480.6,56.47,1.954,12.47,NORMAL,misalignment,0.1416
2025-01-04 23:52:00,26,1484.0,56.48,1.914,12.81,NORMAL,misalignment,0.1461
2025-01-04 23:53:00,26,1480.6,57.12,2.03,12.94,NORMAL,misalignment,0.1507
2025-01-04 23:54:00,26,1479.9,56.57,1.966,12.82,NORMAL,misalignment,0.1553
2025-01-04 23:55:00,26,1472.2,56.39,2.099,12.9,NORMAL,misalignment,0.1598
2025-01-04 23:56:00,26,1482.0,56.99,2.03,12.77,NORMAL,misalignment,0.1644
2025-01-04 23:57:00,26,1478.7,57.42,1.987,12.22,NORMAL,misalignment,0.1689
2025-01-04 23:58:00,26,1474.3,57.07,2.122,12.78,NORMAL,misalignment,0.1735
2025-01-04 23:59:00,26,1479.2,56.57,2.19,12.38,NORMAL,misalignment,0.1781
2025-01-05 00:00:00,26,1478.8,56.56,2.226,12.97,NORMAL,misalignment,0.1826
2025-01-05 00:01:00,26,1476.4,56.72,2.219,12.15,NORMAL,misalignment,0.1872
2025-01-05 00:02:00,26,1479.8,56.26,2.252,12.91,NORMAL,misalignment,0.1918
2025-01-05 00:03:00,26,1480.8,56.65,2.096,12.47,NORMAL,misalignment,0.1963
2025-01-05 00:04:00,26,1478.3,57.43,2.178,12.78,NORMAL,misalignment,0.2009
2025-01-05 00:05:00,26,1481.4,58.13,2.183,12.25,NORMAL,misalignment,0.2055
2025-01-05 00:06:00,26,1482.5,58.11,2.198,12.53,NORMAL,misalignment,0.21
2025-01-05 00:07:00,26,1483.9,58.04,2.28,12.9,NORMAL,misalignment,0.2146
2025-01-05 00:08:00,26,1488.8,57.02,2.308,12.47,NORMAL,misalignment,0.2192
2025-01-05 00:09:00,26,1480.4,57.03,2.368,12.28,NORMAL,misalignment,0.2237
2025-01-05 00:10:00,26,1480.8,56.56,2.324,12.36,NORMAL,misalignment,0.2283
2025-01-05 00:11:00,26,1482.9,57.52,2.18,11.98,NORMAL,misalignment,0.2329
2025-01-05 00:12:00,26,1484.6,57.75,2.44,12.65,NORMAL,misalignment,0.2374
2025-01-05 00:13:00,26,1481.8,57.33,2.259,12.54,NORMAL,misalignment,0.242
2025-01-05 00:14:00,26,1474.7,56.63,2.258,12.72,NORMAL,misalignment,0.2466
2025-01-05 00:15:00,26,1473.9,56.89,2.36,12.27,NORMAL,misalignment,0.2511
2025-01-05 00:16:00,26,1484.9,57.51,2.361,12.2,NORMAL,misalignment,0.2557
2025-01-05 00:17:00,26,1483.7,57.58,2.334,12.34,NORMAL,misalignment,0.2603
2025-01-05 00:18:00,26,1478.4,57.8,2.188,12.51,NORMAL,misalignment,0.2648
2025-01-05 00:19:00,26,1468.5,57.08,2.409,12.74,NORMAL,misalignment,0.2694
2025-01-05 00:20:00,26,1479.6,57.59,2.356,12.7,NORMAL,misalignment,0.274
2025-01-05 00:21:00,26,1475.6,57.15,2.421,12.84,NORMAL,misalignment,0.2785
2025-01-05 00:22:00,26,1479.9,57.96,2.453,12.1,NORMAL,misalignment,0.2831
2025-01-05 00:23:00,26,1477.6,58.1,2.28,12.1,NORMAL,misalignment,0.2877
2025-01-05 00:24:00,26,1476.0,57.28,2.462,12.36,NORMAL,misalignment,0.2922
2025-01-05 00:25:00,26,1477.2,56.92,2.481,12.37,NORMAL,misalignment,0.2968
2025-01-05 00:26:00,26,1480.8,57.14,2.433,12.36,NORMAL,misalignment,0.3014
2025-01-05 00:27:00,26,1478.1,57.3,2.525,12.06,NORMAL,misalignment,0.3059
2025-01-05 00:28:00,26,1482.4,57.13,2.731,12.07,NORMAL,misalignment,0.3105
2025-01-05 00:29:00,26,1476.8,57.39,2.403,12.02,NORMAL,misalignment,0.3151
2025-01-05 00:30:00,26,1483.7,57.04,2.553,12.05,NORMAL,misalignment,0.3196
2025-01-05 00:31:00,26,1475.4,57.66,2.481,11.78,NORMAL,misalignment,0.3242
2025-01-05 00:32:00,26,1489.2,57.65,2.355,12.17,NORMAL,misalignment,0.3288
2025-01-05 00:33:00,26,1481.0,57.71,2.509,12.34,NORMAL,misalignment,0.3333
2025-01-05 00:34:00,26,1485.2,57.77,2.509,11.73,NORMAL,misalignment,0.3379
2025-01-05 00:35:00,26,1475.2,57.37,2.711,11.53,NORMAL,misalignment,0.3425
2025-01-05 00:36:00,26,1476.9,57.47,2.583,12.12,NORMAL,misalignment,0.347
2025-01-05 00:37:00,26,1483.2,58.41,2.713,12.0,WARNING,misalignment,0.3516
2025-01-05 00:38:00,26,1486.9,57.99,2.617,12.0,WARNING,misalignment,0.3562
2025-01-05 00:39:00,26,1481.8,56.72,2.564,11.83,WARNING,misalignment,0.3607
2025-01-05 00:40:00,26,1478.0,56.68,2.797,11.99,WARNING,misalignment,0.3653
2025-01-05 00:41:00,26,1481.4,57.14,2.593,12.03,WARNING,misalignment,0.3699
2025-01-05 00:42:00,26,1481.5,57.43,2.822,12.34,WARNING,misalignment,0.3744
2025-01-05 00:43:00,26,1476.4,57.5,2.696,12.5,WARNING,misalignment,0.379
2025-01-05 00:44:00,26,1480.9,57.77,2.657,12.0,WARNING,misalignment,0.3836
2025-01-05 00:45:00,26,1480.1,58.24,2.711,11.95,WARNING,misalignment,0.3881
2025-01-05 00:46:00,26,1483.3,57.46,2.843,12.13,WARNING,misalignment,0.3927
2025-01-05 00:47:00,26,1481.4,57.88,2.919,11.96,WARNING,misalignment,0.3973
2025-01-05 00:48:00,26,1482.7,58.2,2.91,12.04,WARNING,misalignment,0.4018
2025-01-05 00:49:00,26,1472.7,58.18,2.84,12.22,WARNING,misalignment,0.4064
2025-01-05 00:50:00,26,1485.5,57.21,2.836,11.91,WARNING,misalignment,0.411
2025-01-05 00:51:00,26,1478.6,56.51,2.929,12.25,WARNING,misalignment,0.4155
2025-01-05 00:52:00,26,1485.9,56.34,2.779,12.04,WARNING,misalignment,0.4201
2025-01-05 00:53:00,26,1482.1,57.41,2.918,12.25,WARNING,misalignment,0.4247
2025-01-05 00:54:00,26,1482.0,58.38,2.859,12.21,WARNING,misalignment,0.4292
2025-01-05 00:55:00,26,1483.3,58.44,3.051,11.71,WARNING,misalignment,0.4338
2025-01-05 00:56:00,26,1478.7,58.36,2.883,12.12,WARNING,misalignment,0.4384
2025-01-05 00:57:00,26,1476.9,58.6,3.001,12.1,WARNING,misalignment,0.4429
2025-01-05 00:58:00,26,1481.1,58.74,3.041,12.41,WARNING,misalignment,0.4475
2025-01-05 00:59:00,26,1480.0,58.14,2.773,12.31,WARNING,misalignment,0.4521
2025-01-05 01:00:00,26,1479.6,59.02,3.078,12.53,WARNING,misalignment,0.4566
2025-01-05 01:01:00,26,1475.4,58.98,2.898,12.31,WARNING,misalignment,0.4612
2025-01-05 01:02:00,26,1474.0,58.22,3.069,12.4,WARNING,misalignment,0.4658
2025-01-05 01:03:00,26,1475.0,58.55,3.014,12.22,WARNING,misalignment,0.4703
2025-01-05 01:04:00,26,1478.4,58.02,3.116,12.86,WARNING,misalignment,0.4749
2025-01-05 01:05:00,26,1476.7,58.27,3.209,12.57,WARNING,misalignment,0.4795
2025-01-05 01:06:00,26,1489.0,58.33,3.185,11.86,WARNING,misalignment,0.484
2025-01-05 01:07:00,26,1477.1,57.56,3.333,12.62,WARNING,misalignment,0.4886
2025-01-05 01:08:00,26,1486.8,57.67,3.299,12.33,WARNING,misalignment,0.4932
2025-01-05 01:09:00,26,1487.0,58.37,2.964,12.55,WARNING,misalignment,0.4977
2025-01-05 01:10:00,26,1479.6,58.04,3.303,12.5,WARNING,misalignment,0.5023
2025-01-05 01:11:00,26,1476.0,57.4,3.331,12.34,WARNING,misalignment,0.5068
2025-01-05 01:12:00,26,1480.6,57.67,3.199,12.24,WARNING,misalignment,0.5114
2025-01-05 01:13:00,26,1483.8,58.12,3.285,12.3,WARNING,misalignment,0.516
2025-01-05 01:14:00,26,1485.2,57.78,3.579,12.96,WARNING,misalignment,0.5205
2025-01-05 01:15:00,26,1484.3,58.15,3.354,12.35,WARNING,misalignment,0.5251
2025-01-05 01:16:00,26,1489.6,58.35,3.493,12.42,WARNING,misalignment,0.5297
2025-01-05 01:17:00,26,1482.5,58.6,3.143,12.28,WARNING,misalignment,0.5342
2025-01-05 01:18:00,26,1480.8,59.3,3.148,12.84,WARNING,misalignment,0.5388
2025-01-05 01:19:00,26,1478.9,59.59,3.41,12.92,WARNING,misalignment,0.5434
2025-01-05 01:20:00,26,1471.7,59.2,3.306,12.71,WARNING,misalignment,0.5479
2025-01-05 01:21:00,26,1487.3,59.21,3.525,12.57,WARNING,misalignment,0.5525
2025-01-05 01:22:00,26,1485.7,60.03,3.379,13.09,WARNING,misalignment,0.5571
2025-01-05 01:23:00,26,1486.1,59.8,3.507,13.23,WARNING,misalignment,0.5616
2025-01-05 01:24:00,26,1492.4,59.7,3.536,13.24,WARNING,misalignment,0.5662
2025-01-05 01:25:00,26,1482.5,59.33,3.596,12.75,WARNING,misalignment,0.5708
2025-01-05 01:26:00,26,1479.0,59.33,3.692,12.56,WARNING,misalignment,0.5753
2025-01-05 01:27:00,26,1486.5,58.97,3.403,13.37,WARNING,misalignment,0.5799
2025-01-05 01:28:00,26,1475.4,58.92,3.568,13.56,WARNING,misalignment,0.5845
2025-01-05 01:29:00,26,1471.3,58.54,3.42,13.36,WARNING,misalignment,0.589
2025-01-05 01:30:00,26,1485.9,59.06,3.639,13.15,WARNING,misalignment,0.5936
2025-01-05 01:31:00,26,1476.0,60.04,3.669,12.89,WARNING,misalignment,0.5982
2025-01-05 01:32:00,26,1474.9,59.95,3.732,12.96,WARNING,misalignment,0.6027
2025-01-05 01:33:00,26,1478.1,59.74,4.101,13.25,WARNING,misalignment,0.6073
2025-01-05 01:34:00,26,1477.8,60.92,3.508,13.24,WARNING,misalignment,0.6119
2025-01-05 01:35:00,26,1481.7,60.91,3.861,13.08,WARNING,misalignment,0.6164
2025-01-05 01:36:00,26,1481.0,61.32,3.657,13.44,WARNING,misalignment,0.621
2025-01-05 01:37:00,26,1482.7,61.25,3.758,13.64,WARNING,misalignment,0.6256
2025-01-05 01:38:00,26,1478.3,60.48,4.003,13.11,WARNING,misalignment,0.6301
2025-01-05 01:39:00,26,1475.7,60.36,3.877,13.73,WARNING,misalignment,0.6347
2025-01-05 01:40:00,26,1489.1,60.18,3.848,13.41,WARNING,misalignment,0.6393
2025-01-05 01:41:00,26,1489.8,61.7,3.845,13.13,WARNING,misalignment,0.6438
2025-01-05 01:42:00,26,1482.0,62.08,4.002,13.9,WARNING,misalignment,0.6484
2025-01-05 01:43:00,26,1484.9,62.09,3.918,13.69,WARNING,misalignment,0.653
2025-01-05 01:44:00,26,1479.9,62.38,3.95,13.42,WARNING,misalignment,0.6575
2025-01-05 01:45:00,26,1482.5,63.39,4.073,13.7,WARNING,misalignment,0.6621
2025-01-05 01:46:00,26,1485.3,63.96,3.947,13.67,WARNING,misalignment,0.6667
2025-01-05 01:47:00,26,1475.3,64.2,4.294,13.38,WARNING,misalignment,0.6712
2025-01-05 01:48:00,26,1480.0,64.42,4.015,13.26,WARNING,misalignment,0.6758
2025-01-05 01:49:00,26,1473.6,65.06,3.832,13.89,WARNING,misalignment,0.6804
2025-01-05 01:50:00,26,1476.7,64.68,4.216,13.81,WARNING,misalignment,0.6849
2025-01-05 01:51:00,26,1486.7,63.78,4.066,13.75,WARNING,misalignment,0.6895
2025-01-05 01:52:00,26,1473.9,63.58,4.288,13.77,WARNING,misalignment,0.6941
2025-01-05 01:53:00,26,1489.5,62.76,4.421,13.75,WARNING,misalignment,0.6986
2025-01-05 01:54:00,26,1479.4,62.34,4.033,13.67,FAULT,misalignment,0.7032
2025-01-05 01:55:00,26,1474.0,61.31,3.839,13.7,FAULT,misalignment,0.7078
2025-01-05 01:56:00,26,1478.4,61.05,4.31,13.48,FAULT,misalignment,0.7123
2025-01-05 01:57:00,26,1479.7,60.86,4.101,13.71,FAULT,misalignment,0.7169
2025-01-05 01:58:00,26,1479.5,62.04,4.198,13.66,FAULT,misalignment,0.7215
2025-01-05 01:59:00,26,1481.0,62.34,4.352,13.51,FAULT,misalignment,0.726
2025-01-05 02:00:00,26,1478.6,62.24,4.302,13.83,FAULT,misalignment,0.7306
2025-01-05 02:01:00,26,1478.0,62.5,4.246,13.54,FAULT,misalignment,0.7352
2025-01-05 02:02:00,26,1478.2,62.36,4.579,14.33,FAULT,misalignment,0.7397
2025-01-05 02:03:00,26,1481.5,62.03,4.531,13.59,FAULT,misalignment,0.7443
2025-01-05 02:04:00,26,1488.7,62.98,4.5,13.73,FAULT,misalignment,0.7489
2025-01-05 02:05:00,26,1483.9,62.82,4.408,13.4,FAULT,misalignment,0.7534
2025-01-05 02:06:00,26,1486.0,63.82,4.548,13.59,FAULT,misalignment,0.758
2025-01-05 02:07:00,26,1479.2,64.76,4.622,13.69,FAULT,misalignment,0.7626
2025-01-05 02:08:00,26,1483.8,64.59,4.495,13.58,FAULT,misalignment,0.7671
2025-01-05 02:09:00,26,1476.4,64.19,4.291,13.69,FAULT,misalignment,0.7717
2025-01-05 02:10:00,26,1477.3,64.12,4.521,13.62,FAULT,misalignment,0.7763
2025-01-05 02:11:00,26,1488.7,63.84,4.668,14.12,FAULT,misalignment,0.7808
2025-01-05 02:12:00,26,1483.9,64.9,4.521,13.45,FAULT,misalignment,0.7854
2025-01-05 02:13:00,26,1476.2,63.73,4.242,13.4,FAULT,misalignment,0.79
2025-01-05 02:14:00,26,1475.2,62.72,4.491,13.57,FAULT,misalignment,0.7945
2025-01-05 02:15:00,26,1486.0,62.72,4.346,13.52,FAULT,misalignment,0.7991
2025-01-05 02:16:00,26,1484.1,62.71,4.74,13.84,FAULT,misalignment,0.8037
2025-01-05 02:17:00,26,1477.7,63.3,4.775,13.79,FAULT,misalignment,0.8082
2025-01-05 02:18:00,26,1481.6,63.59,4.77,13.51,FAULT,misalignment,0.8128
2025-01-05 02:19:00,26,1490.2,63.42,4.715,13.41,FAULT,misalignment,0.8174
2025-01-05 02:20:00,26,1481.9,63.94,4.421,13.46,FAULT,misalignment,0.8219
2025-01-05 02:21:00,26,1477.4,64.11,4.837,14.0,FAULT,misalignment,0.8265
2025-01-05 02:22:00,26,1468.8,63.69,4.589,13.4,FAULT,misalignment,0.8311
2025-01-05 02:23:00,26,1480.5,63.19,4.805,13.74,FAULT,misalignment,0.8356
2025-01-05 02:24:00,26,1479.0,63.39,4.918,13.53,FAULT,misalignment,0.8402
2025-01-05 02:25:00,26,1467.9,63.92,4.92,13.39,FAULT,misalignment,0.8447
2025-01-05 02:26:00,26,1483.6,64.62,4.973,13.5,FAULT,misalignment,0.8493
2025-01-05 02:27:00,26,1485.8,64.23,5.004,13.94,FAULT,misalignment,0.8539
2025-01-05 02:28:00,26,1474.1,62.98,4.98,13.3,FAULT,misalignment,0.8584
2025-01-05 02:29:00,26,1476.7,62.77,5.067,13.37,FAULT,misalignment,0.863
2025-01-05 02:30:00,26,1480.2,62.66,5.054,13.55,FAULT,misalignment,0.8676
2025-01-05 02:31:00,26,1484.4,63.74,4.864,13.24,FAULT,misalignment,0.8721
2025-01-05 02:32:00,26,1474.9,63.4,4.966,13.05,FAULT,misalignment,0.8767
2025-01-05 02:33:00,26,1480.7,63.37,5.236,13.35,FAULT,misalignment,0.8813
2025-01-05 02:34:00,26,1473.8,63.88,5.004,12.96,FAULT,misalignment,0.8858
2025-01-05 02:35:00,26,1484.0,64.39,5.154,13.45,FAULT,misalignment,0.8904
2025-01-05 02:36:00,26,1480.5,64.22,5.44,13.08,FAULT,misalignment,0.895
2025-01-05 02:37:00,26,1477.7,64.98,5.331,12.97,FAULT,misalignment,0.8995
2025-01-05 02:38:00,26,1482.8,64.63,5.559,13.32,FAULT,misalignment,0.9041
2025-01-05 02:39:00,26,1483.3,63.62,5.454,13.15,FAULT,misalignment,0.9087
2025-01-05 02:40:00,26,1470.9,63.12,5.339,13.71,FAULT,misalignment,0.9132
2025-01-05 02:41:00,26,1478.6,64.48,5.252,13.81,FAULT,misalignment,0.9178
2025-01-05 02:42:00,26,1482.1,63.88,5.511,13.55,FAULT,misalignment,0.9224
2025-01-05 02:43:00,26,1483.5,64.58,5.179,13.29,FAULT,misalignment,0.9269
2025-01-05 02:44:00,26,1480.4,63.74,5.603,13.67,FAULT,misalignment,0.9315
2025-01-05 02:45:00,26,1469.1,64.04,5.642,13.65,FAULT,misalignment,0.9361
2025-01-05 02:46:00,26,1482.0,64.03,5.618,13.57,FAULT,misalignment,0.9406
2025-01-05 02:47:00,26,1484.8,64.28,5.41,13.42,FAULT,misalignment,0.9452
2025-01-05 02:48:00,26,1475.7,63.96,5.36,13.93,FAULT,misalignment,0.9498
2025-01-05 02:49:00,26,1481.8,64.48,5.64,13.37,FAULT,misalignment,0.9543
2025-01-05 02:50:00,26,1481.6,64.33,5.388,13.53,FAULT,misalignment,0.9589
2025-01-05 02:51:00,26,1488.7,64.65,5.666,13.24,FAULT,misalignment,0.9635
2025-01-05 02:52:00,26,1475.4,64.35,5.66,13.37,FAULT,misalignment,0.968
2025-01-05 02:53:00,26,1475.8,64.31,6.112,13.47,FAULT,misalignment,0.9726
2025-01-05 02:54:00,26,1477.0,63.96,5.756,13.3,FAULT,misalignment,0.9772
2025-01-05 02:55:00,26,1479.8,63.78,5.683,13.38,FAULT,misalignment,0.9817
2025-01-05 02:56:00,26,1478.0,64.22,5.625,13.35,FAULT,misalignment,0.9863
2025-01-05 02:57:00,26,1491.1,64.19,6.009,14.01,FAULT,misalignment,0.9909
2025-01-05 02:58:00,26,1488.4,64.69,5.818,13.79,FAULT,misalignment,0.9954
2025-01-05 02:59:00,26,1478.3,64.02,5.944,13.69,FAULT,misalignment,1.0
2025-01-05 03:00:00,27,1479.4,55.23,1.87,12.07,NORMAL,imbalance,0.0
2025-01-05 03:01:00,27,1476.2,55.1,1.822,12.0,NORMAL,imbalance,0.0046
2025-01-05 03:02:00,27,1476.6,55.22,1.878,12.14,NORMAL,imbalance,0.0091
2025-01-05 03:03:00,27,1490.3,55.35,1.846,12.38,NORMAL,imbalance,0.0137
2025-01-05 03:04:00,27,1478.2,54.0,1.727,12.16,NORMAL,imbalance,0.0183
2025-01-05 03:05:00,27,1481.4,54.14,1.843,12.07,NORMAL,imbalance,0.0228
2025-01-05 03:06:00,27,1473.7,53.83,1.934,12.07,NORMAL,imbalance,0.0274
2025-01-05 03:07:00,27,1482.7,53.83,1.838,12.08,NORMAL,imbalance,0.032
2025-01-05 03:08:00,27,1480.0,54.05,1.944,12.31,NORMAL,imbalance,0.0365
2025-01-05 03:09:00,27,1484.3,54.34,1.844,12.32,NORMAL,imbalance,0.0411
2025-01-05 03:10:00,27,1482.9,54.97,1.813,11.96,NORMAL,imbalance,0.0457
2025-01-05 03:11:00,27,1487.5,54.84,1.767,12.31,NORMAL,imbalance,0.0502
2025-01-05 03:12:00,27,1484.4,54.81,1.884,13.12,NORMAL,imbalance,0.0548
2025-01-05 03:13:00,27,1487.7,54.96,2.007,12.44,NORMAL,imbalance,0.0594
2025-01-05 03:14:00,27,1480.5,54.64,1.882,12.61,NORMAL,imbalance,0.0639
2025-01-05 03:15:00,27,1479.2,55.24,1.866,11.91,NORMAL,imbalance,0.0685
2025-01-05 03:16:00,27,1485.3,54.54,1.846,12.62,NORMAL,imbalance,0.0731
2025-01-05 03:17:00,27,1480.1,54.78,1.898,12.4,NORMAL,imbalance,0.0776
2025-01-05 03:18:00,27,1479.6,55.63,1.885,12.37,NORMAL,imbalance,0.0822
2025-01-05 03:19:00,27,1477.1,55.8,2.117,12.25,NORMAL,imbalance,0.0868
2025-01-05 03:20:00,27,1482.9,56.1,1.913,12.77,NORMAL,imbalance,0.0913
2025-01-05 03:21:00,27,1479.0,55.8,2.064,12.18,NORMAL,imbalance,0.0959
2025-01-05 03:22:00,27,1482.8,55.77,2.027,12.53,NORMAL,imbalance,0.1005
2025-01-05 03:23:00,27,1478.7,55.38,2.066,12.52,NORMAL,imbalance,0.105
2025-01-05 03:24:00,27,1475.4,55.62,2.111,12.29,NORMAL,imbalance,0.1096
2025-01-05 03:25:00,27,1486.8,55.19,2.039,12.29,NORMAL,imbalance,0.1142
2025-01-05 03:26:00,27,1489.3,55.52,1.915,12.34,NORMAL,imbalance,0.1187
2025-01-05 03:27:00,27,1478.9,55.51,2.066,12.12,NORMAL,imbalance,0.1233
2025-01-05 03:28:00,27,1483.4,55.1,2.088,12.35,NORMAL,imbalance,0.1279
2025-01-05 03:29:00,27,1481.1,55.34,1.926,12.81,NORMAL,imbalance,0.1324
2025-01-05 03:30:00,27,1476.5,54.69,1.961,12.34,NORMAL,imbalance,0.137
2025-01-05 03:31:00,27,1482.5,55.19,1.996,12.6,NORMAL,imbalance,0.1416
2025-01-05 03:32:00,27,1484.8,56.04,2.102,12.78,NORMAL,imbalance,0.1461
2025-01-05 03:33:00,27,1481.3,55.57,2.121,12.35,NORMAL,imbalance,0.1507
2025-01-05 03:34:00,27,1486.4,55.37,2.16,12.66,NORMAL,imbalance,0.1553
2025-01-05 03:35:00,27,1488.1,55.21,2.099,12.28,NORMAL,imbalance,0.1598
2025-01-05 03:36:00,27,1487.9,56.81,2.033,12.29,NORMAL,imbalance,0.1644
2025-01-05 03:37:00,27,1484.7,55.88,2.081,12.2,NORMAL,imbalance,0.1689
2025-01-05 03:38:00,27,1480.5,54.98,2.228,12.84,NORMAL,imbalance,0.1735
2025-01-05 03:39:00,27,1473.4,55.6,2.165,13.15,NORMAL,imbalance,0.1781
2025-01-05 03:40:00,27,1481.9,55.71,2.078,11.91,NORMAL,imbalance,0.1826
2025-01-05 03:41:00,27,1479.5,55.4,2.18,12.33,NORMAL,imbalance,0.1872
2025-01-05 03:42:00,27,1475.1,55.37,2.349,12.19,NORMAL,imbalance,0.1918
2025-01-05 03:43:00,27,1479.8,55.97,2.301,12.19,NORMAL,imbalance,0.1963
2025-01-05 03:44:00,27,1477.1,55.51,2.235,12.79,NORMAL,imbalance,0.2009
2025-01-05 03:45:00,27,1483.6,55.54,2.36,12.44,NORMAL,imbalance,0.2055
2025-01-05 03:46:00,27,1490.6,55.45,2.28,12.4,NORMAL,imbalance,0.21
2025-01-05 03:47:00,27,1480.8,54.48,2.389,12.26,NORMAL,imbalance,0.2146
2025-01-05 03:48:00,27,1482.6,54.71,2.21,12.5,NORMAL,imbalance,0.2192
2025-01-05 03:49:00,27,1484.7,54.73,2.238,12.16,NORMAL,imbalance,0.2237
2025-01-05 03:50:00,27,1472.6,55.46,2.453,11.87,NORMAL,imbalance,0.2283
2025-01-05 03:51:00,27,1482.1,55.69,2.343,12.34,NORMAL,imbalance,0.2329
2025-01-05 03:52:00,27,1478.0,55.24,2.408,12.41,NORMAL,imbalance,0.2374
2025-01-05 03:53:00,27,1481.7,55.61,2.138,11.73,NORMAL,imbalance,0.242
2025-01-05 03:54:00,27,1477.9,55.44,2.328,12.17,NORMAL,imbalance,0.2466
2025-01-05 03:55:00,27,1475.1,55.86,2.267,11.67,NORMAL,imbalance,0.2511
2025-01-05 03:56:00,27,1477.9,56.02,2.543,12.03,NORMAL,imbalance,0.2557
2025-01-05 03:57:00,27,1479.4,55.75,2.468,12.14,NORMAL,imbalance,0.2603
2025-01-05 03:58:00,27,1473.9,56.56,2.558,12.49,NORMAL,imbalance,0.2648
2025-01-05 03:59:00,27,1477.2,56.33,2.425,11.93,NORMAL,imbalance,0.2694
2025-01-05 04:00:00,27,1479.7,56.24,2.416,11.67,NORMAL,imbalance,0.274
2025-01-05 04:01:00,27,1462.3,56.52,2.525,11.78,NORMAL,imbalance,0.2785
2025-01-05 04:02:00,27,1485.2,55.8,2.663,11.91,NORMAL,imbalance,0.2831
2025-01-05 04:03:00,27,1475.9,56.45,2.601,11.56,NORMAL,imbalance,0.2877
2025-01-05 04:04:00,27,1478.3,55.83,2.642,11.5,NORMAL,imbalance,0.2922
2025-01-05 04:05:00,27,1470.5,56.05,2.715,11.88,NORMAL,imbalance,0.2968
2025-01-05 04:06:00,27,1480.3,55.84,2.676,11.82,NORMAL,imbalance,0.3014
2025-01-05 04:07:00,27,1479.5,57.17,2.689,11.99,NORMAL,imbalance,0.3059
2025-01-05 04:08:00,27,1488.4,56.68,2.477,11.82,NORMAL,imbalance,0.3105
2025-01-05 04:09:00,27,1486.4,55.3,2.651,11.95,NORMAL,imbalance,0.3151
2025-01-05 04:10:00,27,1472.4,54.79,2.928,11.83,NORMAL,imbalance,0.3196
2025-01-05 04:11:00,27,1481.2,54.12,2.61,11.72,NORMAL,imbalance,0.3242
2025-01-05 04:12:00,27,1476.1,54.51,2.697,12.05,NORMAL,imbalance,0.3288
2025-01-05 04:13:00,27,1483.2,54.17,2.759,11.96,NORMAL,imbalance,0.3333
2025-01-05 04:14:00,27,1476.3,54.31,2.827,11.67,NORMAL,imbalance,0.3379
2025-01-05 04:15:00,27,1479.2,54.11,2.94,12.05,NORMAL,imbalance,0.3425
2025-01-05 04:16:00,27,1471.2,54.67,2.743,11.48,NORMAL,imbalance,0.347
2025-01-05 04:17:00,27,1484.6,53.99,2.728,11.5,WARNING,imbalance,0.3516
2025-01-05 04:18:00,27,1480.7,54.4,2.858,11.87,WARNING,imbalance,0.3562
2025-01-05 04:19:00,27,1483.1,54.97,2.71,11.51,WARNING,imbalance,0.3607
2025-01-05 04:20:00,27,1477.3,54.69,2.72,11.85,WARNING,imbalance,0.3653
2025-01-05 04:21:00,27,1485.3,55.42,2.923,11.57,WARNING,imbalance,0.3699
2025-01-05 04:22:00,27,1473.5,55.44,3.11,11.47,WARNING,imbalance,0.3744
2025-01-05 04:23:00,27,1480.9,55.19,2.917,11.43,WARNING,imbalance,0.379
2025-01-05 04:24:00,27,1474.9,55.74,3.215,11.49,WARNING,imbalance,0.3836
2025-01-05 04:25:00,27,1485.1,55.73,3.051,11.57,WARNING,imbalance,0.3881
2025-01-05 04:26:00,27,1482.9,54.71,3.042,11.21,WARNING,imbalance,0.3927
2025-01-05 04:27:00,27,1487.5,54.64,2.742,11.65,WARNING,imbalance,0.3973
2025-01-05 04:28:00,27,1480.8,54.8,2.939,11.69,WARNING,imbalance,0.4018
2025-01-05 04:29:00,27,1493.8,54.09,3.111,11.94,WARNING,imbalance,0.4064
2025-01-05 04:30:00,27,1485.1,54.38,3.144,11.67,WARNING,imbalance,0.411
2025-01-05 04:31:00,27,1488.5,54.18,3.17,11.4,WARNING,imbalance,0.4155
2025-01-05 04:32:00,27,1484.1,54.57,3.215,11.22,WARNING,imbalance,0.4201
2025-01-05 04:33:00,27,1474.6,54.51,3.237,11.41,WARNING,imbalance,0.4247
2025-01-05 04:34:00,27,1477.3,55.24,3.392,11.72,WARNING,imbalance,0.4292
2025-01-05 04:35:00,27,1494.5,54.88,3.234,12.0,WARNING,imbalance,0.4338
2025-01-05 04:36:00,27,1486.3,55.2,3.151,11.63,WARNING,imbalance,0.4384
2025-01-05 04:37:00,27,1483.5,55.51,3.116,11.42,WARNING,imbalance,0.4429
2025-01-05 04:38:00,27,1478.2,55.42,3.122,11.63,WARNING,imbalance,0.4475
2025-01-05 04:39:00,27,1480.9,55.02,3.386,11.78,WARNING,imbalance,0.4521
2025-01-05 04:40:00,27,1477.9,54.87,3.46,11.54,WARNING,imbalance,0.4566
2025-01-05 04:41:00,27,1472.5,53.96,3.362,11.78,WARNING,imbalance,0.4612
2025-01-05 04:42:00,27,1474.6,53.23,3.208,11.9,WARNING,imbalance,0.4658
2025-01-05 04:43:00,27,1479.6,53.35,3.505,11.77,WARNING,imbalance,0.4703
2025-01-05 04:44:00,27,1481.7,52.56,3.57,11.71,WARNING,imbalance,0.4749
2025-01-05 04:45:00,27,1485.7,52.03,3.512,11.75,WARNING,imbalance,0.4795
2025-01-05 04:46:00,27,1478.5,52.51,3.369,11.48,WARNING,imbalance,0.484
2025-01-05 04:47:00,27,1477.3,53.12,3.446,11.99,WARNING,imbalance,0.4886
2025-01-05 04:48:00,27,1477.5,53.4,3.449,11.71,WARNING,imbalance,0.4932
2025-01-05 04:49:00,27,1482.9,54.06,3.417,12.21,WARNING,imbalance,0.4977
2025-01-05 04:50:00,27,1466.3,54.53,3.591,12.13,WARNING,imbalance,0.5023
2025-01-05 04:51:00,27,1477.9,55.13,3.596,11.93,WARNING,imbalance,0.5068
2025-01-05 04:52:00,27,1472.9,55.29,3.547,12.32,WARNING,imbalance,0.5114
2025-01-05 04:53:00,27,1487.6,54.82,4.058,11.82,WARNING,imbalance,0.516
2025-01-05 04:54:00,27,1478.7,56.16,3.828,12.27,WARNING,imbalance,0.5205
2025-01-05 04:55:00,27,1479.8,54.92,3.77,11.81,WARNING,imbalance,0.5251
2025-01-05 04:56:00,27,1479.8,54.19,3.568,12.18,WARNING,imbalance,0.5297
2025-01-05 04:57:00,27,1476.3,54.5,3.79,12.14,WARNING,imbalance,0.5342
2025-01-05 04:58:00,27,1489.3,55.6,3.996,11.9,WARNING,imbalance,0.5388
2025-01-05 04:59:00,27,1488.8,55.72,3.785,12.11,WARNING,imbalance,0.5434
2025-01-05 05:00:00,27,1476.8,56.07,3.751,12.45,WARNING,imbalance,0.5479
2025-01-05 05:01:00,27,1477.2,56.08,3.722,11.96,WARNING,imbalance,0.5525
2025-01-05 05:02:00,27,1484.6,56.28,3.756,12.4,WARNING,imbalance,0.5571
2025-01-05 05:03:00,27,1480.7,55.66,4.051,12.41,WARNING,imbalance,0.5616
2025-01-05 05:04:00,27,1474.6,56.53,3.897,12.32,WARNING,imbalance,0.5662
2025-01-05 05:05:00,27,1480.3,56.33,4.203,12.08,WARNING,imbalance,0.5708
2025-01-05 05:06:00,27,1478.5,55.05,3.863,12.57,WARNING,imbalance,0.5753
2025-01-05 05:07:00,27,1477.5,55.9,4.176,12.23,WARNING,imbalance,0.5799
2025-01-05 05:08:00,27,1491.0,57.3,4.046,12.62,WARNING,imbalance,0.5845
2025-01-05 05:09:00,27,1482.0,57.89,4.053,12.58,WARNING,imbalance,0.589
2025-01-05 05:10:00,27,1479.8,57.67,4.015,12.81,WARNING,imbalance,0.5936
2025-01-05 05:11:00,27,1486.0,57.2,4.152,12.86,WARNING,imbalance,0.5982
2025-01-05 05:12:00,27,1475.7,57.3,4.268,12.14,WARNING,imbalance,0.6027
2025-01-05 05:13:00,27,1487.7,57.94,3.897,12.54,WARNING,imbalance,0.6073
2025-01-05 05:14:00,27,1479.9,57.47,4.052,12.4,WARNING,imbalance,0.6119
2025-01-05 05:15:00,27,1480.3,57.73,4.178,12.36,WARNING,imbalance,0.6164
2025-01-05 05:16:00,27,1487.9,58.52,4.297,12.84,WARNING,imbalance,0.621
2025-01-05 05:17:00,27,1477.1,57.66,4.316,12.42,WARNING,imbalance,0.6256
2025-01-05 05:18:00,27,1481.8,56.9,4.138,12.66,WARNING,imbalance,0.6301
2025-01-05 05:19:00,27,1480.9,56.85,4.083,12.72,WARNING,imbalance,0.6347
2025-01-05 05:20:00,27,1477.6,57.06,4.532,12.49,WARNING,imbalance,0.6393
2025-01-05 05:21:00,27,1479.0,57.61,4.463,12.84,WARNING,imbalance,0.6438
2025-01-05 05:22:00,27,1477.7,57.3,4.602,12.37,WARNING,imbalance,0.6484
2025-01-05 05:23:00,27,1479.4,57.86,4.605,12.31,WARNING,imbalance,0.653
2025-01-05 05:24:00,27,1479.7,57.49,4.397,12.89,WARNING,imbalance,0.6575
2025-01-05 05:25:00,27,1491.4,58.36,4.465,12.66,WARNING,imbalance,0.6621
2025-01-05 05:26:00,27,1480.9,58.11,4.714,12.14,WARNING,imbalance,0.6667
2025-01-05 05:27:00,27,1482.0,58.46,4.725,12.83,WARNING,imbalance,0.6712
2025-01-05 05:28:00,27,1485.3,59.14,4.655,12.11,WARNING,imbalance,0.6758
2025-01-05 05:29:00,27,1475.8,59.03,4.657,12.69,WARNING,imbalance,0.6804
2025-01-05 05:30:00,27,1474.5,59.33,4.314,12.4,WARNING,imbalance,0.6849
2025-01-05 05:31:00,27,1472.8,58.66,4.517,12.76,WARNING,imbalance,0.6895
2025-01-05 05:32:00,27,1477.3,58.08,4.705,12.72,WARNING,imbalance,0.6941
2025-01-05 05:33:00,27,1480.7,58.22,4.787,12.33,WARNING,imbalance,0.6986
2025-01-05 05:34:00,27,1476.4,58.15,4.769,12.83,FAULT,imbalance,0.7032
2025-01-05 05:35:00,27,1484.6,58.38,4.911,12.87,FAULT,imbalance,0.7078
2025-01-05 05:36:00,27,1485.5,57.98,4.872,12.22,FAULT,imbalance,0.7123
2025-01-05 05:37:00,27,1478.9,57.63,4.82,12.72,FAULT,imbalance,0.7169
2025-01-05 05:38:00,27,1490.0,57.4,4.846,12.62,FAULT,imbalance,0.7215
2025-01-05 05:39:00,27,1475.0,57.5,4.871,12.62,FAULT,imbalance,0.726
2025-01-05 05:40:00,27,1488.3,58.04,4.9,12.58,FAULT,imbalance,0.7306
2025-01-05 05:41:00,27,1479.1,57.45,5.046,12.27,FAULT,imbalance,0.7352
2025-01-05 05:42:00,27,1480.6,57.65,4.94,12.38,FAULT,imbalance,0.7397
2025-01-05 05:43:00,27,1481.0,57.86,4.885,12.44,FAULT,imbalance,0.7443
2025-01-05 05:44:00,27,1474.9,57.92,4.933,12.68,FAULT,imbalance,0.7489
2025-01-05 05:45:00,27,1477.6,57.91,4.909,12.28,FAULT,imbalance,0.7534
2025-01-05 05:46:00,27,1490.1,58.32,5.201,12.19,FAULT,imbalance,0.758
2025-01-05 05:47:00,27,1476.2,59.33,5.129,12.35,FAULT,imbalance,0.7626
2025-01-05 05:48:00,27,1474.3,59.54,5.216,12.31,FAULT,imbalance,0.7671
2025-01-05 05:49:00,27,1481.5,59.0,5.417,12.64,FAULT,imbalance,0.7717
2025-01-05 05:50:00,27,1494.6,58.99,5.321,12.31,FAULT,imbalance,0.7763
2025-01-05 05:51:00,27,1483.2,59.36,5.359,12.55,FAULT,imbalance,0.7808
2025-01-05 05:52:00,27,1484.3,60.17,5.124,12.93,FAULT,imbalance,0.7854
2025-01-05 05:53:00,27,1484.0,59.71,5.318,12.4,FAULT,imbalance,0.79
2025-01-05 05:54:00,27,1479.0,60.06,4.934,12.74,FAULT,imbalance,0.7945
2025-01-05 05:55:00,27,1471.6,59.67,5.538,12.34,FAULT,imbalance,0.7991
2025-01-05 05:56:00,27,1482.5,59.47,5.074,12.31,FAULT,imbalance,0.8037
2025-01-05 05:57:00,27,1480.4,59.79,5.175,12.4,FAULT,imbalance,0.8082
2025-01-05 05:58:00,27,1482.0,59.06,5.42,12.94,FAULT,imbalance,0.8128
2025-01-05 05:59:00,27,1483.9,59.1,5.541,12.75,FAULT,imbalance,0.8174
2025-01-05 06:00:00,27,1483.0,58.5,5.623,11.96,FAULT,imbalance,0.8219
2025-01-05 06:01:00,27,1478.6,58.31,5.741,12.26,FAULT,imbalance,0.8265
2025-01-05 06:02:00,27,1486.9,57.0,5.204,11.85,FAULT,imbalance,0.8311
2025-01-05 06:03:00,27,1486.0,57.08,5.6,12.4,FAULT,imbalance,0.8356
2025-01-05 06:04:00,27,1485.1,57.33,5.626,12.23,FAULT,imbalance,0.8402
2025-01-05 06:05:00,27,1481.7,57.37,6.013,11.7,FAULT,imbalance,0.8447
2025-01-05 06:06:00,27,1481.0,57.17,5.723,11.99,FAULT,imbalance,0.8493
2025-01-05 06:07:00,27,1487.7,57.53,5.731,12.67,FAULT,imbalance,0.8539
2025-01-05 06:08:00,27,1478.6,58.24,5.887,12.07,FAULT,imbalance,0.8584
2025-01-05 06:09:00,27,1474.2,58.58,5.448,12.11,FAULT,imbalance,0.863
2025-01-05 06:10:00,27,1481.4,57.71,5.976,12.13,FAULT,imbalance,0.8676
2025-01-05 06:11:00,27,1481.4,57.06,6.139,12.03,FAULT,imbalance,0.8721
2025-01-05 06:12:00,27,1478.3,56.18,6.018,12.41,FAULT,imbalance,0.8767
2025-01-05 06:13:00,27,1481.8,56.7,5.746,12.07,FAULT,imbalance,0.8813
2025-01-05 06:14:00,27,1478.8,56.76,6.098,12.21,FAULT,imbalance,0.8858
2025-01-05 06:15:00,27,1473.3,57.18,6.295,12.12,FAULT,imbalance,0.8904
2025-01-05 06:16:00,27,1476.5,57.19,6.237,12.41,FAULT,imbalance,0.895
2025-01-05 06:17:00,27,1480.5,56.72,5.844,11.7,FAULT,imbalance,0.8995
2025-01-05 06:18:00,27,1480.7,56.41,6.027,11.96,FAULT,imbalance,0.9041
2025-01-05 06:19:00,27,1479.2,55.78,5.931,11.9,FAULT,imbalance,0.9087
2025-01-05 06:20:00,27,1480.8,55.23,6.105,11.89,FAULT,imbalance,0.9132
2025-01-05 06:21:00,27,1483.3,54.65,6.133,11.89,FAULT,imbalance,0.9178
2025-01-05 06:22:00,27,1473.8,55.36,6.146,12.17,FAULT,imbalance,0.9224
2025-01-05 06:23:00,27,1480.6,55.84,6.065,11.54,FAULT,imbalance,0.9269
2025-01-05 06:24:00,27,1483.5,55.77,6.34,12.24,FAULT,imbalance,0.9315
2025-01-05 06:25:00,27,1480.9,56.79,5.963,11.86,FAULT,imbalance,0.9361
2025-01-05 06:26:00,27,1474.8,56.58,6.544,12.16,FAULT,imbalance,0.9406
2025-01-05 06:27:00,27,1482.3,57.14,6.739,11.86,FAULT,imbalance,0.9452
2025-01-05 06:28:00,27,1471.1,56.56,6.559,11.93,FAULT,imbalance,0.9498
2025-01-05 06:29:00,27,1475.2,57.29,6.594,11.72,FAULT,imbalance,0.9543
2025-01-05 06:30:00,27,1481.6,57.51,6.507,11.76,FAULT,imbalance,0.9589
2025-01-05 06:31:00,27,1484.0,58.17,6.647,11.7,FAULT,imbalance,0.9635
2025-01-05 06:32:00,27,1483.3,58.37,6.648,11.83,FAULT,imbalance,0.968
2025-01-05 06:33:00,27,1470.8,58.4,6.65,12.22,FAULT,imbalance,0.9726
2025-01-05 06:34:00,27,1480.4,58.23,6.496,11.94,FAULT,imbalance,0.9772
2025-01-05 06:35:00,27,1486.5,57.88,6.469,11.72,FAULT,imbalance,0.9817
2025-01-05 06:36:00,27,1489.2,56.85,6.655,11.7,FAULT,imbalance,0.9863
2025-01-05 06:37:00,27,1475.4,56.7,6.852,11.98,FAULT,imbalance,0.9909
2025-01-05 06:38:00,27,1477.0,57.48,7.192,12.53,FAULT,imbalance,0.9954
2025-01-05 06:39:00,27,1487.8,57.42,7.207,12.43,FAULT,imbalance,1.0
